order_id,order_date,region,sales_channel,product_name,qty_sold,unit_price,discount_percent,cogs_per_unit,sales_rep,year,month,quarter,gross_revenue,discount_amount,net_revenue,total_cogs,gross_profit,gross_margin_percent
BT-00092,2023-01-01,West,Online,Matte Lipstick,52,310.0,34.2,94.18,Nidhi C,2023,January,1,16120.0,5513.040000000001,10606.96,4897.360000000001,5709.5999999999985,53.82880674575938
BT-00531,2023-01-01,North,Modern Trade,BB Cream 30ml,4,560.0,8.6,231.9,Anjali M,2023,January,1,2240.0,192.64,2047.3600000000001,927.6,1119.7600000000002,54.69287277274149
BT-00761,2023-01-01,Central,Salon Wholesale,Nail Polish Set (12pc),57,620.0,6.0,287.12,Sunita P,2023,January,1,35340.0,2120.4,33219.6,16365.84,16853.76,50.73438572409059
BT-00770,2023-01-01,East,General Trade,Mascara,21,560.0,7.5,209.61,Sneha B,2023,January,1,11760.0,882.0,10878.0,4401.81,6476.19,59.534749034749034
BT-00806,2023-01-01,West,Salon Wholesale,Vitamin C Face Serum 30ml,8,770.0,26.1,231.15,Rahul D,2023,January,1,6160.0,1607.76,4552.24,1849.2,2703.04,59.37824016308455
BT-02772,2023-01-01,North,Pharmacy,Lip Gloss,5,270.0,9.3,82.22,Deepa S,2023,January,1,1350.0,125.55000000000001,1224.45,411.1,813.35,66.42574216995386
BT-02809,2023-01-01,West,Online,Blush Palette,42,800.0,25.8,381.28,Rahul D,2023,January,1,33600.0,8668.800000000001,24931.199999999997,16013.759999999998,8917.439999999999,35.76819407008086
BT-03092,2023-01-01,East,General Trade,Face Wash 100ml,23,240.0,7.5,60.72,Meena G,2023,January,1,5520.0,414.0,5106.0,1396.56,3709.44,72.64864864864865
BT-03484,2023-01-01,North,General Trade,Under Eye Cream 15ml,26,810.0,8.4,295.65,Rohit K,2023,January,1,21060.0,1769.0400000000002,19290.96,7686.9,11604.06,60.1528384279476
BT-03523,2023-01-01,Central,Online,Hydrating Moisturiser 50ml,37,390.0,12.2,142.51,Suresh K,2023,January,1,14430.0,1760.46,12669.54,5272.87,7396.670000000001,58.38151977104141
BT-03620,2023-01-01,South,Pharmacy,Mascara,48,450.0,19.2,186.21,Anand V,2023,January,1,21600.0,4147.2,17452.8,8938.08,8514.72,48.78712871287129
BT-03797,2023-01-01,South,Online,Nail Polish Set (12pc),53,500.0,20.2,231.5,Anand V,2023,January,1,26500.0,5353.0,21147.0,12269.5,8877.5,41.97994987468672
BT-03934,2023-01-01,Central,Online,Vitamin C Face Serum 30ml,53,650.0,12.4,229.38,Suresh K,2023,January,1,34450.0,4271.8,30178.2,12157.14,18021.06,59.7154899894626
BT-04323,2023-01-01,West,Modern Trade,Blush Palette,6,560.0,34.8,264.66,Priya S,2023,January,1,3360.0,1169.28,2190.7200000000003,1587.96,602.7600000000002,27.514241893076257
BT-04790,2023-01-01,West,Modern Trade,Face Wash 100ml,43,270.0,33.1,81.16,Priya S,2023,January,1,11610.0,3842.9100000000003,7767.09,3489.8799999999997,4277.210000000001,55.068371809776906
BT-00075,2023-01-02,West,Modern Trade,Lip Gloss,33,290.0,34.5,98.08,Priya S,2023,January,1,9570.0,3301.6499999999996,6268.35,3236.64,3031.7100000000005,48.36535930508029
BT-00469,2023-01-02,South,Online,Under Eye Cream 15ml,52,870.0,12.5,289.36,Anand V,2023,January,1,45240.0,5655.0,39585.0,15046.720000000001,24538.28,61.988834154351395
BT-00503,2023-01-02,North,Pharmacy,Face Wash 100ml,56,260.0,7.1,74.0,Anjali M,2023,January,1,14560.0,1033.76,13526.24,4144.0,9382.24,69.3632524633601
BT-01470,2023-01-02,East,Pharmacy,Under Eye Cream 15ml,57,840.0,7.0,277.2,Meena G,2023,January,1,47880.0,3351.6000000000004,44528.4,15800.4,28728.0,64.51612903225806
BT-01555,2023-01-02,West,Pharmacy,Vitamin C Face Serum 30ml,19,480.0,35.4,135.6,Priya S,2023,January,1,9120.0,3228.48,5891.52,2576.4,3315.1200000000003,56.26934984520125
BT-01556,2023-01-02,West,Modern Trade,Face Wash 100ml,56,270.0,42.4,78.97,Priya S,2023,January,1,15120.0,6410.88,8709.119999999999,4422.32,4286.799999999999,49.22196502057613
BT-01623,2023-01-02,East,Pharmacy,Micellar Cleansing Water,18,380.0,10.4,116.13,Meena G,2023,January,1,6840.0,711.36,6128.64,2090.34,4038.3,65.8922697368421
BT-02347,2023-01-02,North,Pharmacy,Face Wash 100ml,35,180.0,4.2,57.65,Deepa S,2023,January,1,6300.0,264.6,6035.4,2017.75,4017.6499999999996,66.56808165158895
BT-02916,2023-01-02,Central,Online,Matte Lipstick,18,340.0,6.4,132.43,Sunita P,2023,January,1,6120.0,391.68,5728.32,2383.7400000000002,3344.5799999999995,58.38675213675213
BT-03238,2023-01-02,North,Salon Wholesale,Kajal Eye Pencil,59,220.0,12.1,67.69,Anjali M,2023,January,1,12980.0,1570.58,11409.42,3993.71,7415.71,64.9963801840935
BT-03303,2023-01-02,Central,Modern Trade,Kajal Eye Pencil,30,180.0,5.4,53.06,Sunita P,2023,January,1,5400.0,291.6,5108.4,1591.8000000000002,3516.5999999999995,68.83955837444209
BT-03878,2023-01-02,South,Modern Trade,Matte Lipstick,54,350.0,20.9,121.73,Priya R,2023,January,1,18900.0,3950.1,14949.9,6573.42,8376.48,56.03034134007585
BT-04651,2023-01-02,Central,Modern Trade,SPF 50 Sunscreen 100g,60,320.0,7.2,139.14,Vikram N,2023,January,1,19200.0,1382.4,17817.6,8348.4,9469.199999999999,53.1452047413793
BT-04829,2023-01-02,North,Online,BB Cream 30ml,25,640.0,10.3,223.74,Deepa S,2023,January,1,16000.0,1648.0000000000002,14352.0,5593.5,8758.5,61.02633779264214
BT-00383,2023-01-03,Central,Modern Trade,Under Eye Cream 15ml,14,640.0,11.1,180.16,Suresh K,2023,January,1,8960.0,994.5600000000001,7965.44,2522.24,5443.2,68.33520809898764
BT-00593,2023-01-03,South,Modern Trade,Matte Lipstick,13,340.0,15.4,126.17,Anand V,2023,January,1,4420.0,680.68,3739.32,1640.21,2099.11,56.1361424002225
BT-01239,2023-01-03,Central,Salon Wholesale,Nail Polish Set (12pc),59,590.0,10.0,230.51,Sunita P,2023,January,1,34810.0,3481.0,31329.0,13600.09,17728.91,56.589453860640305
BT-01272,2023-01-03,East,Online,Compact Powder,11,450.0,15.5,179.95,Sneha B,2023,January,1,4950.0,767.25,4182.75,1979.4499999999998,2203.3,52.6758711374096
BT-01418,2023-01-03,North,General Trade,BB Cream 30ml,35,500.0,10.6,204.7,Anjali M,2023,January,1,17500.0,1855.0,15645.0,7164.5,8480.5,54.205816554809836
BT-01949,2023-01-03,North,Online,Rose Water Toner 200ml,29,250.0,8.0,68.42,Deepa S,2023,January,1,7250.0,580.0,6670.0,1984.18,4685.82,70.25217391304346
BT-02371,2023-01-03,Central,General Trade,Rose Water Toner 200ml,24,290.0,10.6,80.19,Sunita P,2023,January,1,6960.0,737.76,6222.24,1924.56,4297.68,69.069659800972
BT-04168,2023-01-03,Central,Salon Wholesale,Face Wash 100ml,57,310.0,4.3,91.73,Sunita P,2023,January,1,17670.0,759.81,16910.19,5228.610000000001,11681.579999999998,69.08012269525061
BT-04989,2023-01-03,East,Online,BB Cream 30ml,53,570.0,14.5,229.82,Meena G,2023,January,1,30210.0,4380.45,25829.55,12180.46,13649.09,52.842926028521596
BT-00333,2023-01-04,West,Modern Trade,Mascara,34,500.0,30.1,207.05,Priya S,2023,January,1,17000.0,5117.0,11883.0,7039.700000000001,4843.299999999999,40.75822603719599
BT-00370,2023-01-04,West,General Trade,Lip Gloss,23,270.0,28.0,76.03,Rahul D,2023,January,1,6210.0,1738.8000000000002,4471.2,1748.69,2722.5099999999998,60.88991769547325
BT-00423,2023-01-04,West,Modern Trade,Hydrating Moisturiser 50ml,45,390.0,32.8,142.74,Nidhi C,2023,January,1,17550.0,5756.4,11793.6,6423.3,5370.3,45.535714285714285
BT-00526,2023-01-04,Central,Modern Trade,Night Repair Cream 50ml,17,790.0,6.8,322.4,Sunita P,2023,January,1,13430.0,913.24,12516.76,5480.799999999999,7035.960000000001,56.21231053403597
BT-02106,2023-01-04,South,Modern Trade,Micellar Cleansing Water,19,460.0,12.6,135.01,Anand V,2023,January,1,8740.0,1101.24,7638.76,2565.1899999999996,5073.570000000001,66.41876430205951
BT-02795,2023-01-04,East,Online,Compact Powder,36,450.0,12.0,175.19,Pooja N,2023,January,1,16200.0,1944.0,14256.0,6306.84,7949.16,55.760101010101
BT-02987,2023-01-04,North,Salon Wholesale,Matte Lipstick,35,430.0,11.2,147.23,Anjali M,2023,January,1,15050.0,1685.6,13364.4,5153.049999999999,8211.35,61.44196522103499
BT-04028,2023-01-04,East,Modern Trade,Face Wash 100ml,37,220.0,7.2,56.12,Sneha B,2023,January,1,8140.0,586.08,7553.92,2076.44,5477.48,72.51175548589342
BT-04213,2023-01-04,Central,Pharmacy,Hydrating Moisturiser 50ml,51,350.0,8.5,114.1,Vikram N,2023,January,1,17850.0,1517.25,16332.75,5819.099999999999,10513.650000000001,64.37158469945356
BT-04319,2023-01-04,Central,Online,Face Wash 100ml,8,290.0,12.6,78.76,Suresh K,2023,January,1,2320.0,292.32,2027.68,630.08,1397.6,68.9260632841474
BT-04556,2023-01-04,West,General Trade,BB Cream 30ml,5,480.0,36.7,165.74,Nidhi C,2023,January,1,2400.0,880.8000000000001,1519.1999999999998,828.7,690.4999999999998,45.45155344918378
BT-04747,2023-01-04,East,Salon Wholesale,Eyeshadow Palette 9-shade,30,820.0,8.1,342.84,Pooja N,2023,January,1,24600.0,1992.6000000000001,22607.4,10285.199999999999,12322.200000000003,54.50516202659307
BT-00584,2023-01-05,Central,General Trade,Mascara,30,440.0,10.4,185.2,Vikram N,2023,January,1,13200.0,1372.8000000000002,11827.2,5556.0,6271.200000000001,53.023538961038966
BT-00942,2023-01-05,West,Modern Trade,Hair Oil 200ml,23,320.0,38.9,108.74,Nidhi C,2023,January,1,7360.0,2863.04,4496.96,2501.02,1995.94,44.3842062193126
BT-01208,2023-01-05,East,Online,Night Repair Cream 50ml,37,740.0,11.0,262.03,Meena G,2023,January,1,27380.0,3011.8,24368.2,9695.109999999999,14673.090000000002,60.21409049498938
BT-01461,2023-01-05,Central,Modern Trade,Face Wash 100ml,48,260.0,10.6,72.96,Vikram N,2023,January,1,12480.0,1322.8799999999999,11157.12,3502.08,7655.040000000001,68.61125451729478
BT-02518,2023-01-05,South,General Trade,Hydrating Moisturiser 50ml,45,530.0,27.7,160.22,Kiran T,2023,January,1,23850.0,6606.449999999999,17243.550000000003,7209.9,10033.650000000003,58.187844150421476
BT-03030,2023-01-05,North,Online,Nail Polish Set (12pc),44,510.0,6.3,217.0,Deepa S,2023,January,1,22440.0,1413.72,21026.28,9548.0,11478.279999999999,54.59016050390273
BT-03805,2023-01-05,West,Modern Trade,Compact Powder,47,390.0,37.6,149.84,Priya S,2023,January,1,18330.0,6892.08,11437.92,7042.4800000000005,4395.44,38.42866535174227
BT-04299,2023-01-05,West,Modern Trade,Blush Palette,11,650.0,29.3,276.77,Priya S,2023,January,1,7150.0,2094.95,5055.05,3044.47,2010.5800000000004,39.77369165487978
BT-04652,2023-01-05,North,Salon Wholesale,Eyeshadow Palette 9-shade,44,610.0,7.4,271.57,Rohit K,2023,January,1,26840.0,1986.1600000000003,24853.84,11949.08,12904.76,51.92260029033743
BT-04670,2023-01-05,East,Salon Wholesale,BB Cream 30ml,58,550.0,12.6,224.51,Meena G,2023,January,1,31900.0,4019.4,27880.6,13021.58,14859.019999999999,53.295194508009146
BT-04830,2023-01-05,South,Online,Micellar Cleansing Water,2,360.0,21.0,120.74,Anand V,2023,January,1,720.0,151.2,568.8,241.48,327.31999999999994,57.545710267229246
BT-04903,2023-01-05,East,General Trade,Blush Palette,58,490.0,14.2,231.13,Meena G,2023,January,1,28420.0,4035.6399999999994,24384.36,13405.539999999999,10978.820000000002,45.02402359545217
BT-00224,2023-01-06,East,Online,Rose Water Toner 200ml,5,220.0,10.5,62.79,Pooja N,2023,January,1,1100.0,115.5,984.5,313.95,670.55,68.11071609954291
BT-00633,2023-01-06,South,Pharmacy,Mascara,44,550.0,19.9,213.29,Anand V,2023,January,1,24200.0,4815.799999999999,19384.2,9384.76,9999.44,51.58551810237204
BT-00938,2023-01-06,North,Modern Trade,BB Cream 30ml,48,490.0,12.0,164.3,Anjali M,2023,January,1,23520.0,2822.4,20697.6,7886.400000000001,12811.199999999997,61.89703153988867
BT-01111,2023-01-06,North,Pharmacy,Kajal Eye Pencil,43,190.0,10.4,55.95,Deepa S,2023,January,1,8170.0,849.6800000000001,7320.32,2405.85,4914.469999999999,67.1346334586466
BT-01115,2023-01-06,South,Modern Trade,Hydrating Moisturiser 50ml,22,550.0,24.4,199.87,Kiran T,2023,January,1,12100.0,2952.4,9147.6,4397.14,4750.46,51.93121693121693
BT-01491,2023-01-06,Central,Modern Trade,Mascara,25,420.0,13.0,173.96,Suresh K,2023,January,1,10500.0,1365.0,9135.0,4349.0,4786.0,52.391899288451015
BT-01839,2023-01-06,North,Online,Night Repair Cream 50ml,31,760.0,9.6,317.15,Rohit K,2023,January,1,23560.0,2261.76,21298.239999999998,9831.65,11466.589999999998,53.838204471355375
BT-02867,2023-01-06,East,Salon Wholesale,Mascara,3,510.0,12.7,195.89,Meena G,2023,January,1,1530.0,194.31,1335.69,587.67,748.0200000000001,56.002515553758734
BT-02910,2023-01-06,East,Pharmacy,Nail Polish Set (12pc),33,460.0,13.0,187.59,Meena G,2023,January,1,15180.0,1973.4,13206.6,6190.47,7016.13,53.12593703148426
BT-02960,2023-01-06,South,Pharmacy,Night Repair Cream 50ml,20,900.0,24.7,360.99,Anand V,2023,January,1,18000.0,4446.0,13554.0,7219.8,6334.2,46.733067729083665
BT-03014,2023-01-06,East,Online,Kajal Eye Pencil,36,170.0,7.0,53.21,Pooja N,2023,January,1,6120.0,428.40000000000003,5691.6,1915.56,3776.0400000000004,66.34408602150538
BT-03214,2023-01-06,Central,Pharmacy,Night Repair Cream 50ml,36,860.0,9.5,342.8,Suresh K,2023,January,1,30960.0,2941.2,28018.8,12340.800000000001,15677.999999999998,55.95528716433251
BT-03652,2023-01-06,South,Pharmacy,Hair Serum 100ml,29,530.0,12.5,209.03,Anand V,2023,January,1,15370.0,1921.25,13448.75,6061.87,7386.88,54.92614555256065
BT-04605,2023-01-06,East,Pharmacy,Perfume 100ml EDP,34,2580.0,11.5,1072.76,Meena G,2023,January,1,87720.0,10087.800000000001,77632.2,36473.84,41158.36,53.01712433758158
BT-04643,2023-01-06,North,Salon Wholesale,Hair Oil 200ml,22,310.0,8.5,119.2,Deepa S,2023,January,1,6820.0,579.7,6240.3,2622.4,3617.9,57.97637934073683
BT-04851,2023-01-06,Central,General Trade,Rose Water Toner 200ml,6,240.0,6.2,71.18,Vikram N,2023,January,1,1440.0,89.28,1350.72,427.08000000000004,923.64,68.38130774697939
BT-00016,2023-01-07,South,Modern Trade,SPF 50 Sunscreen 100g,33,540.0,20.6,204.23,Priya R,2023,January,1,17820.0,3670.92,14149.08,6739.589999999999,7409.490000000001,52.36729172497435
BT-00386,2023-01-07,Central,Salon Wholesale,Lip Gloss,3,330.0,8.5,118.47,Sunita P,2023,January,1,990.0,84.15,905.85,355.40999999999997,550.44,60.76502732240437
BT-00548,2023-01-07,North,General Trade,Nail Polish Set (12pc),47,460.0,11.4,220.34,Anjali M,2023,January,1,21620.0,2464.6800000000003,19155.32,10355.98,8799.34,45.93679458239278
BT-00819,2023-01-07,West,General Trade,Nail Polish Set (12pc),3,410.0,28.9,173.14,Priya S,2023,January,1,1230.0,355.46999999999997,874.53,519.42,355.11,40.605811121402354
BT-01194,2023-01-07,South,General Trade,BB Cream 30ml,36,630.0,19.6,232.28,Anand V,2023,January,1,22680.0,4445.28,18234.72,8362.08,9872.640000000001,54.14198847034668
BT-02111,2023-01-07,East,Salon Wholesale,Kajal Eye Pencil,36,170.0,8.1,49.45,Meena G,2023,January,1,6120.0,495.72,5624.28,1780.2,3844.08,68.34794853741279
BT-02151,2023-01-07,North,Online,Blush Palette,15,740.0,5.2,292.97,Deepa S,2023,January,1,11100.0,577.2,10522.8,4394.55,6128.249999999999,58.23782643402896
BT-02270,2023-01-07,South,Pharmacy,Hydrating Moisturiser 50ml,48,410.0,18.6,150.8,Kiran T,2023,January,1,19680.0,3660.4800000000005,16019.52,7238.400000000001,8781.119999999999,54.81512554683285
BT-02554,2023-01-07,Central,Salon Wholesale,Hydrating Moisturiser 50ml,22,430.0,9.4,147.88,Suresh K,2023,January,1,9460.0,889.24,8570.76,3253.3599999999997,5317.400000000001,62.041172544791834
BT-02769,2023-01-07,East,Salon Wholesale,SPF 50 Sunscreen 100g,14,430.0,14.8,188.25,Meena G,2023,January,1,6020.0,890.9600000000002,5129.04,2635.5,2493.54,48.61611529642974
BT-02811,2023-01-07,Central,Salon Wholesale,BB Cream 30ml,60,700.0,12.9,287.84,Vikram N,2023,January,1,42000.0,5418.0,36582.0,17270.399999999998,19311.600000000002,52.7898966704937
BT-02969,2023-01-07,Central,Salon Wholesale,Kajal Eye Pencil,18,220.0,6.2,74.32,Suresh K,2023,January,1,3960.0,245.52,3714.48,1337.7599999999998,2376.7200000000003,63.985268462880406
BT-03593,2023-01-07,East,Salon Wholesale,Mascara,51,380.0,6.8,157.59,Sneha B,2023,January,1,19380.0,1317.8400000000001,18062.16,8037.09,10025.07,55.503162412468946
BT-03729,2023-01-07,Central,Salon Wholesale,Under Eye Cream 15ml,12,590.0,6.3,175.17,Vikram N,2023,January,1,7080.0,446.04,6633.96,2102.04,4531.92,68.31394823001646
BT-03837,2023-01-07,East,Online,Hair Oil 200ml,50,230.0,6.5,87.7,Pooja N,2023,January,1,11500.0,747.5,10752.5,4385.0,6367.5,59.21878632876075
BT-04416,2023-01-07,East,General Trade,Nail Polish Set (12pc),30,660.0,7.6,259.31,Sneha B,2023,January,1,19800.0,1504.8,18295.2,7779.3,10515.900000000001,57.4790108881018
BT-04516,2023-01-07,South,General Trade,Micellar Cleansing Water,16,360.0,15.0,107.53,Anand V,2023,January,1,5760.0,864.0,4896.0,1720.48,3175.52,64.859477124183
BT-04664,2023-01-07,East,General Trade,Night Repair Cream 50ml,45,830.0,4.1,338.97,Pooja N,2023,January,1,37350.0,1531.35,35818.65,15253.650000000001,20565.0,57.414224154176665
BT-04977,2023-01-07,Central,Pharmacy,Lip Gloss,42,270.0,6.5,85.27,Vikram N,2023,January,1,11340.0,737.1,10602.9,3581.3399999999997,7021.5599999999995,66.22301445830857
BT-00160,2023-01-08,East,Pharmacy,Nail Polish Set (12pc),12,460.0,7.6,209.02,Sneha B,2023,January,1,5520.0,419.52,5100.48,2508.2400000000002,2592.2399999999993,50.82345191040842
BT-00200,2023-01-08,South,Pharmacy,Blush Palette,44,480.0,27.4,213.89,Kiran T,2023,January,1,21120.0,5786.879999999999,15333.12,9411.16,5921.960000000001,38.62201561065198
BT-00462,2023-01-08,Central,Online,Blush Palette,8,800.0,8.9,367.28,Vikram N,2023,January,1,6400.0,569.6,5830.4,2938.24,2892.16,49.60482985729967
BT-01932,2023-01-08,Central,Salon Wholesale,Matte Lipstick,10,350.0,6.7,111.83,Suresh K,2023,January,1,3500.0,234.5,3265.5,1118.3,2147.2,65.75409585055887
BT-02042,2023-01-08,Central,General Trade,Lip Gloss,32,220.0,9.0,69.48,Sunita P,2023,January,1,7040.0,633.6,6406.4,2223.36,4183.039999999999,65.29470529470528
BT-02133,2023-01-08,East,General Trade,Kajal Eye Pencil,55,230.0,12.5,75.78,Sneha B,2023,January,1,12650.0,1581.25,11068.75,4167.9,6900.85,62.345341614906836
BT-04219,2023-01-08,Central,Online,SPF 50 Sunscreen 100g,21,580.0,5.7,208.63,Vikram N,2023,January,1,12180.0,694.26,11485.74,4381.23,7104.51,61.85504808571325
BT-00516,2023-01-09,South,Pharmacy,Matte Lipstick,30,470.0,22.3,175.92,Anand V,2023,January,1,14100.0,3144.3,10955.7,5277.599999999999,5678.100000000001,51.827815657602905
BT-00598,2023-01-09,South,General Trade,Face Wash 100ml,16,220.0,15.9,63.32,Kiran T,2023,January,1,3520.0,559.6800000000001,2960.3199999999997,1013.12,1947.1999999999998,65.77667279213058
BT-01213,2023-01-09,Central,Salon Wholesale,Matte Lipstick,11,310.0,4.1,110.17,Sunita P,2023,January,1,3410.0,139.80999999999997,3270.19,1211.8700000000001,2058.3199999999997,62.94190857411953
BT-01689,2023-01-09,Central,Online,Under Eye Cream 15ml,44,900.0,9.3,297.45,Sunita P,2023,January,1,39600.0,3682.8000000000006,35917.2,13087.8,22829.399999999998,63.561190738699004
BT-01918,2023-01-09,Central,Pharmacy,Perfume 100ml EDP,47,2020.0,11.9,841.13,Vikram N,2023,January,1,94940.0,11297.86,83642.14,39533.11,44109.03,52.735415425765055
BT-01993,2023-01-09,North,Modern Trade,Hydrating Moisturiser 50ml,17,470.0,7.2,150.35,Rohit K,2023,January,1,7990.0,575.2800000000001,7414.72,2555.95,4858.77,65.52870506236243
BT-02288,2023-01-09,North,General Trade,Under Eye Cream 15ml,36,710.0,14.0,201.92,Rohit K,2023,January,1,25560.0,3578.4000000000005,21981.6,7269.12,14712.48,66.93088765149035
BT-02911,2023-01-09,Central,Pharmacy,Hair Oil 200ml,3,240.0,9.4,82.01,Suresh K,2023,January,1,720.0,67.68,652.3199999999999,246.03000000000003,406.2899999999999,62.28384841795437
BT-03024,2023-01-09,South,Modern Trade,BB Cream 30ml,17,550.0,22.3,220.06,Anand V,2023,January,1,9350.0,2085.05,7264.95,3741.02,3523.93,48.50590850590851
BT-04588,2023-01-09,East,Pharmacy,Matte Lipstick,59,420.0,11.6,144.98,Pooja N,2023,January,1,24780.0,2874.48,21905.52,8553.82,13351.7,60.95130359836243
BT-04796,2023-01-09,North,Modern Trade,Lip Gloss,14,320.0,6.1,102.72,Deepa S,2023,January,1,4480.0,273.28,4206.72,1438.08,2768.6400000000003,65.814696485623
BT-01228,2023-01-10,Central,Online,Blush Palette,9,630.0,8.9,248.35,Vikram N,2023,January,1,5670.0,504.63000000000005,5165.37,2235.15,2930.22,56.72817242520865
BT-02662,2023-01-10,South,Modern Trade,Hydrating Moisturiser 50ml,32,540.0,22.4,198.77,Priya R,2023,January,1,17280.0,3870.72,13409.28,6360.64,7048.64,52.56538755250095
BT-02755,2023-01-10,South,Online,Lip Gloss,40,250.0,19.8,80.5,Anand V,2023,January,1,10000.0,1980.0,8020.0,3220.0,4800.0,59.85037406483791
BT-02840,2023-01-10,West,Online,Hair Serum 100ml,56,610.0,24.6,202.34,Nidhi C,2023,January,1,34160.0,8403.36,25756.64,11331.04,14425.599999999999,56.00730530069139
BT-02944,2023-01-10,North,Pharmacy,BB Cream 30ml,20,500.0,11.3,188.9,Deepa S,2023,January,1,10000.0,1130.0,8870.0,3778.0,5092.0,57.40698985343856
BT-03070,2023-01-10,East,Salon Wholesale,Hair Serum 100ml,60,400.0,15.3,169.52,Sneha B,2023,January,1,24000.0,3672.0,20328.0,10171.2,10156.8,49.96458087367178
BT-03130,2023-01-10,West,Online,SPF 50 Sunscreen 100g,15,580.0,38.6,249.46,Nidhi C,2023,January,1,8700.0,3358.2000000000003,5341.799999999999,3741.9,1599.8999999999992,29.95057845669998
BT-03418,2023-01-10,Central,General Trade,Nail Polish Set (12pc),34,420.0,7.1,191.48,Suresh K,2023,January,1,14280.0,1013.8799999999999,13266.12,6510.32,6755.800000000001,50.92521400379313
BT-03586,2023-01-10,Central,Online,Perfume 100ml EDP,43,2710.0,5.1,1199.45,Vikram N,2023,January,1,116530.0,5943.03,110586.97,51576.35,59010.62,53.36127755376605
BT-03659,2023-01-10,North,Salon Wholesale,Kajal Eye Pencil,22,190.0,8.0,62.74,Rohit K,2023,January,1,4180.0,334.40000000000003,3845.6,1380.28,2465.3199999999997,64.10755148741418
BT-04021,2023-01-10,West,General Trade,Night Repair Cream 50ml,18,800.0,38.7,295.76,Priya S,2023,January,1,14400.0,5572.8,8827.2,5323.68,3503.5200000000004,39.69004893964111
BT-04190,2023-01-10,West,Pharmacy,Perfume 100ml EDP,4,1500.0,38.1,678.75,Nidhi C,2023,January,1,6000.0,2286.0,3714.0,2715.0,999.0,26.89822294022617
BT-04615,2023-01-10,West,Pharmacy,Compact Powder,27,360.0,35.8,119.41,Priya S,2023,January,1,9720.0,3479.7599999999998,6240.24,3224.0699999999997,3016.17,48.33419868466598
BT-04629,2023-01-10,Central,Online,Hair Serum 100ml,44,490.0,5.2,190.66,Sunita P,2023,January,1,21560.0,1121.1200000000001,20438.88,8389.039999999999,12049.840000000002,58.95548092654784
BT-00305,2023-01-11,South,Salon Wholesale,Night Repair Cream 50ml,5,790.0,17.1,313.16,Anand V,2023,January,1,3950.0,675.45,3274.55,1565.8000000000002,1708.75,52.18274266693134
BT-00405,2023-01-11,Central,Online,Face Wash 100ml,5,320.0,8.5,102.5,Suresh K,2023,January,1,1600.0,136.0,1464.0,512.5,951.5,64.9931693989071
BT-01281,2023-01-11,West,Salon Wholesale,Face Wash 100ml,13,310.0,42.8,91.3,Priya S,2023,January,1,4030.0,1724.84,2305.16,1186.8999999999999,1118.26,48.51116625310174
BT-01645,2023-01-11,Central,Salon Wholesale,Matte Lipstick,26,450.0,11.3,152.33,Vikram N,2023,January,1,11700.0,1322.1000000000001,10377.9,3960.5800000000004,6417.32,61.83640235500438
BT-01714,2023-01-11,East,Salon Wholesale,Blush Palette,50,700.0,9.3,332.57,Meena G,2023,January,1,35000.0,3255.0000000000005,31745.0,16628.5,15116.5,47.618522601984566
BT-02354,2023-01-11,South,General Trade,Mascara,42,390.0,23.1,136.62,Kiran T,2023,January,1,16380.0,3783.78,12596.22,5738.04,6858.179999999999,54.44633390017005
BT-03181,2023-01-11,Central,Salon Wholesale,Lip Gloss,2,230.0,6.9,74.89,Sunita P,2023,January,1,460.0,31.740000000000002,428.26,149.78,278.48,65.02591883435296
BT-03893,2023-01-11,North,Modern Trade,Hydrating Moisturiser 50ml,53,530.0,11.6,181.68,Deepa S,2023,January,1,28090.0,3258.4399999999996,24831.56,9629.04,15202.52,61.22257320925467
BT-03952,2023-01-11,East,Pharmacy,Mascara,5,560.0,5.7,221.42,Sneha B,2023,January,1,2800.0,159.6,2640.4,1107.1,1533.3000000000002,58.07074685653689
BT-04946,2023-01-11,South,General Trade,Hair Serum 100ml,34,490.0,29.9,162.09,Priya R,2023,January,1,16660.0,4981.34,11678.66,5511.06,6167.599999999999,52.8108532999505
BT-00249,2023-01-12,South,Salon Wholesale,Night Repair Cream 50ml,42,720.0,31.6,253.66,Priya R,2023,January,1,30240.0,9555.84,20684.16,10653.72,10030.44,48.49333983105913
BT-00517,2023-01-12,East,General Trade,Nail Polish Set (12pc),60,600.0,10.1,228.96,Pooja N,2023,January,1,36000.0,3635.9999999999995,32364.0,13737.6,18626.4,57.55283648498332
BT-00635,2023-01-12,North,Pharmacy,Rose Water Toner 200ml,59,300.0,13.1,87.6,Anjali M,2023,January,1,17700.0,2318.7000000000003,15381.3,5168.4,10212.9,66.3981588032221
BT-00778,2023-01-12,West,General Trade,Vitamin C Face Serum 30ml,26,610.0,29.8,199.96,Nidhi C,2023,January,1,15860.0,4726.28,11133.720000000001,5198.96,5934.760000000001,53.304376255195926
BT-01176,2023-01-12,North,Online,Matte Lipstick,9,310.0,13.3,96.53,Rohit K,2023,January,1,2790.0,371.07,2418.93,868.77,1550.1599999999999,64.08453324403766
BT-01282,2023-01-12,East,Online,Eyeshadow Palette 9-shade,44,700.0,6.4,325.57,Meena G,2023,January,1,30800.0,1971.2,28828.8,14325.08,14503.72,50.309829059829056
BT-01860,2023-01-12,Central,Pharmacy,Lip Gloss,6,330.0,12.6,93.22,Vikram N,2023,January,1,1980.0,249.48,1730.52,559.3199999999999,1171.2,67.67907912072673
BT-02521,2023-01-12,Central,Pharmacy,Rose Water Toner 200ml,15,360.0,9.9,84.89,Suresh K,2023,January,1,5400.0,534.6,4865.4,1273.35,3592.0499999999997,73.82846220249107
BT-02529,2023-01-12,Central,Pharmacy,Kajal Eye Pencil,54,240.0,10.5,72.89,Suresh K,2023,January,1,12960.0,1360.8,11599.2,3936.06,7663.140000000001,66.0661080074488
BT-02699,2023-01-12,North,Salon Wholesale,Nail Polish Set (12pc),18,590.0,4.3,233.11,Deepa S,2023,January,1,10620.0,456.65999999999997,10163.34,4195.9800000000005,5967.36,58.71455643518764
BT-02837,2023-01-12,South,Online,Blush Palette,30,820.0,22.0,363.59,Anand V,2023,January,1,24600.0,5412.0,19188.0,10907.699999999999,8280.300000000001,43.153533458411516
BT-03234,2023-01-12,East,Online,Nail Polish Set (12pc),41,490.0,7.4,208.84,Meena G,2023,January,1,20090.0,1486.6600000000003,18603.34,8562.44,10040.9,53.973641292370075
BT-03813,2023-01-12,South,Modern Trade,Vitamin C Face Serum 30ml,59,650.0,17.4,185.71,Kiran T,2023,January,1,38350.0,6672.9,31677.1,10956.890000000001,20720.21,65.41069100391135
BT-03994,2023-01-12,South,General Trade,Hair Serum 100ml,55,490.0,28.7,184.58,Priya R,2023,January,1,26950.0,7734.65,19215.35,10151.900000000001,9063.449999999997,47.16775910925379
BT-04593,2023-01-12,East,Salon Wholesale,Vitamin C Face Serum 30ml,32,710.0,15.3,216.76,Meena G,2023,January,1,22720.0,3476.16,19243.84,6936.32,12307.52,63.95563463425179
BT-04718,2023-01-12,North,Modern Trade,Hair Oil 200ml,28,360.0,9.4,133.45,Rohit K,2023,January,1,10080.0,947.52,9132.48,3736.5999999999995,5395.88,59.08449840569047
BT-04756,2023-01-12,North,General Trade,Blush Palette,41,590.0,12.3,274.0,Anjali M,2023,January,1,24190.0,2975.3700000000003,21214.63,11234.0,9980.630000000001,47.04597723363547
BT-00101,2023-01-13,South,Modern Trade,Lip Gloss,40,200.0,18.7,56.96,Priya R,2023,January,1,8000.0,1496.0,6504.0,2278.4,4225.6,64.96924969249693
BT-00975,2023-01-13,East,Online,Vitamin C Face Serum 30ml,51,770.0,13.7,267.11,Pooja N,2023,January,1,39270.0,5379.99,33890.01,13622.61,20267.4,59.8034642067087
BT-01363,2023-01-13,South,Pharmacy,Night Repair Cream 50ml,49,870.0,16.6,325.12,Anand V,2023,January,1,42630.0,7076.58,35553.42,15930.880000000001,19622.539999999997,55.19170870200391
BT-02135,2023-01-13,East,Modern Trade,SPF 50 Sunscreen 100g,31,480.0,8.2,173.71,Sneha B,2023,January,1,14880.0,1220.1599999999999,13659.84,5385.01,8274.83,60.57779593318809
BT-02143,2023-01-13,East,Modern Trade,Hydrating Moisturiser 50ml,10,590.0,5.2,198.24,Pooja N,2023,January,1,5900.0,306.8,5593.2,1982.4,3610.7999999999997,64.55696202531645
BT-02621,2023-01-13,Central,General Trade,Matte Lipstick,19,480.0,10.1,178.7,Suresh K,2023,January,1,9120.0,921.1199999999999,8198.880000000001,3395.2999999999997,4803.580000000002,58.58824619948092
BT-02938,2023-01-13,West,Modern Trade,Hydrating Moisturiser 50ml,16,490.0,29.4,180.76,Priya S,2023,January,1,7840.0,2304.96,5535.04,2892.16,2642.88,47.748164421576
BT-03017,2023-01-13,South,General Trade,Nail Polish Set (12pc),23,430.0,21.1,164.39,Anand V,2023,January,1,9890.0,2086.7900000000004,7803.209999999999,3780.97,4022.2399999999993,51.54596633949362
BT-03151,2023-01-13,South,Online,Face Wash 100ml,38,300.0,21.6,97.77,Priya R,2023,January,1,11400.0,2462.4,8937.6,3715.2599999999998,5222.34,58.431122448979586
BT-03945,2023-01-13,West,General Trade,Kajal Eye Pencil,45,130.0,27.2,37.71,Nidhi C,2023,January,1,5850.0,1591.2,4258.8,1696.95,2561.8500000000004,60.15426880811496
BT-04224,2023-01-13,East,Salon Wholesale,Nail Polish Set (12pc),2,660.0,7.6,271.52,Sneha B,2023,January,1,1320.0,100.32,1219.68,543.04,676.6400000000001,55.47684638593729
BT-04470,2023-01-13,Central,Pharmacy,Night Repair Cream 50ml,26,700.0,9.2,245.21,Sunita P,2023,January,1,18200.0,1674.3999999999999,16525.6,6375.46,10150.14,61.420704845814974
BT-04932,2023-01-13,East,Online,Vitamin C Face Serum 30ml,56,750.0,4.8,262.88,Pooja N,2023,January,1,42000.0,2016.0,39984.0,14721.279999999999,25262.72,63.182072829131656
BT-00788,2023-01-14,South,Online,Mascara,11,450.0,26.9,194.18,Priya R,2023,January,1,4950.0,1331.5499999999997,3618.4500000000003,2135.98,1482.4700000000003,40.969752241982064
BT-01001,2023-01-14,North,Online,Micellar Cleansing Water,45,300.0,8.5,98.43,Deepa S,2023,January,1,13500.0,1147.5,12352.5,4429.35,7923.15,64.14207650273224
BT-02055,2023-01-14,South,Online,Hair Oil 200ml,35,300.0,31.0,91.02,Priya R,2023,January,1,10500.0,3255.0,7245.0,3185.7,4059.3,56.028985507246375
BT-02259,2023-01-14,West,Salon Wholesale,Vitamin C Face Serum 30ml,24,730.0,27.1,251.92,Rahul D,2023,January,1,17520.0,4747.92,12772.08,6046.08,6726.0,52.661743427852
BT-02427,2023-01-14,West,Online,Lip Gloss,50,280.0,29.0,98.53,Priya S,2023,January,1,14000.0,4059.9999999999995,9940.0,4926.5,5013.5,50.43762575452716
BT-02783,2023-01-14,North,Online,Compact Powder,8,470.0,11.6,151.25,Deepa S,2023,January,1,3760.0,436.15999999999997,3323.84,1210.0,2113.84,63.5963223259844
BT-02814,2023-01-14,North,General Trade,Perfume 100ml EDP,26,2550.0,8.4,1178.36,Anjali M,2023,January,1,66300.0,5569.200000000001,60730.8,30637.359999999997,30093.440000000006,49.552187687302
BT-03001,2023-01-14,Central,Pharmacy,BB Cream 30ml,26,440.0,5.8,181.06,Sunita P,2023,January,1,11440.0,663.52,10776.48,4707.56,6068.919999999999,56.31634819532908
BT-03210,2023-01-14,West,Modern Trade,Hydrating Moisturiser 50ml,24,550.0,32.5,204.49,Rahul D,2023,January,1,13200.0,4290.0,8910.0,4907.76,4002.24,44.91851851851852
BT-03557,2023-01-14,East,Modern Trade,Matte Lipstick,26,350.0,9.6,135.52,Meena G,2023,January,1,9100.0,873.6,8226.4,3523.5200000000004,4702.879999999999,57.16814159292035
BT-03723,2023-01-14,North,Pharmacy,Lip Gloss,41,280.0,9.2,84.42,Rohit K,2023,January,1,11480.0,1056.16,10423.84,3461.2200000000003,6962.62,66.79515418502203
BT-03996,2023-01-14,Central,General Trade,Rose Water Toner 200ml,14,220.0,9.3,60.94,Suresh K,2023,January,1,3080.0,286.44000000000005,2793.56,853.16,1940.4,69.45975744211688
BT-04401,2023-01-14,Central,Modern Trade,Lip Gloss,56,210.0,9.0,61.55,Sunita P,2023,January,1,11760.0,1058.3999999999999,10701.6,3446.7999999999997,7254.800000000001,67.79173207744637
BT-00039,2023-01-15,North,Pharmacy,Blush Palette,50,780.0,6.6,321.83,Rohit K,2023,January,1,39000.0,2574.0,36426.0,16091.5,20334.5,55.824136605721186
BT-00889,2023-01-15,South,Modern Trade,Nail Polish Set (12pc),59,570.0,27.4,231.99,Priya R,2023,January,1,33630.0,9214.619999999999,24415.38,13687.41,10727.970000000001,43.939393939393945
BT-01372,2023-01-15,West,Modern Trade,SPF 50 Sunscreen 100g,48,500.0,29.8,185.65,Rahul D,2023,January,1,24000.0,7152.0,16848.0,8911.2,7936.799999999999,47.1082621082621
BT-01473,2023-01-15,West,Pharmacy,Lip Gloss,44,190.0,28.7,62.83,Rahul D,2023,January,1,8360.0,2399.3199999999997,5960.68,2764.52,3196.1600000000003,53.62072783642135
BT-01520,2023-01-15,West,Modern Trade,Lip Gloss,58,330.0,24.1,97.28,Nidhi C,2023,January,1,19140.0,4612.740000000001,14527.259999999998,5642.24,8885.019999999999,61.1610172874995
BT-01526,2023-01-15,South,Online,Under Eye Cream 15ml,47,620.0,22.3,174.47,Anand V,2023,January,1,29140.0,6498.22,22641.78,8200.09,14441.689999999999,63.7833686220783
BT-01657,2023-01-15,Central,Salon Wholesale,Vitamin C Face Serum 30ml,14,580.0,7.9,162.92,Sunita P,2023,January,1,8120.0,641.48,7478.52,2280.8799999999997,5197.640000000001,69.50091729379612
BT-01897,2023-01-15,South,General Trade,Compact Powder,30,370.0,26.0,137.64,Kiran T,2023,January,1,11100.0,2886.0,8214.0,4129.2,4084.8,49.72972972972973
BT-02462,2023-01-15,Central,Pharmacy,Hair Oil 200ml,43,220.0,5.4,81.73,Vikram N,2023,January,1,9460.0,510.84000000000003,8949.16,3514.3900000000003,5434.7699999999995,60.72938689217759
BT-02485,2023-01-15,Central,Salon Wholesale,Hydrating Moisturiser 50ml,11,470.0,11.7,161.77,Sunita P,2023,January,1,5170.0,604.89,4565.11,1779.47,2785.6399999999994,61.02021638032817
BT-02887,2023-01-15,South,Salon Wholesale,Matte Lipstick,49,450.0,24.3,146.75,Priya R,2023,January,1,22050.0,5358.15,16691.85,7190.75,9501.099999999999,56.920592984001175
BT-03464,2023-01-15,Central,Online,Hair Serum 100ml,33,560.0,13.9,191.07,Suresh K,2023,January,1,18480.0,2568.7200000000003,15911.279999999999,6305.3099999999995,9605.97,60.37207565953211
BT-03487,2023-01-15,South,Pharmacy,Mascara,15,340.0,18.6,151.1,Anand V,2023,January,1,5100.0,948.6000000000001,4151.4,2266.5,1884.8999999999996,45.40396010984246
BT-03719,2023-01-15,East,Online,Mascara,40,330.0,8.6,128.93,Meena G,2023,January,1,13200.0,1135.1999999999998,12064.8,5157.200000000001,6907.5999999999985,57.25416086466414
BT-03787,2023-01-15,East,Online,Night Repair Cream 50ml,3,1110.0,5.7,424.69,Sneha B,2023,January,1,3330.0,189.81,3140.19,1274.07,1866.1200000000001,59.426977348504394
BT-04430,2023-01-15,East,Salon Wholesale,Mascara,13,360.0,9.9,146.27,Pooja N,2023,January,1,4680.0,463.32000000000005,4216.68,1901.5100000000002,2315.17,54.905043778517694
BT-04667,2023-01-15,South,Modern Trade,Night Repair Cream 50ml,3,880.0,19.8,318.82,Anand V,2023,January,1,2640.0,522.72,2117.2799999999997,956.46,1160.8199999999997,54.826003173883464
BT-04844,2023-01-15,South,Salon Wholesale,Vitamin C Face Serum 30ml,45,650.0,14.3,196.76,Anand V,2023,January,1,29250.0,4182.750000000001,25067.25,8854.199999999999,16213.050000000001,64.6782156000359
BT-04877,2023-01-15,West,General Trade,Lip Gloss,47,300.0,26.1,96.06,Nidhi C,2023,January,1,14100.0,3680.1000000000004,10419.9,4514.82,5905.08,56.67117726657646
BT-04878,2023-01-15,Central,Pharmacy,Compact Powder,3,420.0,13.1,161.53,Suresh K,2023,January,1,1260.0,165.06,1094.94,484.59000000000003,610.35,55.742780426324735
BT-00280,2023-01-16,Central,General Trade,Mascara,17,410.0,5.5,165.89,Sunita P,2023,January,1,6970.0,383.35,6586.65,2820.1299999999997,3766.52,57.18415279390889
BT-01379,2023-01-16,West,Modern Trade,Face Wash 100ml,57,300.0,30.2,80.91,Nidhi C,2023,January,1,17100.0,5164.2,11935.8,4611.87,7323.929999999999,61.36103151862464
BT-02404,2023-01-16,West,Modern Trade,Night Repair Cream 50ml,56,840.0,36.6,277.96,Nidhi C,2023,January,1,47040.0,17216.64,29823.36,15565.759999999998,14257.600000000002,47.806819888838824
BT-02645,2023-01-16,South,Online,Lip Gloss,31,320.0,31.2,101.06,Priya R,2023,January,1,9920.0,3095.04,6824.96,3132.86,3692.1,54.09702034883721
BT-02692,2023-01-16,Central,Salon Wholesale,Eyeshadow Palette 9-shade,18,970.0,10.0,457.84,Suresh K,2023,January,1,17460.0,1746.0,15714.0,8241.119999999999,7472.880000000001,47.555555555555564
BT-03101,2023-01-16,Central,Online,Compact Powder,20,280.0,10.3,99.6,Sunita P,2023,January,1,5600.0,576.8000000000001,5023.2,1992.0,3031.2,60.34400382226469
BT-03207,2023-01-16,North,Salon Wholesale,Eyeshadow Palette 9-shade,41,690.0,9.4,277.31,Deepa S,2023,January,1,28290.0,2659.26,25630.739999999998,11369.710000000001,14261.029999999997,55.64033656460951
BT-03442,2023-01-16,South,Online,Night Repair Cream 50ml,10,1170.0,28.6,381.19,Priya R,2023,January,1,11700.0,3346.2000000000003,8353.8,3811.9,4541.9,54.36926907515143
BT-03529,2023-01-16,Central,General Trade,Hair Oil 200ml,29,270.0,7.3,102.22,Vikram N,2023,January,1,7830.0,571.5899999999999,7258.41,2964.38,4294.03,59.15937512485516
BT-03656,2023-01-16,East,Salon Wholesale,Vitamin C Face Serum 30ml,60,660.0,16.6,203.68,Meena G,2023,January,1,39600.0,6573.6,33026.4,12220.800000000001,20805.6,62.996875227091046
BT-03696,2023-01-16,East,Online,Kajal Eye Pencil,27,180.0,6.4,61.45,Meena G,2023,January,1,4860.0,311.04,4548.96,1659.15,2889.81,63.52682811016144
BT-03799,2023-01-16,West,Pharmacy,Night Repair Cream 50ml,38,850.0,30.7,346.46,Nidhi C,2023,January,1,32300.0,9916.1,22383.9,13165.48,9218.420000000002,41.18326118326119
BT-04086,2023-01-16,South,Modern Trade,Hydrating Moisturiser 50ml,35,540.0,13.5,210.71,Anand V,2023,January,1,18900.0,2551.5,16348.5,7374.85,8973.65,54.88974523656604
BT-04580,2023-01-16,North,Salon Wholesale,Hair Oil 200ml,30,390.0,11.6,124.57,Anjali M,2023,January,1,11700.0,1357.1999999999998,10342.8,3737.1,6605.699999999999,63.86761805313841
BT-00089,2023-01-17,West,Modern Trade,Hair Serum 100ml,29,590.0,42.3,222.61,Priya S,2023,January,1,17110.0,7237.53,9872.470000000001,6455.6900000000005,3416.7800000000007,34.60917075463385
BT-01648,2023-01-17,Central,Online,Blush Palette,15,520.0,13.0,244.66,Vikram N,2023,January,1,7800.0,1014.0,6786.0,3669.9,3116.1,45.91954022988506
BT-01778,2023-01-17,South,Online,Matte Lipstick,28,360.0,18.9,115.78,Anand V,2023,January,1,10080.0,1905.1199999999997,8174.88,3241.84,4933.04,60.34388272366077
BT-02045,2023-01-17,South,Salon Wholesale,Rose Water Toner 200ml,20,220.0,29.7,64.17,Priya R,2023,January,1,4400.0,1306.8,3093.2,1283.4,1809.7999999999997,58.508987456355875
BT-02361,2023-01-17,West,General Trade,Kajal Eye Pencil,55,230.0,33.9,78.22,Nidhi C,2023,January,1,12650.0,4288.349999999999,8361.650000000001,4302.1,4059.550000000001,48.549628362823135
BT-02606,2023-01-17,West,Modern Trade,Hair Oil 200ml,13,370.0,22.2,115.29,Rahul D,2023,January,1,4810.0,1067.82,3742.1800000000003,1498.77,2243.4100000000003,59.94928090043772
BT-02773,2023-01-17,East,General Trade,Kajal Eye Pencil,53,140.0,5.6,35.36,Sneha B,2023,January,1,7420.0,415.52,7004.48,1874.08,5130.4,73.24455205811138
BT-03077,2023-01-17,Central,General Trade,Micellar Cleansing Water,12,300.0,5.8,88.41,Vikram N,2023,January,1,3600.0,208.79999999999998,3391.2,1060.92,2330.2799999999997,68.71549893842888
BT-03154,2023-01-17,Central,Online,Perfume 100ml EDP,31,2730.0,7.3,1279.01,Sunita P,2023,January,1,84630.0,6177.99,78452.01,39649.31,38802.7,49.4604281012048
BT-04105,2023-01-17,Central,Pharmacy,Micellar Cleansing Water,28,310.0,8.9,90.36,Sunita P,2023,January,1,8680.0,772.5200000000001,7907.48,2530.08,5377.4,68.0039658652314
BT-04542,2023-01-17,West,Online,Hydrating Moisturiser 50ml,34,500.0,27.3,164.75,Nidhi C,2023,January,1,17000.0,4641.0,12359.0,5601.5,6757.5,54.6767537826685
BT-00505,2023-01-18,South,General Trade,Blush Palette,49,810.0,31.0,338.66,Priya R,2023,January,1,39690.0,12303.9,27386.1,16594.34,10791.759999999998,39.40597602433351
BT-01240,2023-01-18,East,Pharmacy,Face Wash 100ml,50,260.0,13.3,66.33,Pooja N,2023,January,1,13000.0,1729.0,11271.0,3316.5,7954.5,70.57492680330051
BT-02193,2023-01-18,South,Online,Eyeshadow Palette 9-shade,16,700.0,20.6,338.31,Anand V,2023,January,1,11200.0,2307.2000000000003,8892.8,5412.96,3479.8399999999992,39.13098236775818
BT-02643,2023-01-18,South,General Trade,Eyeshadow Palette 9-shade,48,580.0,29.2,287.85,Priya R,2023,January,1,27840.0,8129.28,19710.72,13816.800000000001,5893.92,29.902104032729397
BT-03196,2023-01-18,North,Online,Vitamin C Face Serum 30ml,60,770.0,9.4,223.45,Rohit K,2023,January,1,46200.0,4342.8,41857.2,13407.0,28450.199999999997,67.96966830079413
BT-03534,2023-01-18,Central,General Trade,Mascara,13,410.0,9.2,159.28,Suresh K,2023,January,1,5330.0,490.36,4839.64,2070.64,2769.0000000000005,57.21499946276997
BT-04135,2023-01-18,West,Modern Trade,Rose Water Toner 200ml,47,230.0,38.8,61.64,Nidhi C,2023,January,1,10810.0,4194.28,6615.72,2897.08,3718.6400000000003,56.209150326797385
BT-04414,2023-01-18,South,Pharmacy,Nail Polish Set (12pc),52,490.0,20.4,207.37,Kiran T,2023,January,1,25480.0,5197.92,20282.08,10783.24,9498.840000000002,46.83365808635012
BT-04538,2023-01-18,South,Modern Trade,Compact Powder,40,350.0,15.1,106.19,Anand V,2023,January,1,14000.0,2114.0,11886.0,4247.6,7638.4,64.263839811543
BT-04624,2023-01-18,North,Online,Nail Polish Set (12pc),5,630.0,6.8,244.25,Deepa S,2023,January,1,3150.0,214.20000000000002,2935.8,1221.25,1714.5500000000002,58.40145786497718
BT-00216,2023-01-19,South,Modern Trade,Kajal Eye Pencil,28,210.0,23.9,66.28,Anand V,2023,January,1,5880.0,1405.32,4474.68,1855.8400000000001,2618.84,58.5257493273262
BT-00772,2023-01-19,North,General Trade,BB Cream 30ml,22,650.0,8.7,268.51,Anjali M,2023,January,1,14300.0,1244.1,13055.9,5907.219999999999,7148.68,54.75440222428175
BT-00986,2023-01-19,North,Modern Trade,Eyeshadow Palette 9-shade,48,630.0,13.0,285.33,Anjali M,2023,January,1,30240.0,3931.2000000000003,26308.8,13695.84,12612.96,47.94198139025725
BT-01480,2023-01-19,North,Online,Lip Gloss,40,330.0,5.7,117.81,Deepa S,2023,January,1,13200.0,752.4,12447.6,4712.4,7735.200000000001,62.14209968186639
BT-01602,2023-01-19,North,Modern Trade,Compact Powder,43,340.0,8.8,119.75,Deepa S,2023,January,1,14620.0,1286.5600000000002,13333.44,5149.25,8184.1900000000005,61.38093395252838
BT-01930,2023-01-19,South,Salon Wholesale,Nail Polish Set (12pc),47,610.0,15.2,253.39,Anand V,2023,January,1,28670.0,4357.84,24312.16,11909.33,12402.83,51.01492421899165
BT-02205,2023-01-19,Central,Modern Trade,SPF 50 Sunscreen 100g,40,340.0,11.8,150.35,Sunita P,2023,January,1,13600.0,1604.8000000000002,11995.2,6014.0,5981.200000000001,49.86327864479125
BT-02219,2023-01-19,Central,Modern Trade,Compact Powder,14,370.0,11.9,116.59,Sunita P,2023,January,1,5180.0,616.4200000000001,4563.58,1632.26,2931.3199999999997,64.23290486854619
BT-04343,2023-01-19,Central,Pharmacy,Blush Palette,15,590.0,8.5,235.53,Suresh K,2023,January,1,8850.0,752.25,8097.75,3532.95,4564.8,56.37121422617394
BT-04584,2023-01-19,Central,General Trade,Eyeshadow Palette 9-shade,36,880.0,7.8,415.27,Sunita P,2023,January,1,31680.0,2471.04,29208.96,14949.72,14259.24,48.8180339183593
BT-04733,2023-01-19,South,Online,Face Wash 100ml,17,300.0,23.5,84.63,Anand V,2023,January,1,5100.0,1198.5,3901.5,1438.71,2462.79,63.12418300653595
BT-00189,2023-01-20,North,Online,Lip Gloss,18,270.0,7.4,92.48,Rohit K,2023,January,1,4860.0,359.64000000000004,4500.36,1664.64,2835.7199999999993,63.010959123270126
BT-00327,2023-01-20,North,Online,BB Cream 30ml,52,520.0,10.2,184.39,Deepa S,2023,January,1,27040.0,2758.08,24281.92,9588.279999999999,14693.64,60.512677745417164
BT-00699,2023-01-20,North,Modern Trade,Night Repair Cream 50ml,40,1160.0,5.6,401.36,Deepa S,2023,January,1,46400.0,2598.3999999999996,43801.6,16054.400000000001,27747.199999999997,63.347457627118644
BT-01113,2023-01-20,South,Salon Wholesale,Matte Lipstick,20,510.0,21.9,179.06,Anand V,2023,January,1,10200.0,2233.7999999999997,7966.200000000001,3581.2,4385.000000000001,55.04506540132058
BT-01539,2023-01-20,East,Modern Trade,Kajal Eye Pencil,13,150.0,9.2,41.49,Pooja N,2023,January,1,1950.0,179.4,1770.6,539.37,1231.23,69.53744493392071
BT-01706,2023-01-20,Central,Online,Night Repair Cream 50ml,37,900.0,7.6,356.13,Suresh K,2023,January,1,33300.0,2530.7999999999997,30769.2,13176.81,17592.39,57.17532467532467
BT-02213,2023-01-20,East,Online,Perfume 100ml EDP,48,1560.0,15.4,740.06,Sneha B,2023,January,1,74880.0,11531.52,63348.479999999996,35522.88,27825.6,43.92465296720616
BT-02508,2023-01-20,North,Pharmacy,Blush Palette,25,550.0,7.5,251.13,Deepa S,2023,January,1,13750.0,1031.25,12718.75,6278.25,6440.5,50.63783783783784
BT-02549,2023-01-20,Central,Salon Wholesale,Perfume 100ml EDP,11,1760.0,8.4,768.24,Sunita P,2023,January,1,19360.0,1626.24,17733.76,8450.64,9283.119999999999,52.3471615720524
BT-02826,2023-01-20,Central,General Trade,Eyeshadow Palette 9-shade,49,640.0,8.7,302.27,Suresh K,2023,January,1,31360.0,2728.3199999999997,28631.68,14811.23,13820.45,48.26978368017525
BT-02906,2023-01-20,West,Salon Wholesale,Face Wash 100ml,39,250.0,36.4,71.12,Priya S,2023,January,1,9750.0,3549.0,6201.0,2773.6800000000003,3427.3199999999997,55.27044025157232
BT-02936,2023-01-20,North,Salon Wholesale,Hair Oil 200ml,18,290.0,12.9,101.82,Rohit K,2023,January,1,5220.0,673.38,4546.62,1832.7599999999998,2713.86,59.689615582564635
BT-04586,2023-01-20,South,Pharmacy,Perfume 100ml EDP,37,2330.0,20.4,1089.51,Priya R,2023,January,1,86210.0,17586.84,68623.16,40311.87,28311.29,41.25617357172126
BT-04968,2023-01-20,South,Pharmacy,Rose Water Toner 200ml,43,350.0,29.4,82.84,Priya R,2023,January,1,15050.0,4424.7,10625.3,3562.1200000000003,7063.1799999999985,66.4751112909753
BT-00009,2023-01-21,East,Salon Wholesale,SPF 50 Sunscreen 100g,44,340.0,12.1,145.83,Meena G,2023,January,1,14960.0,1810.1599999999999,13149.84,6416.52,6733.32,51.20457739409757
BT-00138,2023-01-21,West,Online,Blush Palette,42,520.0,40.6,213.93,Nidhi C,2023,January,1,21840.0,8867.04,12972.96,8985.06,3987.8999999999996,30.74009324009324
BT-01077,2023-01-21,East,General Trade,Nail Polish Set (12pc),24,580.0,7.6,274.17,Pooja N,2023,January,1,13920.0,1057.92,12862.08,6580.08,6282.0,48.84124496193461
BT-01983,2023-01-21,North,Modern Trade,BB Cream 30ml,41,490.0,12.4,174.1,Rohit K,2023,January,1,20090.0,2491.16,17598.84,7138.099999999999,10460.740000000002,59.43994035970553
BT-02072,2023-01-21,West,Modern Trade,Night Repair Cream 50ml,49,960.0,33.4,359.62,Nidhi C,2023,January,1,47040.0,15711.359999999999,31328.64,17621.38,13707.259999999998,43.75312812812812
BT-03005,2023-01-21,East,General Trade,Hydrating Moisturiser 50ml,25,360.0,7.8,140.4,Meena G,2023,January,1,9000.0,702.0,8298.0,3510.0,4788.0,57.70065075921909
BT-04260,2023-01-21,South,Online,Hair Serum 100ml,38,640.0,23.1,262.02,Anand V,2023,January,1,24320.0,5617.92,18702.08,9956.759999999998,8745.320000000003,46.76121586475944
BT-04446,2023-01-21,South,Online,Hydrating Moisturiser 50ml,18,580.0,28.2,231.88,Priya R,2023,January,1,10440.0,2944.08,7495.92,4173.84,3322.08,44.31850926904236
BT-04541,2023-01-21,North,Pharmacy,Nail Polish Set (12pc),3,440.0,9.9,181.54,Rohit K,2023,January,1,1320.0,130.68,1189.32,544.62,644.6999999999999,54.207446271819194
BT-00359,2023-01-22,West,General Trade,BB Cream 30ml,2,630.0,43.3,230.58,Priya S,2023,January,1,1260.0,545.58,714.42,461.16,253.25999999999993,35.44973544973544
BT-00447,2023-01-22,West,Modern Trade,SPF 50 Sunscreen 100g,12,540.0,32.7,201.58,Priya S,2023,January,1,6480.0,2118.96,4361.04,2418.96,1942.08,44.53249683561719
BT-00879,2023-01-22,West,General Trade,Nail Polish Set (12pc),7,460.0,29.9,181.65,Priya S,2023,January,1,3220.0,962.78,2257.2200000000003,1271.55,985.6700000000003,43.66743161942567
BT-00896,2023-01-22,Central,Modern Trade,Night Repair Cream 50ml,24,970.0,5.7,342.8,Sunita P,2023,January,1,23280.0,1326.96,21953.04,8227.2,13725.84,62.523641372675485
BT-01088,2023-01-22,East,General Trade,Micellar Cleansing Water,55,290.0,12.3,84.82,Pooja N,2023,January,1,15950.0,1961.8500000000001,13988.15,4665.099999999999,9323.05,66.64962843549719
BT-01857,2023-01-22,North,Salon Wholesale,Rose Water Toner 200ml,50,360.0,9.8,86.65,Rohit K,2023,January,1,18000.0,1764.0,16236.0,4332.5,11903.5,73.31547179108155
BT-02149,2023-01-22,South,Pharmacy,Mascara,22,430.0,18.2,192.34,Priya R,2023,January,1,9460.0,1721.72,7738.28,4231.4800000000005,3506.7999999999993,45.31756410985386
BT-04014,2023-01-22,East,Salon Wholesale,Face Wash 100ml,32,220.0,6.8,58.17,Pooja N,2023,January,1,7040.0,478.72,6561.28,1861.44,4699.84,71.6299258681233
BT-04311,2023-01-22,West,General Trade,Mascara,25,540.0,41.2,238.73,Nidhi C,2023,January,1,13500.0,5562.0,7938.0,5968.25,1969.75,24.814184933232553
BT-04757,2023-01-22,North,Salon Wholesale,Kajal Eye Pencil,49,130.0,7.5,37.54,Rohit K,2023,January,1,6370.0,477.75,5892.25,1839.46,4052.79,68.78170478170478
BT-00362,2023-01-23,Central,Salon Wholesale,Compact Powder,54,390.0,6.8,138.41,Suresh K,2023,January,1,21060.0,1432.0800000000002,19627.92,7474.139999999999,12153.779999999999,61.92087597666996
BT-01151,2023-01-23,West,Online,Vitamin C Face Serum 30ml,45,610.0,37.4,190.81,Nidhi C,2023,January,1,27450.0,10266.3,17183.7,8586.45,8597.25,50.03142512962866
BT-01241,2023-01-23,Central,Salon Wholesale,Nail Polish Set (12pc),50,510.0,8.9,203.75,Sunita P,2023,January,1,25500.0,2269.5000000000005,23230.5,10187.5,13043.0,56.1460149372592
BT-01651,2023-01-23,Central,Online,Lip Gloss,60,310.0,12.4,102.73,Suresh K,2023,January,1,18600.0,2306.4,16293.6,6163.8,10129.8,62.17042274267196
BT-02301,2023-01-23,West,Modern Trade,Hydrating Moisturiser 50ml,60,500.0,28.6,160.2,Priya S,2023,January,1,30000.0,8580.000000000002,21420.0,9612.0,11808.0,55.12605042016807
BT-02603,2023-01-23,East,Modern Trade,Mascara,45,560.0,12.9,226.8,Meena G,2023,January,1,25200.0,3250.8,21949.2,10206.0,11743.2,53.50172215843858
BT-02751,2023-01-23,North,Salon Wholesale,Mascara,26,320.0,8.6,117.7,Anjali M,2023,January,1,8320.0,715.52,7604.48,3060.2000000000003,4544.279999999999,59.757932166301956
BT-03980,2023-01-23,Central,Pharmacy,BB Cream 30ml,59,690.0,11.4,288.14,Suresh K,2023,January,1,40710.0,4640.9400000000005,36069.06,17000.26,19068.8,52.86747145614552
BT-04063,2023-01-23,East,General Trade,Hair Serum 100ml,13,610.0,6.5,253.09,Sneha B,2023,January,1,7930.0,515.45,7414.55,3290.17,4124.38,55.625493118260714
BT-04320,2023-01-23,South,Salon Wholesale,Matte Lipstick,16,510.0,20.9,196.55,Kiran T,2023,January,1,8160.0,1705.4399999999998,6454.56,3144.8,3309.76,51.27785627525346
BT-04408,2023-01-23,South,Salon Wholesale,Hydrating Moisturiser 50ml,33,550.0,19.6,219.06,Priya R,2023,January,1,18150.0,3557.4,14592.6,7228.9800000000005,7363.62,50.461329715061055
BT-04453,2023-01-23,South,Online,Night Repair Cream 50ml,9,780.0,21.9,322.69,Kiran T,2023,January,1,7020.0,1537.3799999999999,5482.62,2904.21,2578.41,47.02879280344069
BT-00069,2023-01-24,North,General Trade,Mascara,41,480.0,5.6,196.8,Deepa S,2023,January,1,19680.0,1102.08,18577.92,8068.8,10509.119999999999,56.567796610169495
BT-00165,2023-01-24,South,Online,Rose Water Toner 200ml,6,360.0,21.9,84.92,Anand V,2023,January,1,2160.0,473.03999999999996,1686.96,509.52,1177.44,69.79655712050078
BT-00267,2023-01-24,North,Modern Trade,Compact Powder,19,290.0,9.4,101.53,Anjali M,2023,January,1,5510.0,517.94,4992.0599999999995,1929.07,3062.99,61.35723528963995
BT-00385,2023-01-24,East,Salon Wholesale,Hydrating Moisturiser 50ml,7,520.0,8.7,181.69,Sneha B,2023,January,1,3640.0,316.67999999999995,3323.32,1271.83,2051.4900000000002,61.730137332546974
BT-00943,2023-01-24,Central,Salon Wholesale,Vitamin C Face Serum 30ml,60,520.0,6.6,169.31,Suresh K,2023,January,1,31200.0,2059.2000000000003,29140.8,10158.6,18982.199999999997,65.13959808927689
BT-01448,2023-01-24,North,General Trade,Perfume 100ml EDP,60,2450.0,9.9,1095.88,Rohit K,2023,January,1,147000.0,14553.0,132447.0,65752.8,66694.2,50.35538743799406
BT-03047,2023-01-24,South,Pharmacy,Mascara,16,470.0,23.6,187.77,Anand V,2023,January,1,7520.0,1774.72,5745.28,3004.32,2740.9599999999996,47.708031636404144
BT-03158,2023-01-24,Central,Pharmacy,Lip Gloss,25,320.0,5.2,103.58,Vikram N,2023,January,1,8000.0,416.00000000000006,7584.0,2589.5,4994.5,65.85574894514767
BT-03322,2023-01-24,East,Salon Wholesale,Compact Powder,47,280.0,7.3,98.22,Meena G,2023,January,1,13160.0,960.68,12199.32,4616.34,7582.98,62.159038372630604
BT-03735,2023-01-24,Central,Modern Trade,Hydrating Moisturiser 50ml,4,600.0,9.8,204.84,Sunita P,2023,January,1,2400.0,235.20000000000002,2164.8,819.36,1345.44,62.150776053215075
BT-01029,2023-01-25,East,Pharmacy,Eyeshadow Palette 9-shade,23,930.0,5.2,445.66,Pooja N,2023,January,1,21390.0,1112.2800000000002,20277.72,10250.18,10027.54,49.45102309332607
BT-01521,2023-01-25,West,General Trade,Rose Water Toner 200ml,13,240.0,36.9,55.94,Priya S,2023,January,1,3120.0,1151.28,1968.72,727.22,1241.5,63.061278394083466
BT-02294,2023-01-25,East,Pharmacy,Matte Lipstick,43,430.0,9.7,134.55,Meena G,2023,January,1,18490.0,1793.5299999999997,16696.47,5785.650000000001,10910.82,65.34806459089855
BT-03036,2023-01-25,South,Online,Eyeshadow Palette 9-shade,4,950.0,23.7,388.07,Priya R,2023,January,1,3800.0,900.5999999999999,2899.4,1552.28,1347.1200000000001,46.46202662619853
BT-03095,2023-01-25,West,Modern Trade,Vitamin C Face Serum 30ml,25,660.0,36.9,221.3,Rahul D,2023,January,1,16500.0,6088.5,10411.5,5532.5,4879.0,46.861643375114056
BT-03285,2023-01-25,East,Salon Wholesale,Lip Gloss,33,320.0,12.4,104.19,Sneha B,2023,January,1,10560.0,1309.44,9250.56,3438.27,5812.289999999999,62.83176369863013
BT-03854,2023-01-25,West,Online,Vitamin C Face Serum 30ml,14,560.0,35.0,163.02,Rahul D,2023,January,1,7840.0,2744.0,5096.0,2282.28,2813.72,55.214285714285715
BT-04054,2023-01-25,West,Salon Wholesale,Kajal Eye Pencil,37,160.0,40.0,43.02,Priya S,2023,January,1,5920.0,2368.0,3552.0,1591.74,1960.26,55.1875
BT-04145,2023-01-25,North,Salon Wholesale,Matte Lipstick,33,420.0,6.7,130.2,Deepa S,2023,January,1,13860.0,928.62,12931.38,4296.599999999999,8634.779999999999,66.7738478027867
BT-04285,2023-01-25,West,Salon Wholesale,Night Repair Cream 50ml,30,890.0,38.8,353.06,Nidhi C,2023,January,1,26700.0,10359.599999999999,16340.400000000001,10591.8,5748.600000000002,35.18028934420211
BT-04575,2023-01-25,Central,Salon Wholesale,Perfume 100ml EDP,23,1520.0,4.4,716.07,Sunita P,2023,January,1,34960.0,1538.2400000000002,33421.76,16469.61,16952.15,50.72189495705792
BT-04720,2023-01-25,West,Pharmacy,Perfume 100ml EDP,13,1910.0,35.6,953.85,Rahul D,2023,January,1,24830.0,8839.480000000001,15990.519999999999,12400.050000000001,3590.4699999999975,22.45374134174497
BT-01204,2023-01-26,Central,Pharmacy,Blush Palette,22,800.0,12.6,304.4,Vikram N,2023,January,1,17600.0,2217.6,15382.4,6696.799999999999,8685.6,56.464530892448515
BT-01302,2023-01-26,Central,Pharmacy,Hydrating Moisturiser 50ml,17,550.0,7.2,213.46,Suresh K,2023,January,1,9350.0,673.2,8676.8,3628.82,5047.98,58.17789968652038
BT-02242,2023-01-26,North,Pharmacy,Hair Serum 100ml,59,640.0,5.1,223.04,Deepa S,2023,January,1,37760.0,1925.7599999999998,35834.24,13159.359999999999,22674.879999999997,63.27713382507903
BT-02625,2023-01-26,South,Online,Mascara,5,530.0,29.4,202.14,Priya R,2023,January,1,2650.0,779.0999999999999,1870.9,1010.6999999999999,860.2000000000002,45.97787161259287
BT-03056,2023-01-26,Central,Salon Wholesale,Under Eye Cream 15ml,43,790.0,9.9,241.42,Vikram N,2023,January,1,33970.0,3363.03,30606.97,10381.06,20225.910000000003,66.08269292909426
BT-03059,2023-01-26,Central,Salon Wholesale,BB Cream 30ml,37,530.0,9.8,208.08,Suresh K,2023,January,1,19610.0,1921.78,17688.22,7698.96,9989.260000000002,56.47408275111911
BT-03123,2023-01-26,West,Online,Under Eye Cream 15ml,34,670.0,27.7,197.18,Rahul D,2023,January,1,22780.0,6310.0599999999995,16469.940000000002,6704.12,9765.820000000003,59.294812245824836
BT-03177,2023-01-26,West,Online,Blush Palette,30,660.0,24.3,272.45,Rahul D,2023,January,1,19800.0,4811.4,14988.6,8173.5,6815.1,45.46855610263801
BT-03572,2023-01-26,East,General Trade,Mascara,45,530.0,7.7,197.05,Sneha B,2023,January,1,23850.0,1836.45,22013.55,8867.25,13146.3,59.71912753735767
BT-03795,2023-01-26,South,Pharmacy,Micellar Cleansing Water,30,420.0,21.6,149.6,Priya R,2023,January,1,12600.0,2721.6000000000004,9878.4,4488.0,5390.4,54.56754130223518
BT-04065,2023-01-26,North,Pharmacy,Compact Powder,20,430.0,8.9,152.48,Rohit K,2023,January,1,8600.0,765.4000000000001,7834.6,3049.6,4785.0,61.07523038827763
BT-04912,2023-01-26,Central,Pharmacy,Perfume 100ml EDP,10,2030.0,10.3,918.58,Sunita P,2023,January,1,20300.0,2090.9,18209.1,9185.800000000001,9023.299999999997,49.55379453130577
BT-01264,2023-01-27,East,Pharmacy,Blush Palette,14,710.0,11.7,326.67,Meena G,2023,January,1,9940.0,1162.98,8777.02,4573.38,4203.64,47.893704241302856
BT-01268,2023-01-27,North,Pharmacy,Perfume 100ml EDP,36,2270.0,13.7,970.65,Rohit K,2023,January,1,81720.0,11195.64,70524.36,34943.4,35580.96,50.452014027493476
BT-01375,2023-01-27,East,Modern Trade,Face Wash 100ml,16,200.0,12.2,58.74,Sneha B,2023,January,1,3200.0,390.4,2809.6,939.84,1869.7599999999998,66.54897494305239
BT-01690,2023-01-27,South,Salon Wholesale,Nail Polish Set (12pc),29,570.0,26.1,236.49,Priya R,2023,January,1,16530.0,4314.33,12215.67,6858.21,5357.46,43.8572751228545
BT-01697,2023-01-27,West,Salon Wholesale,SPF 50 Sunscreen 100g,25,490.0,36.5,200.75,Priya S,2023,January,1,12250.0,4471.25,7778.75,5018.75,2760.0,35.481279125823555
BT-01744,2023-01-27,Central,General Trade,Face Wash 100ml,55,180.0,12.7,51.17,Suresh K,2023,January,1,9900.0,1257.3,8642.7,2814.35,5828.35,67.4366806669212
BT-01807,2023-01-27,East,Pharmacy,Perfume 100ml EDP,17,2390.0,4.1,1078.37,Pooja N,2023,January,1,40630.0,1665.8299999999997,38964.17,18332.289999999997,20631.88,52.95090335557001
BT-02841,2023-01-27,South,Modern Trade,Matte Lipstick,53,480.0,16.5,184.46,Anand V,2023,January,1,25440.0,4197.6,21242.4,9776.380000000001,11466.02,53.97704590818363
BT-03348,2023-01-27,West,Pharmacy,Under Eye Cream 15ml,35,870.0,39.2,301.11,Nidhi C,2023,January,1,30450.0,11936.4,18513.6,10538.85,7974.749999999998,43.07509074410163
BT-03987,2023-01-27,East,Online,Rose Water Toner 200ml,34,230.0,12.3,64.49,Pooja N,2023,January,1,7820.0,961.8600000000001,6858.139999999999,2192.66,4665.48,68.02835754300729
BT-04076,2023-01-27,Central,Modern Trade,Blush Palette,2,710.0,8.8,304.66,Vikram N,2023,January,1,1420.0,124.96000000000001,1295.04,609.32,685.7199999999999,52.949715838893
BT-04151,2023-01-27,South,Modern Trade,SPF 50 Sunscreen 100g,37,570.0,24.4,249.03,Kiran T,2023,January,1,21090.0,5145.96,15944.04,9214.11,6729.93,42.20969089390142
BT-04661,2023-01-27,Central,Online,Eyeshadow Palette 9-shade,57,880.0,6.7,417.3,Suresh K,2023,January,1,50160.0,3360.7200000000003,46799.28,23786.100000000002,23013.179999999997,49.174218064893296
BT-04852,2023-01-27,Central,Pharmacy,Face Wash 100ml,10,270.0,6.4,79.7,Suresh K,2023,January,1,2700.0,172.8,2527.2,797.0,1730.1999999999998,68.46312124089901
BT-00218,2023-01-28,North,Pharmacy,Face Wash 100ml,33,260.0,4.3,67.47,Deepa S,2023,January,1,8580.0,368.94,8211.06,2226.5099999999998,5984.549999999999,72.88401253918495
BT-00493,2023-01-28,Central,General Trade,Hydrating Moisturiser 50ml,39,430.0,9.1,170.58,Suresh K,2023,January,1,16770.0,1526.07,15243.93,6652.620000000001,8591.31,56.358891703123795
BT-01396,2023-01-28,Central,Pharmacy,Blush Palette,43,730.0,4.9,301.93,Sunita P,2023,January,1,31390.0,1538.1100000000001,29851.89,12982.99,16868.9,56.508649871080195
BT-02147,2023-01-28,North,Pharmacy,Matte Lipstick,4,390.0,13.4,124.64,Rohit K,2023,January,1,1560.0,209.04000000000002,1350.96,498.56,852.4000000000001,63.095872564694744
BT-02161,2023-01-28,East,Pharmacy,Matte Lipstick,59,390.0,4.4,138.18,Pooja N,2023,January,1,23010.0,1012.44,21997.56,8152.620000000001,13844.94,62.93852590923721
BT-02507,2023-01-28,North,Salon Wholesale,Compact Powder,40,350.0,8.7,129.43,Anjali M,2023,January,1,14000.0,1218.0,12782.0,5177.200000000001,7604.799999999999,59.496166484118284
BT-02617,2023-01-28,South,Modern Trade,Night Repair Cream 50ml,30,710.0,15.1,260.36,Anand V,2023,January,1,21300.0,3216.2999999999997,18083.7,7810.8,10272.900000000001,56.807511737089214
BT-03029,2023-01-28,West,Online,Hair Oil 200ml,6,260.0,32.1,88.17,Rahul D,2023,January,1,1560.0,500.76,1059.24,529.02,530.22,50.056644386541294
BT-03267,2023-01-28,North,Salon Wholesale,Eyeshadow Palette 9-shade,27,930.0,13.2,412.55,Rohit K,2023,January,1,25110.0,3314.52,21795.48,11138.85,10656.63,48.893761458797876
BT-03518,2023-01-28,East,Online,Eyeshadow Palette 9-shade,54,700.0,10.2,315.35,Meena G,2023,January,1,37800.0,3855.6,33944.4,17028.9,16915.5,49.83296213808463
BT-03612,2023-01-28,South,Online,Face Wash 100ml,46,210.0,19.7,53.82,Kiran T,2023,January,1,9660.0,1903.0199999999998,7756.9800000000005,2475.72,5281.26,68.08397082369684
BT-03621,2023-01-28,East,Pharmacy,BB Cream 30ml,52,560.0,11.2,191.91,Meena G,2023,January,1,29120.0,3261.4399999999996,25858.56,9979.32,15879.240000000002,61.40805984555985
BT-03914,2023-01-28,Central,Modern Trade,Rose Water Toner 200ml,38,310.0,7.0,68.32,Sunita P,2023,January,1,11780.0,824.6,10955.4,2596.16,8359.24,76.30246271245231
BT-04322,2023-01-28,South,General Trade,Micellar Cleansing Water,38,460.0,27.4,156.54,Kiran T,2023,January,1,17480.0,4789.5199999999995,12690.48,5948.5199999999995,6741.96,53.12612288896874
BT-00096,2023-01-29,South,General Trade,Vitamin C Face Serum 30ml,3,540.0,26.5,179.17,Kiran T,2023,January,1,1620.0,429.3,1190.7,537.51,653.19,54.85764676240868
BT-00245,2023-01-29,North,Salon Wholesale,Perfume 100ml EDP,8,1430.0,10.0,733.16,Deepa S,2023,January,1,11440.0,1144.0,10296.0,5865.28,4430.72,43.033411033411035
BT-00434,2023-01-29,North,Salon Wholesale,Nail Polish Set (12pc),54,580.0,9.7,248.41,Deepa S,2023,January,1,31320.0,3038.0399999999995,28281.96,13414.14,14867.82,52.5699774697369
BT-01297,2023-01-29,South,Pharmacy,Lip Gloss,50,340.0,23.7,110.3,Priya R,2023,January,1,17000.0,4029.0,12971.0,5515.0,7456.0,57.48207539896693
BT-01392,2023-01-29,Central,Salon Wholesale,Hair Oil 200ml,28,250.0,9.8,91.93,Vikram N,2023,January,1,7000.0,686.0,6314.0,2574.04,3739.96,59.232815964523276
BT-01763,2023-01-29,East,General Trade,Micellar Cleansing Water,3,370.0,8.7,133.01,Sneha B,2023,January,1,1110.0,96.57,1013.4300000000001,399.03,614.4000000000001,60.62579556555461
BT-01901,2023-01-29,South,Pharmacy,Kajal Eye Pencil,21,180.0,16.3,59.83,Kiran T,2023,January,1,3780.0,616.14,3163.86,1256.43,1907.43,60.288065843621396
BT-02366,2023-01-29,South,General Trade,Lip Gloss,44,290.0,16.2,82.85,Anand V,2023,January,1,12760.0,2067.12,10692.880000000001,3645.3999999999996,7047.480000000001,65.9081557073492
BT-02670,2023-01-29,West,Modern Trade,Lip Gloss,13,250.0,25.9,74.47,Nidhi C,2023,January,1,3250.0,841.75,2408.25,968.11,1440.1399999999999,59.80026990553306
BT-02717,2023-01-29,East,Pharmacy,Hydrating Moisturiser 50ml,8,530.0,14.6,197.48,Meena G,2023,January,1,4240.0,619.04,3620.96,1579.84,2041.1200000000001,56.36958154743493
BT-03075,2023-01-29,North,Pharmacy,Nail Polish Set (12pc),32,520.0,12.8,228.12,Rohit K,2023,January,1,16640.0,2129.92,14510.08,7299.84,7210.24,49.69124911785462
BT-03472,2023-01-29,South,Modern Trade,Matte Lipstick,39,450.0,22.1,150.44,Anand V,2023,January,1,17550.0,3878.55,13671.45,5867.16,7804.290000000001,57.08458137212952
BT-03726,2023-01-29,North,General Trade,Matte Lipstick,19,390.0,9.9,154.28,Rohit K,2023,January,1,7410.0,733.59,6676.41,2931.32,3745.0899999999997,56.09436808104954
BT-04511,2023-01-29,West,General Trade,Hydrating Moisturiser 50ml,23,570.0,26.5,222.41,Nidhi C,2023,January,1,13110.0,3474.15,9635.85,5115.43,4520.42,46.9125193937224
BT-04642,2023-01-29,Central,Modern Trade,Night Repair Cream 50ml,2,890.0,7.3,329.21,Sunita P,2023,January,1,1780.0,129.94,1650.06,658.42,991.64,60.097208586354434
BT-04780,2023-01-29,Central,Online,Eyeshadow Palette 9-shade,18,640.0,13.0,262.98,Vikram N,2023,January,1,11520.0,1497.6000000000001,10022.4,4733.64,5288.759999999999,52.769396551724135
BT-00199,2023-01-30,East,Salon Wholesale,SPF 50 Sunscreen 100g,7,540.0,16.0,231.34,Meena G,2023,January,1,3780.0,604.8000000000001,3175.2,1619.38,1555.8199999999997,48.99911816578483
BT-00282,2023-01-30,East,General Trade,Hair Serum 100ml,51,390.0,11.1,152.33,Sneha B,2023,January,1,19890.0,2207.79,17682.21,7768.830000000001,9913.379999999997,56.06414582792534
BT-00382,2023-01-30,Central,Modern Trade,Kajal Eye Pencil,10,190.0,5.6,62.87,Vikram N,2023,January,1,1900.0,106.39999999999999,1793.6,628.6999999999999,1164.9,64.94759143621766
BT-00631,2023-01-30,North,Pharmacy,BB Cream 30ml,16,530.0,11.5,208.71,Deepa S,2023,January,1,8480.0,975.2,7504.8,3339.36,4165.4400000000005,55.50367764630637
BT-01035,2023-01-30,South,Salon Wholesale,Matte Lipstick,25,440.0,18.0,148.76,Anand V,2023,January,1,11000.0,1980.0,9020.0,3719.0,5301.0,58.76940133037694
BT-02062,2023-01-30,South,Online,Micellar Cleansing Water,54,390.0,30.8,119.42,Priya R,2023,January,1,21060.0,6486.48,14573.52,6448.68,8124.84,55.750704016599975
BT-02405,2023-01-30,East,Modern Trade,Vitamin C Face Serum 30ml,51,750.0,8.7,240.07,Pooja N,2023,January,1,38250.0,3327.7499999999995,34922.25,12243.57,22678.68,64.94048922964586
BT-02561,2023-01-30,North,Modern Trade,SPF 50 Sunscreen 100g,41,580.0,9.2,214.31,Anjali M,2023,January,1,23780.0,2187.7599999999998,21592.24,8786.710000000001,12805.53,59.30616740088106
BT-02929,2023-01-30,Central,General Trade,Night Repair Cream 50ml,42,810.0,6.2,302.37,Vikram N,2023,January,1,34020.0,2109.24,31910.760000000002,12699.54,19211.22,60.20295348653557
BT-03000,2023-01-30,Central,General Trade,Matte Lipstick,7,360.0,8.6,137.3,Vikram N,2023,January,1,2520.0,216.71999999999997,2303.28,961.1000000000001,1342.18,58.272550449793336
BT-03553,2023-01-30,South,General Trade,Rose Water Toner 200ml,47,260.0,24.8,64.69,Anand V,2023,January,1,12220.0,3030.56,9189.44,3040.43,6149.01,66.91387070376432
BT-03558,2023-01-30,Central,Salon Wholesale,Blush Palette,34,510.0,6.8,209.81,Vikram N,2023,January,1,17340.0,1179.1200000000001,16160.88,7133.54,9027.34,55.85921063704452
BT-04090,2023-01-30,North,General Trade,Hydrating Moisturiser 50ml,13,460.0,6.1,161.64,Rohit K,2023,January,1,5980.0,364.78,5615.22,2101.3199999999997,3513.9000000000005,62.5781358522017
BT-04203,2023-01-30,South,Online,Kajal Eye Pencil,22,160.0,23.5,47.41,Kiran T,2023,January,1,3520.0,827.1999999999999,2692.8,1043.02,1649.7800000000002,61.26633986928105
BT-04503,2023-01-30,North,Salon Wholesale,Nail Polish Set (12pc),13,660.0,5.1,273.37,Deepa S,2023,January,1,8580.0,437.58,8142.42,3553.81,4588.610000000001,56.35437621738993
BT-04673,2023-01-30,Central,Online,Micellar Cleansing Water,39,440.0,5.8,138.03,Sunita P,2023,January,1,17160.0,995.28,16164.72,5383.17,10781.55,66.69803126809497
BT-00396,2023-01-31,North,General Trade,Lip Gloss,16,270.0,7.3,95.44,Deepa S,2023,January,1,4320.0,315.35999999999996,4004.64,1527.04,2477.6,61.86823284989412
BT-00509,2023-01-31,South,Pharmacy,Night Repair Cream 50ml,30,990.0,22.7,319.97,Kiran T,2023,January,1,29700.0,6741.9,22958.1,9599.1,13358.999999999998,58.188613169208246
BT-00565,2023-01-31,Central,Online,Eyeshadow Palette 9-shade,29,790.0,5.9,329.51,Sunita P,2023,January,1,22910.0,1351.69,21558.31,9555.789999999999,12002.520000000002,55.674679508737015
BT-01074,2023-01-31,North,Online,Lip Gloss,28,330.0,7.2,115.73,Rohit K,2023,January,1,9240.0,665.2800000000001,8574.72,3240.44,5334.279999999999,62.20937826541274
BT-01207,2023-01-31,North,Modern Trade,Blush Palette,40,600.0,5.2,261.96,Deepa S,2023,January,1,24000.0,1248.0,22752.0,10478.4,12273.6,53.945147679324904
BT-01561,2023-01-31,West,Online,Mascara,45,470.0,39.2,180.1,Nidhi C,2023,January,1,21150.0,8290.800000000001,12859.199999999999,8104.5,4754.699999999999,36.97508398656215
BT-01774,2023-01-31,West,General Trade,Micellar Cleansing Water,24,330.0,31.2,110.55,Nidhi C,2023,January,1,7920.0,2471.04,5448.96,2653.2,2795.76,51.30813953488372
BT-01896,2023-01-31,East,Modern Trade,Nail Polish Set (12pc),48,650.0,15.1,250.25,Meena G,2023,January,1,31200.0,4711.2,26488.8,12012.0,14476.8,54.65253239104829
BT-02747,2023-01-31,East,Online,Nail Polish Set (12pc),39,610.0,11.7,250.83,Sneha B,2023,January,1,23790.0,2783.43,21006.57,9782.37,11224.199999999999,53.43185489111263
BT-03218,2023-01-31,East,Modern Trade,Perfume 100ml EDP,29,1630.0,12.5,675.96,Pooja N,2023,January,1,47270.0,5908.75,41361.25,19602.84,21758.41,52.60578439964942
BT-03260,2023-01-31,West,General Trade,Blush Palette,52,650.0,32.1,274.43,Priya S,2023,January,1,33800.0,10849.800000000001,22950.199999999997,14270.36,8679.839999999997,37.820324005891
BT-03494,2023-01-31,North,Modern Trade,Hydrating Moisturiser 50ml,13,370.0,5.2,120.32,Anjali M,2023,January,1,4810.0,250.12000000000003,4559.88,1564.1599999999999,2995.7200000000003,65.69734291253279
BT-03698,2023-01-31,East,General Trade,Kajal Eye Pencil,17,170.0,12.6,51.46,Pooja N,2023,January,1,2890.0,364.14,2525.86,874.82,1651.04,65.36545968501817
BT-03888,2023-01-31,West,General Trade,Mascara,40,440.0,36.6,197.12,Nidhi C,2023,January,1,17600.0,6441.599999999999,11158.400000000001,7884.8,3273.6000000000013,29.337539432176662
BT-04060,2023-01-31,South,Pharmacy,Eyeshadow Palette 9-shade,47,750.0,17.0,308.55,Anand V,2023,January,1,35250.0,5992.5,29257.5,14501.85,14755.65,50.433734939759034
BT-04247,2023-01-31,Central,Modern Trade,Mascara,5,410.0,12.7,178.56,Suresh K,2023,January,1,2050.0,260.35,1789.65,892.8,896.8500000000001,50.11315061604225
BT-04298,2023-01-31,South,Salon Wholesale,Kajal Eye Pencil,3,170.0,19.2,47.07,Priya R,2023,January,1,510.0,97.92,412.08,141.21,270.87,65.73238206173558
BT-04492,2023-01-31,West,Modern Trade,Compact Powder,4,340.0,33.4,118.63,Nidhi C,2023,January,1,1360.0,454.23999999999995,905.76,474.52,431.24,47.610846140257905
BT-04514,2023-01-31,North,Salon Wholesale,Under Eye Cream 15ml,33,760.0,4.9,228.76,Deepa S,2023,January,1,25080.0,1228.92,23851.08,7549.08,16302.000000000002,68.3491062039958
BT-00003,2023-02-01,Central,Pharmacy,Kajal Eye Pencil,38,190.0,5.4,51.7,Vikram N,2023,February,1,7220.0,389.88000000000005,6830.12,1964.6000000000001,4865.5199999999995,71.23623011015911
BT-00011,2023-02-01,East,Online,Mascara,48,500.0,10.5,224.65,Pooja N,2023,February,1,24000.0,2520.0,21480.0,10783.2,10696.8,49.798882681564244
BT-00154,2023-02-01,South,Online,Hydrating Moisturiser 50ml,36,360.0,20.6,113.72,Priya R,2023,February,1,12960.0,2669.76,10290.24,4093.92,6196.32,60.215505177721795
BT-01068,2023-02-01,North,Modern Trade,Nail Polish Set (12pc),22,550.0,9.9,217.63,Deepa S,2023,February,1,12100.0,1197.9,10902.1,4787.86,6114.240000000001,56.08313994551509
BT-01076,2023-02-01,East,General Trade,Lip Gloss,34,210.0,5.3,68.02,Pooja N,2023,February,1,7140.0,378.42,6761.58,2312.68,4448.9,65.79675164680444
BT-01099,2023-02-01,Central,Salon Wholesale,BB Cream 30ml,9,700.0,6.7,281.54,Sunita P,2023,February,1,6300.0,422.1,5877.9,2533.86,3344.0399999999995,56.891747052518745
BT-01739,2023-02-01,Central,Salon Wholesale,Night Repair Cream 50ml,39,760.0,9.9,268.43,Sunita P,2023,February,1,29640.0,2934.36,26705.64,10468.77,16236.869999999999,60.79940417080437
BT-01882,2023-02-01,East,Salon Wholesale,BB Cream 30ml,48,480.0,5.4,153.65,Sneha B,2023,February,1,23040.0,1244.16,21795.84,7375.200000000001,14420.64,66.16235024665257
BT-02251,2023-02-01,Central,General Trade,Compact Powder,17,440.0,5.7,148.19,Vikram N,2023,February,1,7480.0,426.36,7053.64,2519.23,4534.41,64.28468138436324
BT-02488,2023-02-01,West,Pharmacy,Matte Lipstick,7,320.0,39.0,123.97,Rahul D,2023,February,1,2240.0,873.6,1366.4,867.79,498.6100000000001,36.49077868852459
BT-02806,2023-02-01,East,Salon Wholesale,SPF 50 Sunscreen 100g,19,360.0,13.5,147.96,Meena G,2023,February,1,6840.0,923.4000000000001,5916.6,2811.2400000000002,3105.36,52.48554913294797
BT-02828,2023-02-01,Central,Modern Trade,Nail Polish Set (12pc),4,680.0,10.8,296.48,Suresh K,2023,February,1,2720.0,293.76000000000005,2426.24,1185.92,1240.3199999999997,51.12107623318385
BT-02962,2023-02-01,South,Modern Trade,Hydrating Moisturiser 50ml,59,450.0,15.6,176.81,Anand V,2023,February,1,26550.0,4141.8,22408.2,10431.79,11976.41,53.446550816219066
BT-03018,2023-02-01,West,Salon Wholesale,Hydrating Moisturiser 50ml,54,610.0,37.8,231.8,Rahul D,2023,February,1,32940.0,12451.319999999998,20488.68,12517.2,7971.48,38.90675241157556
BT-03575,2023-02-01,South,Pharmacy,Mascara,29,540.0,21.4,219.35,Anand V,2023,February,1,15660.0,3351.24,12308.76,6361.15,5947.610000000001,48.3201394779003
BT-03613,2023-02-01,Central,Pharmacy,Hydrating Moisturiser 50ml,38,590.0,9.7,232.76,Suresh K,2023,February,1,22420.0,2174.74,20245.260000000002,8844.88,11400.380000000003,56.311353867522584
BT-03765,2023-02-01,North,General Trade,Hair Oil 200ml,56,330.0,13.2,128.27,Anjali M,2023,February,1,18480.0,2439.36,16040.64,7183.120000000001,8857.519999999999,55.21924312246892
BT-03834,2023-02-01,West,Modern Trade,Blush Palette,25,640.0,36.9,294.78,Priya S,2023,February,1,16000.0,5904.0,10096.0,7369.499999999999,2726.500000000001,27.005744849445335
BT-04175,2023-02-01,South,Salon Wholesale,Blush Palette,45,510.0,20.5,236.08,Anand V,2023,February,1,22950.0,4704.75,18245.25,10623.6,7621.65,41.77333826612406
BT-04193,2023-02-01,West,Online,Hair Oil 200ml,20,370.0,42.7,123.47,Priya S,2023,February,1,7400.0,3159.8,4240.2,2469.4,1770.7999999999997,41.76218102919673
BT-04440,2023-02-01,North,Modern Trade,Compact Powder,4,330.0,10.0,104.58,Rohit K,2023,February,1,1320.0,132.0,1188.0,418.32,769.6800000000001,64.7878787878788
BT-04910,2023-02-01,East,Pharmacy,SPF 50 Sunscreen 100g,39,460.0,10.5,180.37,Pooja N,2023,February,1,17940.0,1883.6999999999998,16056.3,7034.43,9021.869999999999,56.18897255282973
BT-01484,2023-02-02,Central,Salon Wholesale,Micellar Cleansing Water,26,300.0,7.2,97.32,Sunita P,2023,February,1,7800.0,561.6,7238.4,2530.3199999999997,4708.08,65.04310344827586
BT-01495,2023-02-02,South,Online,Mascara,50,520.0,18.4,202.54,Anand V,2023,February,1,26000.0,4784.0,21216.0,10127.0,11089.0,52.267156862745104
BT-01594,2023-02-02,North,General Trade,Blush Palette,50,590.0,7.2,274.88,Anjali M,2023,February,1,29500.0,2124.0000000000005,27376.0,13744.0,13632.0,49.79544126241964
BT-01666,2023-02-02,East,Online,Hair Oil 200ml,28,340.0,6.3,109.72,Pooja N,2023,February,1,9520.0,599.76,8920.24,3072.16,5848.08,65.55967104024107
BT-01728,2023-02-02,West,Salon Wholesale,Micellar Cleansing Water,21,390.0,31.8,137.83,Rahul D,2023,February,1,8190.0,2604.42,5585.58,2894.4300000000003,2691.1499999999996,48.180314309346564
BT-02067,2023-02-02,West,Online,Blush Palette,38,490.0,39.9,192.77,Priya S,2023,February,1,18620.0,7429.379999999999,11190.62,7325.26,3865.3600000000006,34.5410710041088
BT-02275,2023-02-02,South,Pharmacy,Face Wash 100ml,19,190.0,27.3,61.62,Priya R,2023,February,1,3610.0,985.5300000000001,2624.47,1170.78,1453.6899999999998,55.38985014117136
BT-02428,2023-02-02,East,Salon Wholesale,SPF 50 Sunscreen 100g,7,500.0,6.3,180.5,Sneha B,2023,February,1,3500.0,220.5,3279.5,1263.5,2016.0,61.47278548559232
BT-02627,2023-02-02,South,General Trade,Vitamin C Face Serum 30ml,31,720.0,31.9,248.26,Priya R,2023,February,1,22320.0,7120.08,15199.92,7696.0599999999995,7503.860000000001,49.3677598303149
BT-02853,2023-02-02,West,Salon Wholesale,Micellar Cleansing Water,51,450.0,34.2,130.05,Priya S,2023,February,1,22950.0,7848.900000000001,15101.099999999999,6632.55,8468.55,56.079027355623104
BT-03309,2023-02-02,East,Modern Trade,Hydrating Moisturiser 50ml,55,400.0,10.8,123.0,Sneha B,2023,February,1,22000.0,2376.0000000000005,19624.0,6765.0,12859.0,65.52690582959642
BT-03822,2023-02-02,North,General Trade,Perfume 100ml EDP,56,2150.0,6.7,1048.98,Deepa S,2023,February,1,120400.0,8066.8,112333.2,58742.880000000005,53590.31999999999,47.70657294548717
BT-03986,2023-02-02,East,Pharmacy,Micellar Cleansing Water,12,410.0,16.3,118.94,Meena G,2023,February,1,4920.0,801.96,4118.04,1427.28,2690.76,65.34079319287817
BT-00259,2023-02-03,Central,Online,Hair Serum 100ml,46,600.0,8.3,241.32,Vikram N,2023,February,1,27600.0,2290.8,25309.2,11100.72,14208.480000000001,56.139585605234466
BT-00431,2023-02-03,West,Modern Trade,Face Wash 100ml,30,240.0,24.4,74.45,Rahul D,2023,February,1,7200.0,1756.8,5443.2,2233.5,3209.7,58.967151675485006
BT-00768,2023-02-03,East,Salon Wholesale,Compact Powder,43,290.0,8.4,94.31,Sneha B,2023,February,1,12470.0,1047.48,11422.52,4055.33,7367.1900000000005,64.49706369522661
BT-00971,2023-02-03,South,General Trade,BB Cream 30ml,6,510.0,21.2,201.2,Kiran T,2023,February,1,3060.0,648.72,2411.2799999999997,1207.1999999999998,1204.08,49.93530407086693
BT-01848,2023-02-03,South,Pharmacy,Lip Gloss,55,310.0,27.8,90.61,Priya R,2023,February,1,17050.0,4739.900000000001,12310.099999999999,4983.55,7326.549999999998,59.516575819855234
BT-02568,2023-02-03,North,Online,Lip Gloss,39,210.0,6.2,62.77,Deepa S,2023,February,1,8190.0,507.78,7682.22,2448.03,5234.1900000000005,68.1338206924561
BT-02869,2023-02-03,West,Modern Trade,Hair Serum 100ml,29,430.0,35.2,145.99,Priya S,2023,February,1,12470.0,4389.4400000000005,8080.5599999999995,4233.71,3846.8499999999995,47.60623026126902
BT-03235,2023-02-03,South,Pharmacy,Micellar Cleansing Water,24,320.0,18.2,94.08,Kiran T,2023,February,1,7680.0,1397.76,6282.24,2257.92,4024.3199999999997,64.05867970660147
BT-03840,2023-02-03,West,Modern Trade,Vitamin C Face Serum 30ml,32,660.0,39.7,224.93,Priya S,2023,February,1,21120.0,8384.640000000001,12735.359999999999,7197.76,5537.5999999999985,43.48208452686064
BT-03898,2023-02-03,East,Online,Matte Lipstick,44,410.0,7.8,151.04,Meena G,2023,February,1,18040.0,1407.12,16632.88,6645.759999999999,9987.120000000003,60.044442093010964
BT-04306,2023-02-03,North,Salon Wholesale,SPF 50 Sunscreen 100g,38,560.0,13.9,210.67,Anjali M,2023,February,1,21280.0,2957.92,18322.08,8005.459999999999,10316.620000000003,56.307035009125606
BT-04574,2023-02-03,North,Modern Trade,Compact Powder,43,380.0,8.1,134.94,Rohit K,2023,February,1,16340.0,1323.54,15016.46,5802.42,9214.039999999999,61.35960139739992
BT-04738,2023-02-03,South,Salon Wholesale,BB Cream 30ml,5,610.0,23.2,199.65,Kiran T,2023,February,1,3050.0,707.5999999999999,2342.4,998.25,1344.15,57.38345286885246
BT-00050,2023-02-04,East,Modern Trade,Matte Lipstick,18,490.0,8.5,163.61,Pooja N,2023,February,1,8820.0,749.7,8070.3,2944.9800000000005,5125.32,63.508419761347156
BT-00319,2023-02-04,East,Online,Nail Polish Set (12pc),37,650.0,12.1,296.27,Pooja N,2023,February,1,24050.0,2910.0499999999997,21139.95,10961.99,10177.960000000001,48.145620022753135
BT-00653,2023-02-04,East,Salon Wholesale,Vitamin C Face Serum 30ml,25,720.0,12.9,202.32,Meena G,2023,February,1,18000.0,2322.0,15678.0,5058.0,10620.0,67.7382319173364
BT-00816,2023-02-04,North,Online,Hydrating Moisturiser 50ml,30,360.0,14.0,134.75,Rohit K,2023,February,1,10800.0,1512.0000000000002,9288.0,4042.5,5245.5,56.476098191214476
BT-01361,2023-02-04,West,Online,Nail Polish Set (12pc),37,420.0,36.9,161.32,Nidhi C,2023,February,1,15540.0,5734.26,9805.74,5968.84,3836.8999999999996,39.12912233039015
BT-01989,2023-02-04,West,Salon Wholesale,Lip Gloss,24,310.0,36.2,101.34,Rahul D,2023,February,1,7440.0,2693.28,4746.719999999999,2432.16,2314.5599999999995,48.761249873596924
BT-02387,2023-02-04,East,Pharmacy,Vitamin C Face Serum 30ml,24,740.0,8.2,255.89,Pooja N,2023,February,1,17760.0,1456.3199999999997,16303.68,6141.36,10162.32,62.33144909615498
BT-02402,2023-02-04,West,Online,Hair Serum 100ml,55,620.0,30.3,266.29,Nidhi C,2023,February,1,34100.0,10332.3,23767.7,14645.95,9121.75,38.37876614060258
BT-03417,2023-02-04,West,Salon Wholesale,Hair Oil 200ml,13,250.0,41.1,88.67,Nidhi C,2023,February,1,3250.0,1335.75,1914.25,1152.71,761.54,39.782682512733444
BT-03538,2023-02-04,North,Pharmacy,Rose Water Toner 200ml,56,240.0,7.1,61.78,Anjali M,2023,February,1,13440.0,954.2399999999999,12485.76,3459.6800000000003,9026.08,72.29099390025117
BT-03865,2023-02-04,Central,Pharmacy,Face Wash 100ml,54,260.0,11.6,85.15,Vikram N,2023,February,1,14040.0,1628.6399999999999,12411.36,4598.1,7813.26,62.952488687782804
BT-04432,2023-02-04,North,Online,Rose Water Toner 200ml,55,270.0,7.5,79.11,Anjali M,2023,February,1,14850.0,1113.75,13736.25,4351.05,9385.2,68.32432432432432
BT-04474,2023-02-04,East,Modern Trade,BB Cream 30ml,18,590.0,13.0,205.02,Pooja N,2023,February,1,10620.0,1380.6000000000001,9239.4,3690.36,5549.039999999999,60.05844535359438
BT-01326,2023-02-05,West,General Trade,Kajal Eye Pencil,15,160.0,36.7,46.94,Rahul D,2023,February,1,2400.0,880.8000000000001,1519.1999999999998,704.0999999999999,815.0999999999999,53.653238546603475
BT-01649,2023-02-05,South,General Trade,Hair Serum 100ml,60,670.0,21.0,223.58,Anand V,2023,February,1,40200.0,8442.0,31758.0,13414.800000000001,18343.199999999997,57.759304742112214
BT-02016,2023-02-05,East,Pharmacy,Blush Palette,30,770.0,12.2,336.57,Pooja N,2023,February,1,23100.0,2818.2,20281.8,10097.1,10184.699999999999,50.21595716356536
BT-02391,2023-02-05,Central,Modern Trade,Under Eye Cream 15ml,28,730.0,12.5,245.13,Vikram N,2023,February,1,20440.0,2555.0,17885.0,6863.639999999999,11021.36,61.62348336594913
BT-02523,2023-02-05,West,Modern Trade,Blush Palette,24,740.0,28.1,286.68,Rahul D,2023,February,1,17760.0,4990.56,12769.439999999999,6880.32,5889.119999999999,46.11885877532609
BT-02632,2023-02-05,North,Modern Trade,Vitamin C Face Serum 30ml,8,610.0,7.3,194.04,Rohit K,2023,February,1,4880.0,356.23999999999995,4523.76,1552.32,2971.4400000000005,65.6851822377845
BT-02908,2023-02-05,East,General Trade,Blush Palette,25,620.0,9.9,256.31,Meena G,2023,February,1,15500.0,1534.5,13965.5,6407.75,7557.75,54.11728903369016
BT-03156,2023-02-05,East,Online,Micellar Cleansing Water,27,340.0,8.1,115.7,Pooja N,2023,February,1,9180.0,743.58,8436.42,3123.9,5312.52,62.97126032132113
BT-03533,2023-02-05,Central,General Trade,Under Eye Cream 15ml,19,580.0,5.1,190.18,Sunita P,2023,February,1,11020.0,562.02,10457.98,3613.42,6844.5599999999995,65.44820319029104
BT-03727,2023-02-05,North,Online,Night Repair Cream 50ml,29,1180.0,6.1,379.61,Rohit K,2023,February,1,34220.0,2087.42,32132.58,11008.69,21123.89,65.73978809046767
BT-04130,2023-02-05,Central,Modern Trade,Rose Water Toner 200ml,25,350.0,8.0,87.33,Suresh K,2023,February,1,8750.0,700.0,8050.0,2183.25,5866.75,72.87888198757764
BT-04496,2023-02-05,South,Online,Nail Polish Set (12pc),60,400.0,19.5,191.0,Anand V,2023,February,1,24000.0,4680.0,19320.0,11460.0,7860.0,40.683229813664596
BT-04884,2023-02-05,Central,Online,Eyeshadow Palette 9-shade,51,820.0,11.5,356.95,Vikram N,2023,February,1,41820.0,4809.3,37010.7,18204.45,18806.249999999996,50.81300813008129
BT-04956,2023-02-05,Central,Salon Wholesale,Night Repair Cream 50ml,16,730.0,6.6,291.42,Sunita P,2023,February,1,11680.0,770.88,10909.12,4662.72,6246.400000000001,57.25851397729607
BT-00347,2023-02-06,Central,General Trade,Face Wash 100ml,44,190.0,10.7,61.03,Vikram N,2023,February,1,8360.0,894.52,7465.48,2685.32,4780.16,64.03017622443568
BT-00508,2023-02-06,North,Pharmacy,Compact Powder,9,440.0,7.9,132.13,Anjali M,2023,February,1,3960.0,312.84,3647.16,1189.17,2457.99,67.39463034251307
BT-00707,2023-02-06,West,Online,Matte Lipstick,5,410.0,43.8,160.72,Priya S,2023,February,1,2050.0,897.8999999999999,1152.1000000000001,803.6,348.5000000000001,30.249110320284707
BT-00789,2023-02-06,Central,Pharmacy,Nail Polish Set (12pc),10,470.0,13.8,199.33,Suresh K,2023,February,1,4700.0,648.6,4051.4,1993.3000000000002,2058.1,50.79972355235227
BT-00935,2023-02-06,East,Modern Trade,Night Repair Cream 50ml,53,1130.0,12.9,440.02,Meena G,2023,February,1,59890.0,7725.81,52164.19,23321.059999999998,28843.130000000005,55.29297013909351
BT-02576,2023-02-06,South,Modern Trade,Rose Water Toner 200ml,14,260.0,12.3,73.5,Anand V,2023,February,1,3640.0,447.72,3192.2799999999997,1029.0,2163.2799999999997,67.76598543987369
BT-02771,2023-02-06,East,General Trade,Kajal Eye Pencil,57,230.0,4.7,77.05,Pooja N,2023,February,1,13110.0,616.17,12493.83,4391.849999999999,8101.9800000000005,64.84784889821617
BT-02997,2023-02-06,South,Online,Vitamin C Face Serum 30ml,14,750.0,12.7,228.6,Anand V,2023,February,1,10500.0,1333.5,9166.5,3200.4,5966.1,65.08591065292096
BT-03137,2023-02-06,South,Online,Mascara,4,560.0,22.6,225.06,Kiran T,2023,February,1,2240.0,506.24,1733.76,900.24,833.52,48.07585825027685
BT-03236,2023-02-06,West,Salon Wholesale,Perfume 100ml EDP,32,2560.0,41.3,1282.05,Priya S,2023,February,1,81920.0,33832.96,48087.04,41025.6,7061.440000000002,14.684705068143106
BT-03703,2023-02-06,East,General Trade,Face Wash 100ml,9,270.0,12.1,72.66,Meena G,2023,February,1,2430.0,294.03,2135.9700000000003,653.9399999999999,1482.0300000000002,69.38440146631272
BT-04032,2023-02-06,West,Modern Trade,SPF 50 Sunscreen 100g,36,370.0,23.3,144.93,Rahul D,2023,February,1,13320.0,3103.56,10216.44,5217.4800000000005,4998.96,48.93054723563198
BT-04300,2023-02-06,South,Salon Wholesale,Kajal Eye Pencil,8,200.0,28.1,54.48,Priya R,2023,February,1,1600.0,449.6,1150.4,435.84,714.5600000000002,62.11404728789988
BT-04518,2023-02-06,North,Modern Trade,Nail Polish Set (12pc),4,490.0,10.1,220.89,Anjali M,2023,February,1,1960.0,197.95999999999998,1762.04,883.56,878.48,49.855848902408574
BT-00001,2023-02-07,East,Online,SPF 50 Sunscreen 100g,54,460.0,10.0,163.67,Meena G,2023,February,1,24840.0,2484.0,22356.0,8838.179999999998,13517.820000000002,60.46618357487923
BT-00773,2023-02-07,West,Salon Wholesale,BB Cream 30ml,41,700.0,31.2,254.87,Rahul D,2023,February,1,28700.0,8954.4,19745.6,10449.67,9295.929999999998,47.07848837209302
BT-01056,2023-02-07,South,Modern Trade,Blush Palette,46,640.0,20.6,261.95,Anand V,2023,February,1,29440.0,6064.64,23375.36,12049.699999999999,11325.660000000002,48.45127518891688
BT-01116,2023-02-07,Central,Modern Trade,Rose Water Toner 200ml,4,330.0,5.5,77.71,Vikram N,2023,February,1,1320.0,72.6,1247.4,310.84,936.5600000000002,75.08096841430175
BT-01118,2023-02-07,West,Pharmacy,Kajal Eye Pencil,12,180.0,23.2,49.23,Rahul D,2023,February,1,2160.0,501.11999999999995,1658.88,590.76,1068.1200000000001,64.38802083333334
BT-01486,2023-02-07,South,General Trade,BB Cream 30ml,7,690.0,26.2,222.46,Kiran T,2023,February,1,4830.0,1265.46,3564.54,1557.22,2007.32,56.31357762852991
BT-01682,2023-02-07,Central,Salon Wholesale,Under Eye Cream 15ml,37,900.0,13.7,274.95,Suresh K,2023,February,1,33300.0,4562.099999999999,28737.9,10173.15,18564.75,64.60023174971032
BT-01861,2023-02-07,North,Modern Trade,BB Cream 30ml,51,430.0,10.9,154.89,Rohit K,2023,February,1,21930.0,2390.37,19539.63,7899.389999999999,11640.240000000002,59.57246887479446
BT-01938,2023-02-07,North,Salon Wholesale,Rose Water Toner 200ml,23,340.0,8.9,78.51,Anjali M,2023,February,1,7820.0,695.9800000000001,7124.0199999999995,1805.73,5318.289999999999,74.6529347194421
BT-02600,2023-02-07,North,Salon Wholesale,Hair Serum 100ml,3,590.0,5.9,212.52,Deepa S,2023,February,1,1770.0,104.43,1665.57,637.5600000000001,1028.0099999999998,61.72121255786306
BT-02976,2023-02-07,North,Salon Wholesale,Matte Lipstick,14,280.0,8.0,91.2,Anjali M,2023,February,1,3920.0,313.6,3606.4,1276.8,2329.6000000000004,64.59627329192547
BT-03144,2023-02-07,West,Pharmacy,Perfume 100ml EDP,30,1640.0,30.4,690.6,Nidhi C,2023,February,1,49200.0,14956.8,34243.2,20718.0,13525.199999999997,39.49747687132043
BT-03313,2023-02-07,East,General Trade,Blush Palette,56,600.0,6.4,267.96,Meena G,2023,February,1,33600.0,2150.4,31449.6,15005.759999999998,16443.84,52.28632478632479
BT-03421,2023-02-07,North,Online,Perfume 100ml EDP,12,1780.0,11.5,812.75,Deepa S,2023,February,1,21360.0,2456.4,18903.6,9753.0,9150.599999999999,48.40665270107281
BT-03862,2023-02-07,West,Pharmacy,Vitamin C Face Serum 30ml,16,660.0,26.1,218.59,Rahul D,2023,February,1,10560.0,2756.1600000000003,7803.84,3497.44,4306.4,55.18308935088366
BT-04513,2023-02-07,South,Modern Trade,Night Repair Cream 50ml,9,1130.0,24.7,379.91,Kiran T,2023,February,1,10170.0,2511.99,7658.01,3419.19,4238.82,55.35145553479298
BT-00302,2023-02-08,Central,Online,Kajal Eye Pencil,12,230.0,8.9,68.26,Vikram N,2023,February,1,2760.0,245.64000000000001,2514.36,819.1200000000001,1695.24,67.4223261585453
BT-00710,2023-02-08,North,Online,Hydrating Moisturiser 50ml,9,570.0,5.9,183.6,Deepa S,2023,February,1,5130.0,302.67,4827.33,1652.3999999999999,3174.9300000000003,65.76989764528219
BT-00964,2023-02-08,Central,Modern Trade,Kajal Eye Pencil,42,200.0,4.9,54.46,Sunita P,2023,February,1,8400.0,411.6,7988.4,2287.32,5701.08,71.36698212407991
BT-02254,2023-02-08,Central,Online,Mascara,55,360.0,11.5,148.43,Vikram N,2023,February,1,19800.0,2277.0,17523.0,8163.650000000001,9359.349999999999,53.41180163214061
BT-03387,2023-02-08,South,Pharmacy,Under Eye Cream 15ml,47,690.0,15.3,233.98,Kiran T,2023,February,1,32430.0,4961.79,27468.21,10997.06,16471.15,59.964409766781316
BT-03492,2023-02-08,Central,Salon Wholesale,Lip Gloss,32,210.0,4.9,60.84,Sunita P,2023,February,1,6720.0,329.28000000000003,6390.72,1946.88,4443.84,69.53582694907617
BT-03540,2023-02-08,Central,Salon Wholesale,SPF 50 Sunscreen 100g,52,560.0,9.3,236.71,Sunita P,2023,February,1,29120.0,2708.1600000000003,26411.84,12308.92,14102.92,53.39620412663412
BT-03628,2023-02-08,North,Pharmacy,Vitamin C Face Serum 30ml,37,700.0,6.5,213.01,Deepa S,2023,February,1,25900.0,1683.5,24216.5,7881.37,16335.130000000001,67.45454545454545
BT-03786,2023-02-08,South,Online,Under Eye Cream 15ml,41,650.0,15.2,246.22,Kiran T,2023,February,1,26650.0,4050.7999999999997,22599.2,10095.02,12504.18,55.33018867924528
BT-04125,2023-02-08,East,General Trade,SPF 50 Sunscreen 100g,41,330.0,5.1,141.07,Sneha B,2023,February,1,13530.0,690.03,12839.97,5783.87,7056.099999999999,54.95417824184947
BT-04411,2023-02-08,North,Salon Wholesale,Matte Lipstick,4,380.0,13.6,149.15,Anjali M,2023,February,1,1520.0,206.72000000000003,1313.28,596.6,716.68,54.57175925925925
BT-04489,2023-02-08,Central,Salon Wholesale,Rose Water Toner 200ml,13,260.0,6.7,68.77,Sunita P,2023,February,1,3380.0,226.46,3153.54,894.01,2259.5299999999997,71.65058949624866
BT-04935,2023-02-08,North,Modern Trade,Under Eye Cream 15ml,8,710.0,13.6,217.47,Anjali M,2023,February,1,5680.0,772.48,4907.52,1739.76,3167.76,64.54910015649452
BT-02698,2023-02-09,West,Modern Trade,Matte Lipstick,28,390.0,37.2,133.26,Nidhi C,2023,February,1,10920.0,4062.2400000000007,6857.759999999999,3731.2799999999997,3126.4799999999996,45.59039686428221
BT-02721,2023-02-09,North,Pharmacy,Rose Water Toner 200ml,58,330.0,12.2,81.61,Rohit K,2023,February,1,19140.0,2335.08,16804.92,4733.38,12071.539999999997,71.83336784703526
BT-03084,2023-02-09,East,Modern Trade,Eyeshadow Palette 9-shade,7,910.0,12.2,401.22,Meena G,2023,February,1,6370.0,777.14,5592.86,2808.54,2784.3199999999997,49.783473929259806
BT-03189,2023-02-09,Central,General Trade,Rose Water Toner 200ml,57,280.0,7.7,63.59,Suresh K,2023,February,1,15960.0,1228.92,14731.08,3624.63,11106.45,75.39467574678844
BT-03480,2023-02-09,North,Online,Night Repair Cream 50ml,15,970.0,8.7,384.7,Deepa S,2023,February,1,14550.0,1265.85,13284.15,5770.5,7513.65,56.561014442023016
BT-03562,2023-02-09,East,Pharmacy,Micellar Cleansing Water,41,320.0,7.0,103.23,Sneha B,2023,February,1,13120.0,918.4000000000001,12201.6,4232.43,7969.17,65.3125
BT-03877,2023-02-09,North,Online,Eyeshadow Palette 9-shade,28,920.0,5.6,394.13,Anjali M,2023,February,1,25760.0,1442.56,24317.44,11035.64,13281.8,54.61841378039794
BT-03964,2023-02-09,North,Online,Vitamin C Face Serum 30ml,6,740.0,7.6,239.32,Deepa S,2023,February,1,4440.0,337.44,4102.56,1435.92,2666.6400000000003,64.99941499941501
BT-04009,2023-02-09,South,Salon Wholesale,Blush Palette,36,670.0,28.3,300.03,Priya R,2023,February,1,24120.0,6825.960000000001,17294.04,10801.079999999998,6492.960000000003,37.544495097733105
BT-04057,2023-02-09,North,Online,Compact Powder,26,440.0,12.4,155.23,Rohit K,2023,February,1,11440.0,1418.56,10021.44,4035.9799999999996,5985.460000000001,59.72654628476547
BT-04597,2023-02-09,East,Online,Hair Serum 100ml,18,480.0,4.9,191.09,Pooja N,2023,February,1,8640.0,423.36,8216.64,3439.62,4777.0199999999995,58.13836312653348
BT-04698,2023-02-09,West,General Trade,SPF 50 Sunscreen 100g,56,390.0,30.3,173.32,Rahul D,2023,February,1,21840.0,6617.5199999999995,15222.48,9705.92,5516.5599999999995,36.23956149063753
BT-00539,2023-02-10,Central,Online,Under Eye Cream 15ml,6,560.0,10.5,199.75,Vikram N,2023,February,1,3360.0,352.8,3007.2,1198.5,1808.6999999999998,60.14565043894653
BT-01429,2023-02-10,East,Online,Lip Gloss,15,240.0,10.8,71.59,Sneha B,2023,February,1,3600.0,388.80000000000007,3211.2,1073.8500000000001,2137.3499999999995,66.55923019431987
BT-01457,2023-02-10,West,Pharmacy,Under Eye Cream 15ml,30,620.0,33.2,223.63,Rahul D,2023,February,1,18600.0,6175.200000000001,12424.8,6708.9,5715.9,46.0039598222909
BT-01538,2023-02-10,North,General Trade,Nail Polish Set (12pc),46,440.0,6.8,168.92,Rohit K,2023,February,1,20240.0,1376.3200000000002,18863.68,7770.32,11093.36,58.808037456106135
BT-01865,2023-02-10,East,Salon Wholesale,Night Repair Cream 50ml,51,890.0,9.7,363.74,Pooja N,2023,February,1,45390.0,4402.83,40987.17,18550.74,22436.429999999997,54.74012965520674
BT-02596,2023-02-10,Central,Modern Trade,Rose Water Toner 200ml,37,320.0,8.1,72.93,Vikram N,2023,February,1,11840.0,959.0400000000001,10880.96,2698.4100000000003,8182.549999999999,75.20062568008706
BT-02685,2023-02-10,East,General Trade,Eyeshadow Palette 9-shade,20,710.0,13.2,315.88,Sneha B,2023,February,1,14200.0,1874.4,12325.6,6317.6,6008.0,48.744077367430386
BT-03306,2023-02-10,West,General Trade,Lip Gloss,9,340.0,26.6,111.62,Rahul D,2023,February,1,3060.0,813.96,2246.04,1004.58,1241.46,55.273280974515146
BT-03360,2023-02-10,East,General Trade,BB Cream 30ml,48,570.0,5.4,215.69,Sneha B,2023,February,1,27360.0,1477.4400000000003,25882.56,10353.119999999999,15529.440000000002,59.99962909387635
BT-03509,2023-02-10,Central,Modern Trade,Compact Powder,29,390.0,4.9,146.21,Sunita P,2023,February,1,11310.0,554.19,10755.81,4240.09,6515.719999999999,60.57860821267761
BT-03536,2023-02-10,South,Modern Trade,Nail Polish Set (12pc),27,480.0,16.2,196.18,Kiran T,2023,February,1,12960.0,2099.52,10860.48,5296.860000000001,5563.619999999999,51.228122513922024
BT-04534,2023-02-10,East,Salon Wholesale,Night Repair Cream 50ml,38,1060.0,15.7,381.71,Meena G,2023,February,1,40280.0,6323.96,33956.04,14504.98,19451.06,57.283063631683795
BT-04622,2023-02-10,South,Modern Trade,Perfume 100ml EDP,10,1910.0,21.6,910.31,Anand V,2023,February,1,19100.0,4125.6,14974.4,9103.099999999999,5871.300000000001,39.20891655091357
BT-04654,2023-02-10,North,Pharmacy,Rose Water Toner 200ml,7,280.0,11.7,64.6,Deepa S,2023,February,1,1960.0,229.32,1730.68,452.19999999999993,1278.48,73.8715418217117
BT-04898,2023-02-10,North,Pharmacy,Kajal Eye Pencil,7,180.0,8.6,61.22,Anjali M,2023,February,1,1260.0,108.35999999999999,1151.64,428.53999999999996,723.1000000000001,62.78871869681498
BT-00350,2023-02-11,South,Pharmacy,Lip Gloss,53,310.0,21.4,95.02,Anand V,2023,February,1,16430.0,3516.02,12913.98,5036.0599999999995,7877.92,61.00303701879669
BT-00748,2023-02-11,Central,Online,Hydrating Moisturiser 50ml,41,520.0,9.7,191.83,Vikram N,2023,February,1,21320.0,2068.04,19251.96,7865.030000000001,11386.929999999998,59.146860891046934
BT-01145,2023-02-11,Central,Salon Wholesale,Hair Serum 100ml,32,390.0,12.6,137.32,Vikram N,2023,February,1,12480.0,1572.48,10907.52,4394.24,6513.280000000001,59.713665434489236
BT-01158,2023-02-11,North,Online,Hair Oil 200ml,20,390.0,10.7,145.7,Anjali M,2023,February,1,7800.0,834.6,6965.4,2914.0,4051.3999999999996,58.16464237516868
BT-01307,2023-02-11,West,Salon Wholesale,Compact Powder,38,470.0,31.2,187.44,Nidhi C,2023,February,1,17860.0,5572.32,12287.68,7122.72,5164.96,42.03364670954973
BT-01710,2023-02-11,East,Modern Trade,Face Wash 100ml,36,260.0,13.1,70.15,Meena G,2023,February,1,9360.0,1226.16,8133.84,2525.4,5608.4400000000005,68.95193414180757
BT-01784,2023-02-11,Central,Online,Matte Lipstick,31,330.0,11.0,105.34,Sunita P,2023,February,1,10230.0,1125.3,9104.7,3265.54,5839.160000000001,64.13346952672796
BT-02838,2023-02-11,East,Modern Trade,Rose Water Toner 200ml,30,250.0,11.8,61.45,Sneha B,2023,February,1,7500.0,885.0000000000001,6615.0,1843.5,4771.5,72.13151927437642
BT-02855,2023-02-11,Central,General Trade,Perfume 100ml EDP,11,2610.0,12.8,1293.25,Vikram N,2023,February,1,28710.0,3674.88,25035.12,14225.75,10809.369999999999,43.17682519596471
BT-03326,2023-02-11,South,Salon Wholesale,Perfume 100ml EDP,20,2770.0,31.5,1228.22,Priya R,2023,February,1,55400.0,17451.0,37949.0,24564.4,13384.599999999999,35.269967588078735
BT-03942,2023-02-11,North,General Trade,Eyeshadow Palette 9-shade,35,860.0,8.8,405.92,Rohit K,2023,February,1,30100.0,2648.8,27451.2,14207.2,13244.0,48.24561403508772
BT-03977,2023-02-11,Central,Pharmacy,Eyeshadow Palette 9-shade,40,960.0,9.1,403.58,Sunita P,2023,February,1,38400.0,3494.4,34905.6,16143.199999999999,18762.4,53.75183351668501
BT-04240,2023-02-11,Central,General Trade,Mascara,10,480.0,10.0,176.4,Sunita P,2023,February,1,4800.0,480.0,4320.0,1764.0,2556.0,59.166666666666664
BT-04331,2023-02-11,East,Pharmacy,Micellar Cleansing Water,3,420.0,11.5,143.39,Sneha B,2023,February,1,1260.0,144.9,1115.1,430.16999999999996,684.93,61.423190745224645
BT-00594,2023-02-12,South,Online,Vitamin C Face Serum 30ml,7,770.0,20.1,236.24,Priya R,2023,February,1,5390.0,1083.39,4306.61,1653.68,2652.9299999999994,61.60135233977536
BT-00669,2023-02-12,West,Salon Wholesale,Rose Water Toner 200ml,38,290.0,32.7,75.57,Priya S,2023,February,1,11020.0,3603.54,7416.46,2871.66,4544.8,61.27990982220628
BT-00840,2023-02-12,North,Salon Wholesale,Matte Lipstick,10,340.0,9.3,131.72,Deepa S,2023,February,1,3400.0,316.20000000000005,3083.8,1317.2,1766.6000000000001,57.28646475128089
BT-01025,2023-02-12,Central,Online,Mascara,29,580.0,6.3,245.92,Vikram N,2023,February,1,16820.0,1059.66,15760.34,7131.679999999999,8628.66,54.749199573105656
BT-03340,2023-02-12,West,Salon Wholesale,Rose Water Toner 200ml,50,230.0,35.5,59.29,Rahul D,2023,February,1,11500.0,4082.5,7417.5,2964.5,4453.0,60.03370407819346
BT-03359,2023-02-12,North,Salon Wholesale,Matte Lipstick,23,340.0,8.8,127.6,Rohit K,2023,February,1,7820.0,688.1600000000001,7131.84,2934.7999999999997,4197.040000000001,58.84932920536636
BT-03469,2023-02-12,Central,Online,Blush Palette,20,650.0,5.4,258.83,Vikram N,2023,February,1,13000.0,702.0000000000001,12298.0,5176.599999999999,7121.400000000001,57.90697674418605
BT-03768,2023-02-12,West,Online,Compact Powder,24,460.0,37.7,144.53,Rahul D,2023,February,1,11040.0,4162.08,6877.92,3468.7200000000003,3409.2,49.56731104752599
BT-04051,2023-02-12,West,General Trade,Mascara,60,380.0,24.5,149.49,Rahul D,2023,February,1,22800.0,5586.0,17214.0,8969.400000000001,8244.599999999999,47.89473684210526
BT-05000,2023-02-12,East,Online,Eyeshadow Palette 9-shade,38,900.0,15.7,382.68,Meena G,2023,February,1,34200.0,5369.4,28830.6,14541.84,14288.759999999998,49.56109134045077
BT-00022,2023-02-13,West,General Trade,Mascara,11,350.0,28.2,131.78,Rahul D,2023,February,1,3850.0,1085.6999999999998,2764.3,1449.58,1314.7200000000003,47.56068444090729
BT-00072,2023-02-13,North,General Trade,Hair Oil 200ml,32,220.0,9.1,84.04,Anjali M,2023,February,1,7040.0,640.64,6399.36,2689.28,3710.0799999999995,57.97579757975797
BT-00223,2023-02-13,North,Modern Trade,Compact Powder,20,400.0,9.7,138.44,Deepa S,2023,February,1,8000.0,775.9999999999999,7224.0,2768.8,4455.2,61.67220376522702
BT-00349,2023-02-13,East,Salon Wholesale,Micellar Cleansing Water,36,340.0,10.1,121.62,Sneha B,2023,February,1,12240.0,1236.24,11003.76,4378.32,6625.4400000000005,60.2106916181378
BT-00793,2023-02-13,Central,Pharmacy,Perfume 100ml EDP,8,2480.0,10.0,1060.2,Suresh K,2023,February,1,19840.0,1984.0,17856.0,8481.6,9374.4,52.5
BT-01134,2023-02-13,East,Online,Blush Palette,39,560.0,14.4,225.57,Sneha B,2023,February,1,21840.0,3144.9600000000005,18695.04,8797.23,9897.810000000001,52.943508010680915
BT-02178,2023-02-13,South,Modern Trade,Kajal Eye Pencil,46,170.0,30.0,52.94,Priya R,2023,February,1,7820.0,2346.0,5474.0,2435.24,3038.76,55.512605042016816
BT-02192,2023-02-13,West,Online,Mascara,57,510.0,36.1,197.27,Priya S,2023,February,1,29070.0,10494.27,18575.73,11244.390000000001,7331.339999999998,39.467304918837634
BT-02194,2023-02-13,West,Pharmacy,Night Repair Cream 50ml,20,970.0,26.2,371.12,Rahul D,2023,February,1,19400.0,5082.8,14317.2,7422.4,6894.800000000001,48.157460956052866
BT-02432,2023-02-13,South,Modern Trade,Hair Serum 100ml,10,520.0,19.7,181.58,Kiran T,2023,February,1,5200.0,1024.3999999999999,4175.6,1815.8000000000002,2359.8,56.514033911294185
BT-02651,2023-02-13,West,General Trade,BB Cream 30ml,60,480.0,41.4,191.9,Nidhi C,2023,February,1,28800.0,11923.199999999999,16876.800000000003,11514.0,5362.800000000003,31.776166097838466
BT-04002,2023-02-13,East,Online,Kajal Eye Pencil,20,240.0,15.1,81.48,Meena G,2023,February,1,4800.0,724.8,4075.2,1629.6000000000001,2445.5999999999995,60.011778563015305
BT-04450,2023-02-13,North,Modern Trade,SPF 50 Sunscreen 100g,10,380.0,6.4,135.89,Deepa S,2023,February,1,3800.0,243.20000000000002,3556.8,1358.8999999999999,2197.9000000000005,61.79430949167792
BT-04504,2023-02-13,North,General Trade,Perfume 100ml EDP,55,1750.0,13.7,858.55,Anjali M,2023,February,1,96250.0,13186.249999999998,83063.75,47220.25,35843.5,43.151796060254924
BT-00234,2023-02-14,North,Pharmacy,Lip Gloss,36,310.0,12.9,92.57,Rohit K,2023,February,1,11160.0,1439.64,9720.36,3332.5199999999995,6387.840000000001,65.71608458945965
BT-00413,2023-02-14,West,Online,BB Cream 30ml,55,610.0,28.5,238.88,Priya S,2023,February,1,33550.0,9561.75,23988.25,13138.4,10849.85,45.22985211509802
BT-00463,2023-02-14,Central,Modern Trade,Nail Polish Set (12pc),50,430.0,12.7,206.31,Suresh K,2023,February,1,21500.0,2730.5,18769.5,10315.5,8454.0,45.04115719651563
BT-00537,2023-02-14,South,Pharmacy,Face Wash 100ml,36,250.0,27.5,64.25,Priya R,2023,February,1,9000.0,2475.0,6525.0,2313.0,4212.0,64.55172413793103
BT-00929,2023-02-14,Central,General Trade,BB Cream 30ml,35,520.0,11.5,211.33,Sunita P,2023,February,1,18200.0,2093.0,16107.0,7396.55,8710.45,54.07866145154281
BT-01331,2023-02-14,West,Pharmacy,Under Eye Cream 15ml,54,800.0,41.2,269.28,Priya S,2023,February,1,43200.0,17798.4,25401.6,14541.119999999999,10860.48,42.755102040816325
BT-01465,2023-02-14,West,Pharmacy,Hair Serum 100ml,8,640.0,36.2,240.06,Priya S,2023,February,1,5120.0,1853.4400000000003,3266.5599999999995,1920.48,1346.0799999999995,41.20787617554858
BT-01564,2023-02-14,West,Salon Wholesale,Night Repair Cream 50ml,11,750.0,36.5,282.45,Priya S,2023,February,1,8250.0,3011.25,5238.75,3106.95,2131.8,40.69291338582677
BT-01718,2023-02-14,North,Pharmacy,Nail Polish Set (12pc),25,430.0,13.9,170.54,Anjali M,2023,February,1,10750.0,1494.2500000000002,9255.75,4263.5,4992.25,53.93674202522756
BT-02514,2023-02-14,North,General Trade,Vitamin C Face Serum 30ml,31,720.0,9.4,245.74,Rohit K,2023,February,1,22320.0,2098.08,20221.92,7617.9400000000005,12603.979999999998,62.32830512631836
BT-02740,2023-02-14,South,General Trade,Compact Powder,7,320.0,24.8,96.48,Kiran T,2023,February,1,2240.0,555.52,1684.48,675.36,1009.12,59.90691489361703
BT-02898,2023-02-14,South,Pharmacy,Mascara,31,420.0,23.4,188.71,Anand V,2023,February,1,13020.0,3046.68,9973.32,5850.01,4123.3099999999995,41.34340420241203
BT-03058,2023-02-14,East,Online,Hydrating Moisturiser 50ml,3,580.0,15.4,178.06,Meena G,2023,February,1,1740.0,267.96,1472.04,534.1800000000001,937.8599999999999,63.71158392434988
BT-03169,2023-02-14,Central,General Trade,Eyeshadow Palette 9-shade,44,610.0,10.2,298.84,Sunita P,2023,February,1,26840.0,2737.68,24102.32,13148.96,10953.36,45.44525174340064
BT-03974,2023-02-14,East,General Trade,Kajal Eye Pencil,56,120.0,11.6,32.78,Sneha B,2023,February,1,6720.0,779.52,5940.48,1835.68,4104.799999999999,69.09879336349924
BT-04038,2023-02-14,North,Pharmacy,Micellar Cleansing Water,40,410.0,11.3,137.15,Anjali M,2023,February,1,16400.0,1853.2,14546.8,5486.0,9060.8,62.28723843044518
BT-04192,2023-02-14,East,Modern Trade,Lip Gloss,27,210.0,9.1,73.16,Pooja N,2023,February,1,5670.0,515.97,5154.03,1975.32,3178.71,61.67426266436168
BT-04209,2023-02-14,Central,Online,BB Cream 30ml,36,580.0,13.1,234.78,Suresh K,2023,February,1,20880.0,2735.28,18144.72,8452.08,9692.640000000001,53.41851513828817
BT-04301,2023-02-14,West,Online,Kajal Eye Pencil,57,200.0,35.5,58.58,Priya S,2023,February,1,11400.0,4047.0,7353.0,3339.06,4013.94,54.58914728682171
BT-04304,2023-02-14,South,Modern Trade,Compact Powder,13,270.0,23.6,92.07,Anand V,2023,February,1,3510.0,828.36,2681.64,1196.9099999999999,1484.73,55.366492146596855
BT-04658,2023-02-14,Central,Pharmacy,Hair Oil 200ml,31,230.0,7.3,81.99,Vikram N,2023,February,1,7130.0,520.49,6609.51,2541.69,4067.82,61.54495567750106
BT-04781,2023-02-14,South,General Trade,Blush Palette,36,670.0,31.0,304.45,Priya R,2023,February,1,24120.0,7477.2,16642.8,10960.199999999999,5682.6,34.144494916720745
BT-04937,2023-02-14,West,Salon Wholesale,Perfume 100ml EDP,38,1980.0,23.8,936.74,Rahul D,2023,February,1,75240.0,17907.120000000003,57332.88,35596.12,21736.759999999995,37.91325326758397
BT-00320,2023-02-15,South,General Trade,Matte Lipstick,16,350.0,22.6,118.96,Anand V,2023,February,1,5600.0,1265.6000000000001,4334.4,1903.36,2431.04,56.08711701734958
BT-00399,2023-02-15,East,General Trade,SPF 50 Sunscreen 100g,23,320.0,15.6,120.0,Meena G,2023,February,1,7360.0,1148.16,6211.84,2760.0,3451.84,55.56872037914692
BT-00426,2023-02-15,West,Salon Wholesale,Matte Lipstick,14,310.0,41.3,101.99,Nidhi C,2023,February,1,4340.0,1792.4199999999998,2547.58,1427.86,1119.72,43.95229982964225
BT-00656,2023-02-15,North,Pharmacy,SPF 50 Sunscreen 100g,51,560.0,7.5,206.81,Deepa S,2023,February,1,28560.0,2142.0,26418.0,10547.31,15870.69,60.07528957528958
BT-00844,2023-02-15,West,Pharmacy,Hair Serum 100ml,9,510.0,32.2,212.31,Rahul D,2023,February,1,4590.0,1477.98,3112.02,1910.79,1201.23,38.59968766267569
BT-01451,2023-02-15,East,Pharmacy,Nail Polish Set (12pc),23,420.0,9.6,163.88,Sneha B,2023,February,1,9660.0,927.36,8732.64,3769.24,4963.4,56.83733670459334
BT-01802,2023-02-15,North,Salon Wholesale,Under Eye Cream 15ml,2,600.0,13.2,186.54,Rohit K,2023,February,1,1200.0,158.4,1041.6,373.08,668.52,64.1820276497696
BT-02096,2023-02-15,North,General Trade,Micellar Cleansing Water,45,290.0,12.5,84.97,Rohit K,2023,February,1,13050.0,1631.25,11418.75,3823.65,7595.1,66.51428571428572
BT-04376,2023-02-15,East,General Trade,Vitamin C Face Serum 30ml,57,720.0,10.0,240.12,Meena G,2023,February,1,41040.0,4104.0,36936.0,13686.84,23249.16,62.94444444444445
BT-00550,2023-02-16,South,Online,Under Eye Cream 15ml,46,870.0,23.3,297.37,Kiran T,2023,February,1,40020.0,9324.66,30695.34,13679.02,17016.32,55.43616718368326
BT-00596,2023-02-16,North,General Trade,Perfume 100ml EDP,6,2200.0,11.3,949.52,Anjali M,2023,February,1,13200.0,1491.6000000000001,11708.4,5697.12,6011.28,51.34160090191657
BT-01508,2023-02-16,North,Online,Kajal Eye Pencil,47,190.0,13.4,48.28,Anjali M,2023,February,1,8930.0,1196.6200000000001,7733.38,2269.16,5464.22,70.6575908593655
BT-01703,2023-02-16,Central,General Trade,Hydrating Moisturiser 50ml,54,410.0,11.0,156.13,Vikram N,2023,February,1,22140.0,2435.4,19704.6,8431.02,11273.579999999998,57.21293505069882
BT-01903,2023-02-16,East,General Trade,Mascara,39,460.0,15.7,203.46,Sneha B,2023,February,1,17940.0,2816.58,15123.42,7934.9400000000005,7188.48,47.53210583320439
BT-02007,2023-02-16,East,General Trade,Blush Palette,45,540.0,15.5,234.74,Meena G,2023,February,1,24300.0,3766.5,20533.5,10563.300000000001,9970.199999999999,48.555774709620856
BT-02430,2023-02-16,South,Online,Nail Polish Set (12pc),24,460.0,22.2,178.07,Kiran T,2023,February,1,11040.0,2450.88,8589.119999999999,4273.68,4315.439999999999,50.24309824522185
BT-02607,2023-02-16,North,Salon Wholesale,Nail Polish Set (12pc),38,380.0,10.7,173.62,Deepa S,2023,February,1,14440.0,1545.08,12894.92,6597.56,6297.36,48.8359757175694
BT-02884,2023-02-16,South,Modern Trade,Hydrating Moisturiser 50ml,18,500.0,15.3,170.75,Kiran T,2023,February,1,9000.0,1377.0,7623.0,3073.5,4549.5,59.68122786304605
BT-03031,2023-02-16,South,Pharmacy,Hair Oil 200ml,22,240.0,23.7,95.78,Kiran T,2023,February,1,5280.0,1251.36,4028.6400000000003,2107.16,1921.4800000000005,47.695500218436
BT-03165,2023-02-16,Central,Online,Under Eye Cream 15ml,46,840.0,10.0,272.24,Suresh K,2023,February,1,38640.0,3864.0,34776.0,12523.04,22252.96,63.98941798941799
BT-03265,2023-02-16,Central,Modern Trade,Hair Serum 100ml,13,560.0,10.6,194.66,Suresh K,2023,February,1,7280.0,771.68,6508.32,2530.58,3977.74,61.11776925535315
BT-03355,2023-02-16,East,Online,Eyeshadow Palette 9-shade,8,620.0,9.4,305.04,Sneha B,2023,February,1,4960.0,466.24,4493.76,2440.32,2053.44,45.6953642384106
BT-03416,2023-02-16,North,Modern Trade,Vitamin C Face Serum 30ml,30,490.0,5.4,169.54,Deepa S,2023,February,1,14700.0,793.8000000000001,13906.2,5086.2,8820.0,63.424947145877375
BT-03685,2023-02-16,West,Salon Wholesale,Lip Gloss,2,200.0,41.7,68.32,Nidhi C,2023,February,1,400.0,166.8,233.2,136.64,96.56,41.4065180102916
BT-04034,2023-02-16,Central,General Trade,Under Eye Cream 15ml,17,870.0,6.4,293.45,Suresh K,2023,February,1,14790.0,946.5600000000001,13843.44,4988.65,8854.79,63.96379801552216
BT-04346,2023-02-16,West,Modern Trade,Under Eye Cream 15ml,57,760.0,29.4,257.64,Nidhi C,2023,February,1,43320.0,12736.08,30583.92,14685.48,15898.439999999999,51.98300283286119
BT-04387,2023-02-16,South,General Trade,Matte Lipstick,59,480.0,25.0,180.48,Priya R,2023,February,1,28320.0,7080.0,21240.0,10648.32,10591.68,49.86666666666667
BT-04731,2023-02-16,West,Pharmacy,Hair Serum 100ml,4,480.0,26.4,185.14,Rahul D,2023,February,1,1920.0,506.88,1413.12,740.56,672.56,47.59397644927536
BT-04751,2023-02-16,Central,Modern Trade,Vitamin C Face Serum 30ml,17,660.0,5.5,234.37,Sunita P,2023,February,1,11220.0,617.1,10602.9,3984.29,6618.61,62.422639089305754
BT-00088,2023-02-17,South,Modern Trade,Blush Palette,19,780.0,17.0,346.79,Anand V,2023,February,1,14820.0,2519.4,12300.6,6589.01,5711.59,46.433426011739265
BT-00713,2023-02-17,East,Salon Wholesale,Kajal Eye Pencil,44,150.0,6.7,50.61,Sneha B,2023,February,1,6600.0,442.20000000000005,6157.8,2226.84,3930.96,63.837084673097536
BT-00839,2023-02-17,Central,Online,Hydrating Moisturiser 50ml,24,460.0,5.4,147.52,Sunita P,2023,February,1,11040.0,596.1600000000001,10443.84,3540.4800000000005,6903.36,66.09982535159482
BT-01325,2023-02-17,East,Pharmacy,Kajal Eye Pencil,41,220.0,11.0,56.47,Sneha B,2023,February,1,9020.0,992.2,8027.8,2315.27,5712.530000000001,71.15934627170583
BT-01547,2023-02-17,East,Modern Trade,Kajal Eye Pencil,47,120.0,14.1,32.92,Sneha B,2023,February,1,5640.0,795.2399999999999,4844.76,1547.24,3297.5200000000004,68.06363989134653
BT-02782,2023-02-17,East,Online,Night Repair Cream 50ml,16,910.0,7.2,350.08,Sneha B,2023,February,1,14560.0,1048.3200000000002,13511.68,5601.28,7910.400000000001,58.544903372489586
BT-03301,2023-02-17,Central,Pharmacy,Vitamin C Face Serum 30ml,58,570.0,7.9,202.75,Vikram N,2023,February,1,33060.0,2611.7400000000002,30448.26,11759.5,18688.76,61.37874545212107
BT-03310,2023-02-17,South,General Trade,Nail Polish Set (12pc),49,530.0,27.6,226.04,Kiran T,2023,February,1,25970.0,7167.72,18802.28,11075.96,7726.32,41.092463254456376
BT-04390,2023-02-17,West,Online,Lip Gloss,44,200.0,35.7,66.64,Rahul D,2023,February,1,8800.0,3141.6000000000004,5658.4,2932.16,2726.24,48.18040435458787
BT-04471,2023-02-17,South,Salon Wholesale,Vitamin C Face Serum 30ml,25,770.0,22.1,263.49,Kiran T,2023,February,1,19250.0,4254.25,14995.75,6587.25,8408.5,56.07255389026891
BT-00172,2023-02-18,North,Salon Wholesale,Vitamin C Face Serum 30ml,33,690.0,13.4,246.61,Rohit K,2023,February,1,22770.0,3051.1800000000003,19718.82,8138.13,11580.689999999999,58.729122736553194
BT-00459,2023-02-18,West,General Trade,Hair Serum 100ml,8,640.0,29.9,242.94,Priya S,2023,February,1,5120.0,1530.8799999999999,3589.12,1943.52,1645.6,45.8496790299572
BT-00543,2023-02-18,East,Salon Wholesale,Vitamin C Face Serum 30ml,12,610.0,16.8,202.7,Meena G,2023,February,1,7320.0,1229.76,6090.24,2432.3999999999996,3657.84,60.060687263556126
BT-00683,2023-02-18,Central,General Trade,Under Eye Cream 15ml,25,680.0,5.9,256.36,Vikram N,2023,February,1,17000.0,1003.0000000000001,15997.0,6409.0,9588.0,59.93623804463337
BT-00756,2023-02-18,East,Modern Trade,Lip Gloss,15,250.0,13.7,79.23,Sneha B,2023,February,1,3750.0,513.7499999999999,3236.25,1188.45,2047.8,63.27694090382386
BT-00957,2023-02-18,Central,Salon Wholesale,Blush Palette,40,790.0,6.6,355.26,Suresh K,2023,February,1,31600.0,2085.6,29514.4,14210.4,15304.000000000002,51.852654975198554
BT-01280,2023-02-18,North,Modern Trade,Lip Gloss,27,190.0,9.9,54.81,Anjali M,2023,February,1,5130.0,507.87,4622.13,1479.8700000000001,3142.26,67.98294292890941
BT-01315,2023-02-18,South,Modern Trade,Matte Lipstick,53,410.0,22.1,139.77,Kiran T,2023,February,1,21730.0,4802.33,16927.67,7407.81,9519.859999999997,56.238454553993535
BT-02486,2023-02-18,East,Modern Trade,Hydrating Moisturiser 50ml,27,430.0,10.2,150.67,Meena G,2023,February,1,11610.0,1184.22,10425.78,4068.0899999999997,6357.6900000000005,60.98047340342882
BT-02539,2023-02-18,South,General Trade,Kajal Eye Pencil,25,130.0,22.8,42.76,Priya R,2023,February,1,3250.0,741.0,2509.0,1069.0,1440.0,57.393383818254286
BT-02802,2023-02-18,North,Pharmacy,Hair Serum 100ml,55,590.0,6.0,248.51,Deepa S,2023,February,1,32450.0,1947.0,30503.0,13668.05,16834.95,55.19112874143527
BT-03206,2023-02-18,West,General Trade,Matte Lipstick,38,300.0,41.0,106.02,Nidhi C,2023,February,1,11400.0,4674.0,6726.0,4028.7599999999998,2697.2400000000002,40.10169491525424
BT-03334,2023-02-18,North,Pharmacy,Under Eye Cream 15ml,7,540.0,8.3,202.99,Anjali M,2023,February,1,3780.0,313.74,3466.26,1420.93,2045.3300000000002,59.00682580071893
BT-03544,2023-02-18,North,Modern Trade,Under Eye Cream 15ml,56,870.0,8.6,312.33,Deepa S,2023,February,1,48720.0,4189.92,44530.08,17490.48,27039.600000000002,60.72210065645515
BT-04804,2023-02-18,East,Modern Trade,Hair Oil 200ml,4,260.0,11.7,88.09,Sneha B,2023,February,1,1040.0,121.67999999999999,918.32,352.36,565.96,61.62993292098615
BT-00114,2023-02-19,East,Modern Trade,Eyeshadow Palette 9-shade,28,780.0,12.8,346.87,Sneha B,2023,February,1,21840.0,2795.52,19044.48,9712.36,9332.119999999999,49.001705481063276
BT-00869,2023-02-19,East,Online,Lip Gloss,20,240.0,14.0,78.29,Meena G,2023,February,1,4800.0,672.0000000000001,4128.0,1565.8000000000002,2562.2,62.068798449612395
BT-02212,2023-02-19,West,General Trade,Under Eye Cream 15ml,55,800.0,26.4,249.92,Nidhi C,2023,February,1,44000.0,11616.0,32384.0,13745.599999999999,18638.4,57.55434782608696
BT-02231,2023-02-19,South,Salon Wholesale,Compact Powder,18,360.0,17.3,123.16,Kiran T,2023,February,1,6480.0,1121.0400000000002,5358.96,2216.88,3142.08,58.6322719333602
BT-02538,2023-02-19,South,Modern Trade,Hair Serum 100ml,14,640.0,16.8,256.96,Kiran T,2023,February,1,8960.0,1505.2800000000002,7454.719999999999,3597.4399999999996,3857.2799999999997,51.74278846153846
BT-03190,2023-02-19,West,Salon Wholesale,Rose Water Toner 200ml,11,380.0,39.8,96.94,Rahul D,2023,February,1,4180.0,1663.6399999999999,2516.36,1066.34,1450.0200000000002,57.62371043888792
BT-03269,2023-02-19,North,General Trade,SPF 50 Sunscreen 100g,26,490.0,7.1,207.56,Rohit K,2023,February,1,12740.0,904.54,11835.46,5396.56,6438.899999999999,54.40346213835372
BT-03298,2023-02-19,North,General Trade,Matte Lipstick,32,470.0,12.9,182.17,Anjali M,2023,February,1,15040.0,1940.16,13099.84,5829.44,7270.400000000001,55.499914502772555
BT-03336,2023-02-19,West,Online,Hydrating Moisturiser 50ml,9,370.0,40.2,120.69,Nidhi C,2023,February,1,3330.0,1338.66,1991.34,1086.21,905.1299999999999,45.45331284461719
BT-03460,2023-02-19,South,General Trade,Rose Water Toner 200ml,43,320.0,21.5,84.58,Priya R,2023,February,1,13760.0,2958.4,10801.6,3636.94,7164.66,66.32961783439491
BT-03733,2023-02-19,Central,Online,Micellar Cleansing Water,25,410.0,8.8,120.91,Sunita P,2023,February,1,10250.0,902.0000000000001,9348.0,3022.75,6325.25,67.66420624732564
BT-03843,2023-02-19,North,Pharmacy,Rose Water Toner 200ml,54,330.0,9.9,96.13,Anjali M,2023,February,1,17820.0,1764.18,16055.82,5191.0199999999995,10864.8,67.66892005515757
BT-04075,2023-02-19,West,Pharmacy,Hair Oil 200ml,13,230.0,34.1,89.31,Nidhi C,2023,February,1,2990.0,1019.59,1970.4099999999999,1161.03,809.3799999999999,41.07673022365903
BT-04920,2023-02-19,South,Modern Trade,Hair Oil 200ml,36,380.0,21.2,124.22,Anand V,2023,February,1,13680.0,2900.16,10779.84,4471.92,6307.92,58.51589633983436
BT-04945,2023-02-19,East,General Trade,Lip Gloss,26,240.0,16.8,71.4,Meena G,2023,February,1,6240.0,1048.3200000000002,5191.68,1856.4,3335.28,64.24278846153845
BT-00561,2023-02-20,West,Online,Perfume 100ml EDP,44,1800.0,33.9,780.84,Priya S,2023,February,1,79200.0,26848.8,52351.2,34356.96,17994.239999999998,34.372163388804836
BT-00567,2023-02-20,South,General Trade,Matte Lipstick,15,350.0,25.3,107.38,Kiran T,2023,February,1,5250.0,1328.25,3921.75,1610.6999999999998,2311.05,58.92904953145918
BT-00838,2023-02-20,East,General Trade,Vitamin C Face Serum 30ml,49,560.0,14.5,177.69,Meena G,2023,February,1,27440.0,3978.7999999999997,23461.2,8706.81,14754.390000000001,62.88847117794486
BT-00931,2023-02-20,East,Pharmacy,Face Wash 100ml,8,210.0,15.3,59.58,Sneha B,2023,February,1,1680.0,257.04,1422.96,476.64,946.32,66.50362624388599
BT-02070,2023-02-20,West,General Trade,Face Wash 100ml,44,300.0,29.8,88.44,Priya S,2023,February,1,13200.0,3933.6,9266.4,3891.3599999999997,5375.04,58.005698005698
BT-02222,2023-02-20,South,Pharmacy,Mascara,48,340.0,17.9,146.51,Anand V,2023,February,1,16320.0,2921.2799999999997,13398.720000000001,7032.48,6366.240000000002,47.51379236225551
BT-02964,2023-02-20,South,Online,Hair Oil 200ml,4,380.0,23.2,119.24,Kiran T,2023,February,1,1520.0,352.64,1167.3600000000001,476.96,690.4000000000001,59.14199561403509
BT-03098,2023-02-20,Central,General Trade,Nail Polish Set (12pc),40,640.0,7.1,278.72,Vikram N,2023,February,1,25600.0,1817.6,23782.4,11148.800000000001,12633.6,53.12163616792249
BT-04081,2023-02-20,Central,Online,SPF 50 Sunscreen 100g,2,400.0,5.4,178.4,Vikram N,2023,February,1,800.0,43.2,756.8,356.8,399.99999999999994,52.85412262156448
BT-04199,2023-02-20,East,Online,SPF 50 Sunscreen 100g,28,550.0,11.8,245.25,Sneha B,2023,February,1,15400.0,1817.2,13582.8,6867.0,6715.799999999999,49.44341372912801
BT-04295,2023-02-20,South,Modern Trade,Mascara,48,580.0,22.2,227.71,Priya R,2023,February,1,27840.0,6180.4800000000005,21659.52,10930.08,10729.44,49.53683184114884
BT-04407,2023-02-20,East,Online,Lip Gloss,34,220.0,14.0,72.73,Meena G,2023,February,1,7480.0,1047.2,6432.8,2472.82,3959.98,61.559196617336156
BT-04420,2023-02-20,North,General Trade,Matte Lipstick,7,300.0,9.9,101.34,Deepa S,2023,February,1,2100.0,207.9,1892.1,709.38,1182.7199999999998,62.50832408435072
BT-04811,2023-02-20,North,General Trade,Lip Gloss,4,320.0,6.6,114.08,Deepa S,2023,February,1,1280.0,84.48,1195.52,456.32,739.2,61.83083511777302
BT-04885,2023-02-20,West,Online,Rose Water Toner 200ml,49,300.0,32.5,71.61,Rahul D,2023,February,1,14700.0,4777.5,9922.5,3508.89,6413.610000000001,64.63703703703705
BT-04899,2023-02-20,Central,Modern Trade,Night Repair Cream 50ml,50,830.0,10.2,275.56,Suresh K,2023,February,1,41500.0,4233.0,37267.0,13778.0,23489.0,63.02895322939867
BT-00391,2023-02-21,East,Salon Wholesale,Vitamin C Face Serum 30ml,43,720.0,13.8,210.24,Pooja N,2023,February,1,30960.0,4272.4800000000005,26687.52,9040.32,17647.2,66.12529002320186
BT-00553,2023-02-21,Central,Modern Trade,Perfume 100ml EDP,18,1690.0,7.3,815.76,Sunita P,2023,February,1,30420.0,2220.66,28199.34,14683.68,13515.66,47.928994082840234
BT-00791,2023-02-21,East,Online,Eyeshadow Palette 9-shade,29,610.0,12.6,279.87,Sneha B,2023,February,1,17690.0,2228.94,15461.06,8116.2300000000005,7344.829999999999,47.505345687811825
BT-01033,2023-02-21,Central,Online,Blush Palette,16,540.0,5.4,245.16,Vikram N,2023,February,1,8640.0,466.56000000000006,8173.44,3922.56,4250.879999999999,52.00845665961944
BT-02199,2023-02-21,Central,General Trade,BB Cream 30ml,39,520.0,10.6,209.46,Suresh K,2023,February,1,20280.0,2149.68,18130.32,8168.9400000000005,9961.38,54.94321115126483
BT-02583,2023-02-21,Central,Online,Eyeshadow Palette 9-shade,17,930.0,8.2,401.85,Vikram N,2023,February,1,15810.0,1296.4199999999998,14513.58,6831.450000000001,7682.129999999999,52.93063461943917
BT-04223,2023-02-21,West,Pharmacy,Nail Polish Set (12pc),53,470.0,41.2,185.42,Nidhi C,2023,February,1,24910.0,10262.92,14647.08,9827.26,4819.82,32.906354030974086
BT-04458,2023-02-21,South,General Trade,Hair Serum 100ml,49,420.0,14.1,152.59,Anand V,2023,February,1,20580.0,2901.7799999999997,17678.22,7476.91,10201.310000000001,57.705526913908756
BT-04490,2023-02-21,South,Online,Compact Powder,47,270.0,24.6,81.32,Kiran T,2023,February,1,12690.0,3121.7400000000002,9568.26,3822.0399999999995,5746.220000000001,60.05501522742903
BT-04722,2023-02-21,North,Modern Trade,SPF 50 Sunscreen 100g,13,550.0,4.1,202.29,Deepa S,2023,February,1,7150.0,293.15,6856.85,2629.77,4227.08,61.647549530761204
BT-04765,2023-02-21,East,Salon Wholesale,Hair Oil 200ml,20,280.0,15.1,90.8,Sneha B,2023,February,1,5600.0,845.6,4754.4,1816.0,2938.3999999999996,61.80380279320208
BT-04789,2023-02-21,Central,General Trade,BB Cream 30ml,11,690.0,13.7,244.54,Suresh K,2023,February,1,7590.0,1039.83,6550.17,2689.94,3860.23,58.93327959427007
BT-04960,2023-02-21,Central,Pharmacy,Eyeshadow Palette 9-shade,34,590.0,7.1,282.14,Suresh K,2023,February,1,20060.0,1424.2599999999998,18635.74,9592.76,9042.980000000001,48.524931126963565
BT-00028,2023-02-22,East,Modern Trade,Compact Powder,16,360.0,8.7,125.39,Sneha B,2023,February,1,5760.0,501.11999999999995,5258.88,2006.24,3252.6400000000003,61.850432031154924
BT-00220,2023-02-22,South,Pharmacy,Mascara,7,490.0,17.8,178.95,Kiran T,2023,February,1,3430.0,610.5400000000001,2819.46,1252.6499999999999,1566.8100000000002,55.57127960673321
BT-00265,2023-02-22,South,Modern Trade,Eyeshadow Palette 9-shade,21,680.0,29.4,274.04,Priya R,2023,February,1,14280.0,4198.32,10081.68,5754.84,4326.84,42.91784702549575
BT-00520,2023-02-22,West,Salon Wholesale,Vitamin C Face Serum 30ml,23,510.0,26.8,174.52,Nidhi C,2023,February,1,11730.0,3143.6400000000003,8586.36,4013.96,4572.400000000001,53.25190185363763
BT-00670,2023-02-22,North,Modern Trade,Matte Lipstick,26,350.0,4.9,135.49,Deepa S,2023,February,1,9100.0,445.90000000000003,8654.1,3522.7400000000002,5131.360000000001,59.2939762655851
BT-00691,2023-02-22,Central,Modern Trade,Nail Polish Set (12pc),15,660.0,7.1,308.88,Vikram N,2023,February,1,9900.0,702.9,9197.1,4633.2,4563.900000000001,49.6232508073197
BT-00845,2023-02-22,East,Salon Wholesale,Mascara,16,450.0,14.5,164.56,Meena G,2023,February,1,7200.0,1044.0,6156.0,2632.96,3523.04,57.22936972059779
BT-00937,2023-02-22,Central,Modern Trade,Matte Lipstick,45,310.0,10.4,112.87,Vikram N,2023,February,1,13950.0,1450.8000000000002,12499.2,5079.150000000001,7420.05,59.36419930875576
BT-02171,2023-02-22,North,Modern Trade,Mascara,35,430.0,13.5,170.88,Rohit K,2023,February,1,15050.0,2031.7500000000002,13018.25,5980.8,7037.45,54.0583411748891
BT-03678,2023-02-22,Central,Online,Perfume 100ml EDP,32,1920.0,12.2,870.91,Suresh K,2023,February,1,61440.0,7495.68,53944.32,27869.12,26075.2,48.33724848139712
BT-03707,2023-02-22,West,Salon Wholesale,Under Eye Cream 15ml,39,800.0,32.0,248.4,Priya S,2023,February,1,31200.0,9984.0,21216.0,9687.6,11528.4,54.338235294117645
BT-03915,2023-02-22,Central,Salon Wholesale,Lip Gloss,37,210.0,6.5,61.0,Sunita P,2023,February,1,7770.0,505.05,7264.95,2257.0,5007.95,68.93302775655717
BT-01515,2023-02-23,South,General Trade,Hair Serum 100ml,46,400.0,30.9,165.72,Priya R,2023,February,1,18400.0,5685.6,12714.4,7623.12,5091.28,40.04341534008683
BT-01921,2023-02-23,South,Salon Wholesale,Hair Serum 100ml,8,540.0,25.7,216.76,Priya R,2023,February,1,4320.0,1110.24,3209.76,1734.08,1475.6800000000003,45.974776930362395
BT-01952,2023-02-23,East,Salon Wholesale,Matte Lipstick,2,490.0,7.5,184.73,Sneha B,2023,February,1,980.0,73.5,906.5,369.46,537.04,59.243243243243235
BT-02148,2023-02-23,South,General Trade,Compact Powder,23,360.0,18.5,114.26,Priya R,2023,February,1,8280.0,1531.8,6748.2,2627.98,4120.219999999999,61.05657805044308
BT-02469,2023-02-23,Central,Pharmacy,Micellar Cleansing Water,29,380.0,13.3,107.39,Suresh K,2023,February,1,11020.0,1465.66,9554.34,3114.31,6440.030000000001,67.40423723669035
BT-02889,2023-02-23,North,Salon Wholesale,Micellar Cleansing Water,12,460.0,12.5,136.53,Rohit K,2023,February,1,5520.0,690.0,4830.0,1638.3600000000001,3191.64,66.07950310559006
BT-03272,2023-02-23,North,Pharmacy,Kajal Eye Pencil,23,200.0,5.4,52.22,Deepa S,2023,February,1,4600.0,248.40000000000003,4351.6,1201.06,3150.5400000000004,72.39957716701903
BT-03818,2023-02-23,East,Pharmacy,Micellar Cleansing Water,41,400.0,15.6,135.8,Meena G,2023,February,1,16400.0,2558.4,13841.6,5567.8,8273.8,59.774881516587676
BT-03858,2023-02-23,Central,General Trade,Face Wash 100ml,17,290.0,4.9,79.2,Sunita P,2023,February,1,4930.0,241.57000000000002,4688.43,1346.4,3342.03,71.2824975524856
BT-04019,2023-02-23,North,Pharmacy,Perfume 100ml EDP,9,1220.0,6.1,569.98,Anjali M,2023,February,1,10980.0,669.78,10310.22,5129.82,5180.4,50.24529059515703
BT-04094,2023-02-23,North,Modern Trade,Eyeshadow Palette 9-shade,41,610.0,7.5,282.31,Deepa S,2023,February,1,25010.0,1875.75,23134.25,11574.710000000001,11559.539999999999,49.967213114754095
BT-00038,2023-02-24,Central,Salon Wholesale,Blush Palette,58,670.0,8.0,273.16,Suresh K,2023,February,1,38860.0,3108.8,35751.2,15843.28,19907.92,55.68462037637898
BT-00137,2023-02-24,West,Salon Wholesale,Hydrating Moisturiser 50ml,6,380.0,29.8,117.5,Rahul D,2023,February,1,2280.0,679.4399999999999,1600.56,705.0,895.56,55.952916479232265
BT-00166,2023-02-24,Central,Salon Wholesale,Matte Lipstick,17,330.0,6.9,100.12,Suresh K,2023,February,1,5610.0,387.09000000000003,5222.91,1702.04,3520.87,67.41203658496892
BT-00659,2023-02-24,South,Modern Trade,Kajal Eye Pencil,13,140.0,19.7,48.17,Kiran T,2023,February,1,1820.0,358.53999999999996,1461.46,626.21,835.25,57.151752357231814
BT-00985,2023-02-24,West,Online,Matte Lipstick,21,410.0,35.8,158.42,Priya S,2023,February,1,8610.0,3082.3799999999997,5527.620000000001,3326.8199999999997,2200.800000000001,39.814603753514184
BT-01019,2023-02-24,South,General Trade,Blush Palette,20,680.0,12.7,317.7,Anand V,2023,February,1,13600.0,1727.2,11872.8,6354.0,5518.799999999999,46.48271679805943
BT-01291,2023-02-24,East,Salon Wholesale,Rose Water Toner 200ml,11,320.0,12.1,75.49,Sneha B,2023,February,1,3520.0,425.91999999999996,3094.08,830.39,2263.69,73.16197383390217
BT-01341,2023-02-24,West,Salon Wholesale,Eyeshadow Palette 9-shade,54,610.0,25.4,263.95,Nidhi C,2023,February,1,32940.0,8366.76,24573.239999999998,14253.3,10319.939999999999,41.99665978112776
BT-01731,2023-02-24,North,General Trade,Hair Serum 100ml,45,400.0,10.2,152.52,Deepa S,2023,February,1,18000.0,1835.9999999999998,16164.0,6863.400000000001,9300.599999999999,57.538975501113576
BT-01964,2023-02-24,West,Online,Kajal Eye Pencil,48,220.0,38.9,55.77,Priya S,2023,February,1,10560.0,4107.84,6452.16,2676.96,3775.2,58.51063829787234
BT-02142,2023-02-24,Central,Modern Trade,Vitamin C Face Serum 30ml,28,600.0,7.4,208.44,Vikram N,2023,February,1,16800.0,1243.2000000000003,15556.8,5836.32,9720.48,62.48380129589633
BT-02724,2023-02-24,West,Modern Trade,Kajal Eye Pencil,59,130.0,32.8,33.7,Rahul D,2023,February,1,7670.0,2515.7599999999998,5154.24,1988.3000000000002,3165.9399999999996,61.423992673992664
BT-02859,2023-02-24,West,Salon Wholesale,Hair Oil 200ml,37,250.0,25.6,86.62,Rahul D,2023,February,1,9250.0,2368.0,6882.0,3204.94,3677.06,53.43010752688172
BT-03233,2023-02-24,North,Online,Blush Palette,36,550.0,15.0,214.5,Rohit K,2023,February,1,19800.0,2970.0,16830.0,7722.0,9108.0,54.11764705882353
BT-03412,2023-02-24,Central,Salon Wholesale,Micellar Cleansing Water,38,410.0,9.1,126.77,Sunita P,2023,February,1,15580.0,1417.78,14162.22,4817.26,9344.96,65.98513509887573
BT-03758,2023-02-24,East,Online,Mascara,39,570.0,7.4,224.87,Meena G,2023,February,1,22230.0,1645.0200000000002,20584.98,8769.93,11815.05,57.39646091470577
BT-04547,2023-02-24,South,Modern Trade,Lip Gloss,31,310.0,23.2,108.69,Anand V,2023,February,1,9610.0,2229.52,7380.48,3369.39,4011.0899999999997,54.34727822580645
BT-04676,2023-02-24,West,Pharmacy,Rose Water Toner 200ml,16,310.0,33.2,71.42,Nidhi C,2023,February,1,4960.0,1646.72,3313.2799999999997,1142.72,2170.5599999999995,65.51091365655785
BT-04980,2023-02-24,East,Online,Kajal Eye Pencil,21,190.0,13.2,64.37,Pooja N,2023,February,1,3990.0,526.6800000000001,3463.3199999999997,1351.77,2111.5499999999997,60.9689546446762
BT-04996,2023-02-24,South,Pharmacy,SPF 50 Sunscreen 100g,43,410.0,16.2,145.39,Anand V,2023,February,1,17630.0,2856.06,14773.94,6251.7699999999995,8522.170000000002,57.68379998835789
BT-00193,2023-02-25,West,General Trade,Compact Powder,16,330.0,31.2,130.48,Nidhi C,2023,February,1,5280.0,1647.36,3632.6400000000003,2087.68,1544.9600000000005,42.52995066948556
BT-00430,2023-02-25,Central,Online,Face Wash 100ml,39,260.0,11.5,79.59,Sunita P,2023,February,1,10140.0,1166.1000000000001,8973.9,3104.01,5869.889999999999,65.41069100391134
BT-00852,2023-02-25,West,Salon Wholesale,Face Wash 100ml,16,190.0,31.3,56.37,Rahul D,2023,February,1,3040.0,951.52,2088.48,901.92,1186.56,56.81452539646058
BT-01583,2023-02-25,East,General Trade,Hair Oil 200ml,51,250.0,11.5,94.38,Sneha B,2023,February,1,12750.0,1466.25,11283.75,4813.38,6470.37,57.34237288135593
BT-02079,2023-02-25,East,Salon Wholesale,Vitamin C Face Serum 30ml,32,730.0,8.7,227.91,Meena G,2023,February,1,23360.0,2032.32,21327.68,7293.12,14034.560000000001,65.80443817611668
BT-02090,2023-02-25,West,Pharmacy,Under Eye Cream 15ml,37,680.0,24.4,221.41,Nidhi C,2023,February,1,25160.0,6139.04,19020.96,8192.17,10828.789999999999,56.93082788671023
BT-02497,2023-02-25,East,General Trade,Perfume 100ml EDP,40,1410.0,7.2,698.23,Sneha B,2023,February,1,56400.0,4060.8000000000006,52339.2,27929.2,24409.999999999996,46.63808388359011
BT-03104,2023-02-25,West,General Trade,Vitamin C Face Serum 30ml,59,490.0,27.1,146.17,Nidhi C,2023,February,1,28910.0,7834.610000000001,21075.39,8624.029999999999,12451.36,59.080092942526804
BT-03271,2023-02-25,Central,General Trade,Micellar Cleansing Water,32,440.0,7.3,144.85,Sunita P,2023,February,1,14080.0,1027.84,13052.16,4635.2,8416.96,64.48710405021085
BT-03816,2023-02-25,East,Salon Wholesale,Kajal Eye Pencil,16,220.0,9.7,57.71,Meena G,2023,February,1,3520.0,341.43999999999994,3178.56,923.36,2255.2,70.95036746199537
BT-04680,2023-02-25,North,Pharmacy,Vitamin C Face Serum 30ml,5,690.0,12.2,205.9,Anjali M,2023,February,1,3450.0,420.9,3029.1,1029.5,1999.6,66.01300716384404
BT-00464,2023-02-26,West,Pharmacy,Lip Gloss,20,270.0,26.2,89.94,Nidhi C,2023,February,1,5400.0,1414.8,3985.2,1798.8,2186.3999999999996,54.862993074375176
BT-00477,2023-02-26,East,Online,Mascara,58,530.0,8.2,217.56,Pooja N,2023,February,1,30740.0,2520.68,28219.32,12618.48,15600.84,55.28425206560612
BT-00562,2023-02-26,West,Online,Night Repair Cream 50ml,31,970.0,30.9,349.69,Rahul D,2023,February,1,30070.0,9291.63,20778.370000000003,10840.39,9937.980000000003,47.82848702761574
BT-00746,2023-02-26,South,Pharmacy,Mascara,10,390.0,15.9,144.34,Anand V,2023,February,1,3900.0,620.1,3279.9,1443.4,1836.5,55.992560748803314
BT-01103,2023-02-26,North,Pharmacy,Hair Oil 200ml,36,300.0,7.7,95.52,Rohit K,2023,February,1,10800.0,831.6,9968.4,3438.72,6529.68,65.50379198266523
BT-01318,2023-02-26,East,Salon Wholesale,Night Repair Cream 50ml,54,1010.0,7.3,393.19,Pooja N,2023,February,1,54540.0,3981.4199999999996,50558.58,21232.26,29326.320000000003,58.00463541499782
BT-01389,2023-02-26,West,Salon Wholesale,Hydrating Moisturiser 50ml,47,600.0,31.5,215.04,Nidhi C,2023,February,1,28200.0,8883.0,19317.0,10106.88,9210.12,47.67883211678833
BT-01506,2023-02-26,East,Pharmacy,Hydrating Moisturiser 50ml,36,480.0,8.0,163.25,Sneha B,2023,February,1,17280.0,1382.4,15897.6,5877.0,10020.6,63.03215579710145
BT-02478,2023-02-26,East,Pharmacy,Hair Serum 100ml,2,600.0,9.9,217.02,Sneha B,2023,February,1,1200.0,118.80000000000001,1081.2,434.04,647.1600000000001,59.85571587125417
BT-02735,2023-02-26,East,Pharmacy,Vitamin C Face Serum 30ml,14,620.0,7.0,195.98,Sneha B,2023,February,1,8680.0,607.6,8072.4,2743.72,5328.68,66.01109954908082
BT-03691,2023-02-26,South,Salon Wholesale,Hydrating Moisturiser 50ml,46,430.0,25.6,168.34,Kiran T,2023,February,1,19780.0,5063.68,14716.32,7743.64,6972.679999999999,47.380595148787194
BT-03849,2023-02-26,Central,Pharmacy,Lip Gloss,11,260.0,12.0,73.53,Suresh K,2023,February,1,2860.0,343.2,2516.8,808.83,1707.9700000000003,67.86276223776224
BT-04062,2023-02-26,East,Salon Wholesale,BB Cream 30ml,16,420.0,11.4,159.94,Pooja N,2023,February,1,6720.0,766.08,5953.92,2559.04,3394.88,57.019241105019894
BT-04133,2023-02-26,North,Online,Eyeshadow Palette 9-shade,7,800.0,7.0,376.8,Deepa S,2023,February,1,5600.0,392.00000000000006,5208.0,2637.6,2570.4,49.35483870967742
BT-04134,2023-02-26,North,Salon Wholesale,Night Repair Cream 50ml,57,970.0,9.6,391.3,Anjali M,2023,February,1,55290.0,5307.84,49982.16,22304.100000000002,27678.06,55.375878113310826
BT-04261,2023-02-26,South,Online,Hair Serum 100ml,14,640.0,23.9,258.88,Kiran T,2023,February,1,8960.0,2141.44,6818.5599999999995,3624.3199999999997,3194.24,46.846254927726676
BT-04475,2023-02-26,West,Pharmacy,Matte Lipstick,47,440.0,26.4,157.21,Nidhi C,2023,February,1,20680.0,5459.52,15220.48,7388.870000000001,7831.609999999999,51.45442193675889
BT-04797,2023-02-26,Central,Pharmacy,Hair Oil 200ml,58,290.0,12.0,108.03,Sunita P,2023,February,1,16820.0,2018.3999999999999,14801.6,6265.74,8535.86,57.66849529780564
BT-00102,2023-02-27,West,General Trade,Night Repair Cream 50ml,7,1160.0,29.9,392.78,Nidhi C,2023,February,1,8120.0,2427.88,5692.12,2749.46,2942.66,51.69708298489842
BT-00354,2023-02-27,South,Pharmacy,Hydrating Moisturiser 50ml,16,580.0,21.5,179.51,Priya R,2023,February,1,9280.0,1995.2,7284.8,2872.16,4412.64,60.57324840764331
BT-00456,2023-02-27,Central,Pharmacy,Night Repair Cream 50ml,52,760.0,8.1,245.94,Vikram N,2023,February,1,39520.0,3201.12,36318.88,12788.88,23530.0,64.78724013515836
BT-01886,2023-02-27,North,Pharmacy,Eyeshadow Palette 9-shade,35,580.0,8.0,278.28,Anjali M,2023,February,1,20300.0,1624.0,18676.0,9739.8,8936.2,47.84857571214393
BT-03288,2023-02-27,West,Pharmacy,Hair Oil 200ml,29,320.0,39.7,115.36,Rahul D,2023,February,1,9280.0,3684.1600000000003,5595.84,3345.44,2250.4,40.21558872305141
BT-03800,2023-02-27,Central,General Trade,Hydrating Moisturiser 50ml,23,500.0,6.9,152.7,Vikram N,2023,February,1,11500.0,793.5000000000001,10706.5,3512.1,7194.4,67.19656283566057
BT-04806,2023-02-27,Central,Pharmacy,Compact Powder,23,380.0,8.5,132.01,Sunita P,2023,February,1,8740.0,742.9000000000001,7997.1,3036.2299999999996,4960.870000000001,62.033362093758996
BT-00310,2023-02-28,East,General Trade,Lip Gloss,23,270.0,7.9,84.32,Pooja N,2023,February,1,6210.0,490.59000000000003,5719.41,1939.36,3780.05,66.0916073511079
BT-00771,2023-02-28,West,Online,Kajal Eye Pencil,23,210.0,35.2,62.79,Priya S,2023,February,1,4830.0,1700.16,3129.84,1444.17,1685.67,53.85802469135802
BT-00901,2023-02-28,North,General Trade,Night Repair Cream 50ml,27,940.0,6.6,312.08,Anjali M,2023,February,1,25380.0,1675.0800000000002,23704.92,8426.16,15278.759999999998,64.45396145610277
BT-01781,2023-02-28,Central,Modern Trade,Eyeshadow Palette 9-shade,32,900.0,8.8,421.02,Sunita P,2023,February,1,28800.0,2534.4,26265.6,13472.64,12792.96,48.70614035087719
BT-03138,2023-02-28,West,Online,Hair Oil 200ml,42,250.0,34.6,87.42,Priya S,2023,February,1,10500.0,3633.0000000000005,6867.0,3671.64,3195.36,46.53211009174312
BT-03507,2023-02-28,North,Pharmacy,Night Repair Cream 50ml,8,770.0,11.3,247.48,Anjali M,2023,February,1,6160.0,696.08,5463.92,1979.84,3484.08,63.76520886103749
BT-03643,2023-02-28,East,Salon Wholesale,Face Wash 100ml,59,260.0,13.2,72.31,Sneha B,2023,February,1,15340.0,2024.88,13315.119999999999,4266.29,9048.829999999998,67.95905707196029
BT-03897,2023-02-28,Central,Online,Hair Serum 100ml,15,580.0,7.9,237.86,Vikram N,2023,February,1,8700.0,687.3,8012.7,3567.9,4444.799999999999,55.47193829795199
BT-04122,2023-02-28,Central,Salon Wholesale,Face Wash 100ml,35,250.0,6.3,74.85,Sunita P,2023,February,1,8750.0,551.25,8198.75,2619.75,5579.0,68.04695837780149
BT-04462,2023-02-28,North,Pharmacy,Hydrating Moisturiser 50ml,51,610.0,11.1,242.72,Deepa S,2023,February,1,31110.0,3453.21,27656.79,12378.72,15278.070000000002,55.24166036622472
BT-04691,2023-02-28,North,Salon Wholesale,Blush Palette,8,640.0,11.5,249.86,Anjali M,2023,February,1,5120.0,588.8000000000001,4531.2,1998.88,2532.3199999999997,55.88629943502824
BT-04786,2023-02-28,East,General Trade,Face Wash 100ml,59,320.0,7.4,81.7,Meena G,2023,February,1,18880.0,1397.1200000000001,17482.88,4820.3,12662.580000000002,72.42845572354211
BT-00614,2023-03-01,North,Pharmacy,BB Cream 30ml,7,500.0,12.7,204.6,Rohit K,2023,March,1,3500.0,444.5,3055.5,1432.2,1623.3,53.12714776632303
BT-00652,2023-03-01,Central,Salon Wholesale,Hair Oil 200ml,23,270.0,8.9,96.25,Sunita P,2023,March,1,6210.0,552.69,5657.3099999999995,2213.75,3443.5599999999995,60.869211692482814
BT-00870,2023-03-01,South,General Trade,Face Wash 100ml,25,290.0,13.9,74.73,Anand V,2023,March,1,7250.0,1007.7500000000001,6242.25,1868.25,4374.0,70.07088790099723
BT-01083,2023-03-01,North,General Trade,Compact Powder,42,280.0,9.6,85.76,Rohit K,2023,March,1,11760.0,1128.96,10631.04,3601.92,7029.120000000001,66.1188369152971
BT-01274,2023-03-01,West,Pharmacy,SPF 50 Sunscreen 100g,59,410.0,39.4,144.85,Nidhi C,2023,March,1,24190.0,9530.859999999999,14659.140000000001,8546.15,6112.990000000002,41.70087740481366
BT-01287,2023-03-01,North,Pharmacy,Night Repair Cream 50ml,45,1160.0,8.9,380.36,Deepa S,2023,March,1,52200.0,4645.8,47554.2,17116.2,30437.999999999996,64.00696468450737
BT-01445,2023-03-01,West,Pharmacy,Hydrating Moisturiser 50ml,51,430.0,29.1,148.52,Nidhi C,2023,March,1,21930.0,6381.630000000001,15548.369999999999,7574.52,7973.8499999999985,51.284153901663
BT-01836,2023-03-01,East,Salon Wholesale,Under Eye Cream 15ml,25,760.0,9.1,228.08,Meena G,2023,March,1,19000.0,1729.0,17271.0,5702.0,11569.0,66.98511956458803
BT-02064,2023-03-01,East,Pharmacy,Rose Water Toner 200ml,29,350.0,14.1,83.41,Meena G,2023,March,1,10150.0,1431.1499999999999,8718.85,2418.89,6299.960000000001,72.25677698320307
BT-02757,2023-03-01,West,Modern Trade,Hair Oil 200ml,3,350.0,30.4,128.06,Priya S,2023,March,1,1050.0,319.2,730.8,384.18,346.61999999999995,47.430213464696216
BT-03595,2023-03-01,East,Salon Wholesale,Nail Polish Set (12pc),26,460.0,9.3,220.48,Meena G,2023,March,1,11960.0,1112.2800000000002,10847.72,5732.48,5115.24,47.15497818896506
BT-03769,2023-03-01,West,Pharmacy,Hydrating Moisturiser 50ml,55,510.0,27.3,179.57,Nidhi C,2023,March,1,28050.0,7657.650000000001,20392.35,9876.35,10515.999999999998,51.56835774199639
BT-03807,2023-03-01,Central,Pharmacy,Hydrating Moisturiser 50ml,21,350.0,8.9,107.62,Suresh K,2023,March,1,7350.0,654.1500000000001,6695.85,2260.02,4435.83,66.24745177983378
BT-04862,2023-03-01,East,Online,Vitamin C Face Serum 30ml,23,520.0,10.2,169.68,Meena G,2023,March,1,11960.0,1219.9199999999998,10740.08,3902.6400000000003,6837.44,63.662840500256976
BT-00897,2023-03-02,North,Online,Nail Polish Set (12pc),48,600.0,9.0,259.2,Rohit K,2023,March,1,28800.0,2592.0,26208.0,12441.599999999999,13766.400000000001,52.52747252747253
BT-00930,2023-03-02,North,Pharmacy,Hair Oil 200ml,38,270.0,4.8,104.62,Deepa S,2023,March,1,10260.0,492.48,9767.52,3975.5600000000004,5791.96,59.29816370992841
BT-01030,2023-03-02,West,Salon Wholesale,BB Cream 30ml,15,480.0,26.3,182.88,Nidhi C,2023,March,1,7200.0,1893.6000000000001,5306.4,2743.2,2563.2,48.30393487109905
BT-01216,2023-03-02,South,Modern Trade,Face Wash 100ml,22,220.0,23.8,72.34,Priya R,2023,March,1,4840.0,1151.92,3688.08,1591.48,2096.6,56.8480076354092
BT-01533,2023-03-02,North,Online,SPF 50 Sunscreen 100g,45,520.0,4.6,233.27,Deepa S,2023,March,1,23400.0,1076.4,22323.6,10497.15,11826.449999999999,52.97734236413481
BT-01976,2023-03-02,South,Salon Wholesale,Blush Palette,32,560.0,18.3,260.01,Priya R,2023,March,1,17920.0,3279.36,14640.64,8320.32,6320.32,43.16969749956286
BT-02123,2023-03-02,Central,Pharmacy,Hydrating Moisturiser 50ml,16,430.0,5.5,136.87,Sunita P,2023,March,1,6880.0,378.4,6501.6,2189.92,4311.68,66.31721422419096
BT-02221,2023-03-02,West,Salon Wholesale,Nail Polish Set (12pc),15,470.0,27.2,215.64,Nidhi C,2023,March,1,7050.0,1917.6000000000001,5132.4,3234.6,1897.7999999999997,36.97685293429974
BT-02919,2023-03-02,South,General Trade,Compact Powder,12,290.0,19.4,93.99,Kiran T,2023,March,1,3480.0,675.1199999999999,2804.88,1127.8799999999999,1677.0000000000002,59.78865406006675
BT-03254,2023-03-02,East,General Trade,Mascara,45,430.0,12.7,154.5,Meena G,2023,March,1,19350.0,2457.45,16892.55,6952.5,9940.05,58.84280348437625
BT-04205,2023-03-02,South,Online,Hair Serum 100ml,18,560.0,26.6,202.66,Kiran T,2023,March,1,10080.0,2681.28,7398.719999999999,3647.88,3750.8399999999992,50.695796029583484
BT-04681,2023-03-02,East,Online,Vitamin C Face Serum 30ml,56,680.0,8.2,196.32,Pooja N,2023,March,1,38080.0,3122.5599999999995,34957.44,10993.92,23963.520000000004,68.55055747789312
BT-00076,2023-03-03,West,General Trade,Compact Powder,55,330.0,27.8,110.15,Rahul D,2023,March,1,18150.0,5045.700000000001,13104.3,6058.25,7046.049999999999,53.76899185763452
BT-00242,2023-03-03,North,Salon Wholesale,Eyeshadow Palette 9-shade,47,960.0,6.1,438.14,Deepa S,2023,March,1,45120.0,2752.32,42367.68,20592.579999999998,21775.100000000002,51.39554490592829
BT-00276,2023-03-03,North,Modern Trade,Hair Serum 100ml,5,560.0,14.6,213.58,Rohit K,2023,March,1,2800.0,408.79999999999995,2391.2,1067.9,1323.2999999999997,55.34041485446637
BT-01415,2023-03-03,North,Pharmacy,Face Wash 100ml,58,260.0,8.4,80.52,Rohit K,2023,March,1,15080.0,1266.72,13813.28,4670.16,9143.12,66.19079610345986
BT-01490,2023-03-03,East,Online,Mascara,43,330.0,14.5,134.8,Sneha B,2023,March,1,14190.0,2057.5499999999997,12132.45,5796.400000000001,6336.05,52.223994329257486
BT-02038,2023-03-03,West,Online,Eyeshadow Palette 9-shade,43,690.0,29.4,336.79,Priya S,2023,March,1,29670.0,8722.98,20947.02,14481.970000000001,6465.049999999999,30.86381738309315
BT-02443,2023-03-03,South,Online,Eyeshadow Palette 9-shade,30,620.0,20.0,295.12,Kiran T,2023,March,1,18600.0,3720.0,14880.0,8853.6,6026.4,40.5
BT-03776,2023-03-03,West,General Trade,Compact Powder,49,400.0,28.6,140.76,Nidhi C,2023,March,1,19600.0,5605.6,13994.4,6897.24,7097.16,50.71428571428571
BT-04268,2023-03-03,South,Salon Wholesale,Matte Lipstick,3,390.0,21.9,125.0,Anand V,2023,March,1,1170.0,256.22999999999996,913.77,375.0,538.77,58.96122656686037
BT-04364,2023-03-03,West,Online,Under Eye Cream 15ml,10,790.0,35.7,228.39,Priya S,2023,March,1,7900.0,2820.3,5079.7,2283.8999999999996,2795.8,55.03868338681419
BT-04531,2023-03-03,South,Online,Blush Palette,4,680.0,21.3,287.1,Anand V,2023,March,1,2720.0,579.36,2140.64,1148.4,992.2399999999998,46.35249271245982
BT-04936,2023-03-03,South,Salon Wholesale,Perfume 100ml EDP,54,2580.0,17.6,1145.26,Anand V,2023,March,1,139320.0,24520.320000000003,114799.68,61844.04,52955.63999999999,46.12873485361631
BT-00275,2023-03-04,North,General Trade,Eyeshadow Palette 9-shade,35,590.0,7.1,238.3,Anjali M,2023,March,1,20650.0,1466.1499999999999,19183.85,8340.5,10843.349999999999,56.52332560982284
BT-00702,2023-03-04,South,Salon Wholesale,Micellar Cleansing Water,56,430.0,28.4,148.56,Priya R,2023,March,1,24080.0,6838.719999999999,17241.28,8319.36,8921.919999999998,51.74743406522021
BT-00731,2023-03-04,Central,Salon Wholesale,Matte Lipstick,17,330.0,8.5,112.73,Suresh K,2023,March,1,5610.0,476.85,5133.15,1916.41,3216.74,62.666004305348565
BT-01087,2023-03-04,Central,Modern Trade,Mascara,19,550.0,8.6,240.68,Sunita P,2023,March,1,10450.0,898.6999999999999,9551.3,4572.92,4978.379999999999,52.12253829321662
BT-01348,2023-03-04,North,Online,SPF 50 Sunscreen 100g,39,480.0,6.3,180.82,Anjali M,2023,March,1,18720.0,1179.36,17540.64,7051.98,10488.66,59.796335823550336
BT-02465,2023-03-04,West,Pharmacy,Face Wash 100ml,54,200.0,34.8,51.9,Rahul D,2023,March,1,10800.0,3758.3999999999996,7041.6,2802.6,4239.0,60.19938650306749
BT-02582,2023-03-04,East,Pharmacy,Blush Palette,57,530.0,12.4,206.06,Sneha B,2023,March,1,30210.0,3746.04,26463.96,11745.42,14718.539999999999,55.6172999052296
BT-02736,2023-03-04,South,General Trade,Micellar Cleansing Water,28,370.0,21.1,118.73,Anand V,2023,March,1,10360.0,2185.96,8174.04,3324.44,4849.6,59.329291268454774
BT-02993,2023-03-04,West,Modern Trade,Under Eye Cream 15ml,26,680.0,33.1,217.87,Rahul D,2023,March,1,17680.0,5852.08,11827.92,5664.62,6163.3,52.10806295612416
BT-03380,2023-03-04,West,General Trade,Hydrating Moisturiser 50ml,11,460.0,33.9,146.6,Rahul D,2023,March,1,5060.0,1715.34,3344.66,1612.6,1732.06,51.78583174373479
BT-03684,2023-03-04,South,Modern Trade,Nail Polish Set (12pc),8,480.0,15.4,200.54,Anand V,2023,March,1,3840.0,591.36,3248.64,1604.32,1644.32,50.61564223798266
BT-03947,2023-03-04,East,Modern Trade,Vitamin C Face Serum 30ml,58,740.0,8.3,259.37,Pooja N,2023,March,1,42920.0,3562.36,39357.64,15043.460000000001,24314.18,61.777535441657584
BT-04115,2023-03-04,North,Pharmacy,Lip Gloss,10,210.0,7.1,74.93,Anjali M,2023,March,1,2100.0,149.1,1950.9,749.3000000000001,1201.6,61.59208570403403
BT-04359,2023-03-04,South,Pharmacy,Face Wash 100ml,49,270.0,19.0,75.17,Priya R,2023,March,1,13230.0,2513.7,10716.3,3683.33,7032.969999999999,65.62871513488797
BT-00946,2023-03-05,South,Salon Wholesale,Face Wash 100ml,34,230.0,19.8,65.27,Priya R,2023,March,1,7820.0,1548.3600000000001,6271.639999999999,2219.18,4052.4599999999996,64.61563482597853
BT-01047,2023-03-05,Central,General Trade,SPF 50 Sunscreen 100g,45,560.0,9.4,205.24,Vikram N,2023,March,1,25200.0,2368.8,22831.2,9235.800000000001,13595.4,59.54746136865342
BT-01187,2023-03-05,West,Pharmacy,Face Wash 100ml,16,190.0,27.0,50.14,Rahul D,2023,March,1,3040.0,820.8000000000001,2219.2,802.24,1416.9599999999998,63.85003604902667
BT-01269,2023-03-05,South,Online,Night Repair Cream 50ml,37,990.0,19.6,337.99,Priya R,2023,March,1,36630.0,7179.4800000000005,29450.52,12505.630000000001,16944.89,57.536810895019855
BT-01617,2023-03-05,East,Salon Wholesale,Perfume 100ml EDP,17,2550.0,13.8,1139.09,Meena G,2023,March,1,43350.0,5982.3,37367.7,19364.53,18003.17,48.17842682316546
BT-01643,2023-03-05,South,General Trade,Blush Palette,45,780.0,15.9,366.76,Kiran T,2023,March,1,35100.0,5580.9,29519.1,16504.2,13014.899999999998,44.089758834110796
BT-02263,2023-03-05,East,General Trade,BB Cream 30ml,43,570.0,6.2,239.17,Meena G,2023,March,1,24510.0,1519.62,22990.38,10284.31,12706.070000000002,55.266898589757986
BT-03299,2023-03-05,East,Salon Wholesale,Matte Lipstick,55,280.0,7.0,108.5,Pooja N,2023,March,1,15400.0,1078.0,14322.0,5967.5,8354.5,58.333333333333336
BT-03622,2023-03-05,North,Modern Trade,Perfume 100ml EDP,39,2250.0,7.6,952.88,Deepa S,2023,March,1,87750.0,6669.0,81081.0,37162.32,43918.68,54.16642616642616
BT-04079,2023-03-05,Central,Modern Trade,Nail Polish Set (12pc),32,610.0,12.9,238.14,Vikram N,2023,March,1,19520.0,2518.08,17001.92,7620.48,9381.439999999999,55.17870922813424
BT-04163,2023-03-05,South,Modern Trade,Face Wash 100ml,41,220.0,17.5,55.7,Anand V,2023,March,1,9020.0,1578.5,7441.5,2283.7000000000003,5157.799999999999,69.31129476584022
BT-04671,2023-03-05,North,Online,Night Repair Cream 50ml,25,740.0,5.2,268.84,Deepa S,2023,March,1,18500.0,962.0000000000001,17538.0,6720.999999999999,10817.0,61.67750028509522
BT-01442,2023-03-06,West,Pharmacy,Hair Serum 100ml,54,520.0,27.7,183.46,Rahul D,2023,March,1,28080.0,7778.159999999999,20301.84,9906.84,10395.0,51.20225555910203
BT-01801,2023-03-06,West,General Trade,Perfume 100ml EDP,4,2380.0,28.5,1131.69,Rahul D,2023,March,1,9520.0,2713.2,6806.8,4526.76,2280.04,33.49650349650349
BT-01870,2023-03-06,North,Modern Trade,Face Wash 100ml,12,190.0,12.0,52.38,Deepa S,2023,March,1,2280.0,273.59999999999997,2006.4,628.5600000000001,1377.8400000000001,68.67224880382776
BT-02951,2023-03-06,South,Pharmacy,Under Eye Cream 15ml,35,660.0,28.9,231.26,Priya R,2023,March,1,23100.0,6675.9,16424.1,8094.099999999999,8330.0,50.71815198397477
BT-03204,2023-03-06,East,General Trade,Eyeshadow Palette 9-shade,25,810.0,11.1,363.45,Meena G,2023,March,1,20250.0,2247.75,18002.25,9086.25,8916.0,49.527142440528266
BT-03213,2023-03-06,Central,Pharmacy,Eyeshadow Palette 9-shade,3,880.0,11.7,383.42,Suresh K,2023,March,1,2640.0,308.88,2331.12,1150.26,1180.86,50.65633686811489
BT-03261,2023-03-06,West,Modern Trade,Perfume 100ml EDP,40,2400.0,25.9,971.28,Rahul D,2023,March,1,96000.0,24864.0,71136.0,38851.2,32284.800000000003,45.38461538461539
BT-03496,2023-03-06,Central,General Trade,BB Cream 30ml,47,640.0,6.2,234.75,Suresh K,2023,March,1,30080.0,1864.96,28215.04,11033.25,17181.79,60.89585554371002
BT-03701,2023-03-06,Central,General Trade,Night Repair Cream 50ml,12,860.0,8.3,284.23,Sunita P,2023,March,1,10320.0,856.5600000000001,9463.44,3410.76,6052.68,63.95856052344602
BT-03859,2023-03-06,East,Salon Wholesale,Micellar Cleansing Water,12,310.0,6.6,93.16,Meena G,2023,March,1,3720.0,245.52,3474.48,1117.92,2356.56,67.82482558541135
BT-03923,2023-03-06,West,Online,Compact Powder,49,410.0,22.3,144.11,Rahul D,2023,March,1,20090.0,4480.07,15609.93,7061.39,8548.54,54.7634742756694
BT-04059,2023-03-06,East,General Trade,Hair Oil 200ml,22,250.0,10.4,78.38,Sneha B,2023,March,1,5500.0,572.0,4928.0,1724.36,3203.6400000000003,65.00892857142858
BT-04080,2023-03-06,East,General Trade,Vitamin C Face Serum 30ml,53,780.0,9.7,278.38,Pooja N,2023,March,1,41340.0,4009.9799999999996,37330.020000000004,14754.14,22575.880000000005,60.47647442996281
BT-04197,2023-03-06,East,General Trade,Blush Palette,36,660.0,11.4,292.45,Meena G,2023,March,1,23760.0,2708.64,21051.36,10528.199999999999,10523.160000000002,49.98802927696834
BT-04269,2023-03-06,North,General Trade,Matte Lipstick,54,460.0,9.3,177.88,Deepa S,2023,March,1,24840.0,2310.1200000000003,22529.88,9605.52,12924.36,57.36541872393461
BT-04697,2023-03-06,South,Modern Trade,Nail Polish Set (12pc),11,650.0,26.3,310.89,Priya R,2023,March,1,7150.0,1880.45,5269.55,3419.79,1849.7600000000002,35.10280764012108
BT-00330,2023-03-07,South,Pharmacy,Face Wash 100ml,33,290.0,12.6,88.8,Anand V,2023,March,1,9570.0,1205.82,8364.18,2930.4,5433.780000000001,64.9648859780636
BT-00926,2023-03-07,North,Modern Trade,Eyeshadow Palette 9-shade,21,700.0,12.7,328.23,Anjali M,2023,March,1,14700.0,1866.9,12833.1,6892.83,5940.27,46.28865979381443
BT-02088,2023-03-07,North,Online,Face Wash 100ml,7,200.0,12.5,65.44,Rohit K,2023,March,1,1400.0,175.0,1225.0,458.08,766.9200000000001,62.605714285714285
BT-02356,2023-03-07,South,Online,Nail Polish Set (12pc),4,530.0,19.8,213.11,Kiran T,2023,March,1,2120.0,419.76000000000005,1700.24,852.44,847.8,49.863548675481105
BT-02949,2023-03-07,East,Online,Under Eye Cream 15ml,48,830.0,11.5,236.8,Sneha B,2023,March,1,39840.0,4581.6,35258.4,11366.400000000001,23892.0,67.76257572663536
BT-03845,2023-03-07,North,Pharmacy,Hair Oil 200ml,7,320.0,11.9,96.86,Deepa S,2023,March,1,2240.0,266.56,1973.44,678.02,1295.42,65.64273552780932
BT-03917,2023-03-07,East,Salon Wholesale,Hair Serum 100ml,2,630.0,10.3,252.5,Pooja N,2023,March,1,1260.0,129.78,1130.22,505.0,625.22,55.31843357930315
BT-04024,2023-03-07,North,Modern Trade,Eyeshadow Palette 9-shade,59,650.0,12.6,284.76,Rohit K,2023,March,1,38350.0,4832.1,33517.9,16800.84,16717.06,49.87502200316845
BT-04088,2023-03-07,West,Online,Night Repair Cream 50ml,7,930.0,35.4,310.53,Nidhi C,2023,March,1,6510.0,2304.54,4205.46,2173.71,2031.75,48.3121941476081
BT-00051,2023-03-08,Central,Pharmacy,Face Wash 100ml,4,250.0,5.9,64.7,Sunita P,2023,March,1,1000.0,59.00000000000001,941.0,258.8,682.2,72.49734325185972
BT-00056,2023-03-08,South,Online,Lip Gloss,2,190.0,24.6,57.08,Kiran T,2023,March,1,380.0,93.48,286.52,114.16,172.35999999999999,60.15635906742985
BT-00899,2023-03-08,Central,Online,Face Wash 100ml,23,240.0,9.4,68.3,Suresh K,2023,March,1,5520.0,518.88,5001.12,1570.8999999999999,3430.2200000000003,68.58903605592349
BT-00906,2023-03-08,West,Pharmacy,Micellar Cleansing Water,8,420.0,22.1,131.33,Rahul D,2023,March,1,3360.0,742.5600000000001,2617.44,1050.64,1566.8,59.86001589339202
BT-01038,2023-03-08,North,General Trade,Hair Serum 100ml,34,390.0,12.8,143.72,Anjali M,2023,March,1,13260.0,1697.28,11562.72,4886.48,6676.24,57.73935544577746
BT-01509,2023-03-08,West,General Trade,BB Cream 30ml,7,480.0,25.7,189.36,Rahul D,2023,March,1,3360.0,863.52,2496.48,1325.52,1170.96,46.904441453566626
BT-01662,2023-03-08,Central,General Trade,Eyeshadow Palette 9-shade,43,600.0,8.8,294.42,Sunita P,2023,March,1,25800.0,2270.4,23529.6,12660.060000000001,10869.539999999997,46.19517543859648
BT-01665,2023-03-08,South,Pharmacy,Compact Powder,34,450.0,24.9,155.38,Priya R,2023,March,1,15300.0,3809.7,11490.3,5282.92,6207.379999999999,54.02278443556738
BT-02453,2023-03-08,East,Pharmacy,Blush Palette,21,700.0,16.4,323.75,Meena G,2023,March,1,14700.0,2410.7999999999997,12289.2,6798.75,5490.450000000001,44.67703349282297
BT-03424,2023-03-08,East,General Trade,Blush Palette,4,810.0,13.9,367.09,Sneha B,2023,March,1,3240.0,450.36,2789.64,1468.36,1321.28,47.363817553519446
BT-04456,2023-03-08,East,Salon Wholesale,Night Repair Cream 50ml,53,1140.0,11.1,376.09,Meena G,2023,March,1,60420.0,6706.62,53713.38,19932.77,33780.61,62.89049395141397
BT-00167,2023-03-09,North,Online,Hair Serum 100ml,8,620.0,11.8,222.83,Rohit K,2023,March,1,4960.0,585.2800000000001,4374.72,1782.64,2592.08,59.251334942579184
BT-00603,2023-03-09,South,General Trade,Nail Polish Set (12pc),12,400.0,21.0,165.56,Kiran T,2023,March,1,4800.0,1008.0,3792.0,1986.72,1805.28,47.60759493670886
BT-01010,2023-03-09,West,Modern Trade,Eyeshadow Palette 9-shade,15,940.0,31.6,407.11,Priya S,2023,March,1,14100.0,4455.6,9644.4,6106.650000000001,3537.749999999999,36.68190867239019
BT-01463,2023-03-09,Central,Online,Face Wash 100ml,36,280.0,8.3,92.2,Sunita P,2023,March,1,10080.0,836.6400000000001,9243.36,3319.2000000000003,5924.16,64.09097990341174
BT-01742,2023-03-09,West,Modern Trade,Mascara,27,380.0,30.4,165.3,Rahul D,2023,March,1,10260.0,3119.04,7140.96,4463.1,2677.8599999999997,37.49999999999999
BT-02601,2023-03-09,North,General Trade,Lip Gloss,32,260.0,5.5,93.08,Anjali M,2023,March,1,8320.0,457.6,7862.4,2978.56,4883.84,62.11640211640213
BT-03121,2023-03-09,West,Online,Night Repair Cream 50ml,31,780.0,41.9,302.02,Nidhi C,2023,March,1,24180.0,10131.42,14048.58,9362.619999999999,4685.960000000001,33.35539962045987
BT-03408,2023-03-09,South,Modern Trade,Vitamin C Face Serum 30ml,44,490.0,26.6,138.57,Priya R,2023,March,1,21560.0,5734.96,15825.04,6097.08,9727.960000000001,61.47194572651949
BT-03466,2023-03-09,Central,Modern Trade,Night Repair Cream 50ml,23,990.0,7.5,408.28,Suresh K,2023,March,1,22770.0,1707.75,21062.25,9390.439999999999,11671.810000000001,55.41577941577942
BT-03512,2023-03-09,East,Salon Wholesale,Hair Serum 100ml,12,530.0,12.7,201.98,Pooja N,2023,March,1,6360.0,807.72,5552.28,2423.7599999999998,3128.52,56.3465819447146
BT-03953,2023-03-09,East,General Trade,Blush Palette,16,740.0,8.9,310.5,Meena G,2023,March,1,11840.0,1053.7600000000002,10786.24,4968.0,5818.24,53.94131782715756
BT-04258,2023-03-09,West,General Trade,Hair Oil 200ml,50,370.0,29.0,141.34,Nidhi C,2023,March,1,18500.0,5365.0,13135.0,7067.0,6068.0,46.19718309859155
BT-04437,2023-03-09,North,General Trade,Vitamin C Face Serum 30ml,48,520.0,10.4,180.86,Deepa S,2023,March,1,24960.0,2595.84,22364.16,8681.28,13682.88,61.18217719780219
BT-04867,2023-03-09,West,General Trade,Eyeshadow Palette 9-shade,41,720.0,38.2,292.03,Priya S,2023,March,1,29520.0,11276.64,18243.36,11973.23,6270.130000000001,34.36938151743977
BT-04879,2023-03-09,West,Pharmacy,Hair Serum 100ml,59,650.0,40.3,235.88,Priya S,2023,March,1,38350.0,15455.05,22894.95,13916.92,8978.03,39.21401881200876
BT-00065,2023-03-10,South,Online,Matte Lipstick,42,370.0,19.5,141.93,Priya R,2023,March,1,15540.0,3030.3,12509.7,5961.06,6548.64,52.34849756588888
BT-01135,2023-03-10,East,Modern Trade,Night Repair Cream 50ml,7,810.0,8.8,260.33,Pooja N,2023,March,1,5670.0,498.96000000000004,5171.04,1822.31,3348.73,64.75931340697423
BT-01987,2023-03-10,South,Salon Wholesale,Rose Water Toner 200ml,3,240.0,30.6,70.58,Priya R,2023,March,1,720.0,220.32,499.68,211.74,287.94,57.624879923150814
BT-02302,2023-03-10,West,Pharmacy,Lip Gloss,6,260.0,34.8,76.86,Priya S,2023,March,1,1560.0,542.88,1017.12,461.15999999999997,555.96,54.66021708352997
BT-02823,2023-03-10,Central,Salon Wholesale,Face Wash 100ml,6,310.0,12.6,87.02,Suresh K,2023,March,1,1860.0,234.36,1625.6399999999999,522.12,1103.52,67.88218793828892
BT-03302,2023-03-10,South,General Trade,Under Eye Cream 15ml,33,850.0,23.0,258.57,Kiran T,2023,March,1,28050.0,6451.5,21598.5,8532.81,13065.69,60.4935064935065
BT-03801,2023-03-10,North,General Trade,Perfume 100ml EDP,25,1270.0,11.1,641.73,Anjali M,2023,March,1,31750.0,3524.25,28225.75,16043.25,12182.5,43.16094346474407
BT-04055,2023-03-10,West,Pharmacy,Night Repair Cream 50ml,29,950.0,24.8,310.37,Rahul D,2023,March,1,27550.0,6832.4,20717.6,9000.73,11716.869999999999,56.55515117581187
BT-04382,2023-03-10,East,Pharmacy,Micellar Cleansing Water,24,400.0,13.1,124.32,Pooja N,2023,March,1,9600.0,1257.6000000000001,8342.4,2983.68,5358.719999999999,64.23475258918296
BT-04521,2023-03-10,East,Online,Nail Polish Set (12pc),22,630.0,9.7,256.41,Pooja N,2023,March,1,13860.0,1344.4199999999998,12515.58,5641.02,6874.5599999999995,54.928017718715395
BT-04558,2023-03-10,Central,Pharmacy,Kajal Eye Pencil,45,190.0,7.3,53.48,Suresh K,2023,March,1,8550.0,624.15,7925.85,2406.6,5519.25,69.63606427070913
BT-04590,2023-03-10,West,Pharmacy,Compact Powder,51,450.0,30.4,144.27,Nidhi C,2023,March,1,22950.0,6976.8,15973.2,7357.77,8615.43,53.93678160919541
BT-01222,2023-03-11,South,Salon Wholesale,Hydrating Moisturiser 50ml,19,600.0,22.5,199.14,Priya R,2023,March,1,11400.0,2565.0,8835.0,3783.66,5051.34,57.174193548387095
BT-01909,2023-03-11,North,General Trade,Rose Water Toner 200ml,44,270.0,7.6,64.88,Deepa S,2023,March,1,11880.0,902.88,10977.12,2854.72,8122.4000000000015,73.99390732724068
BT-02374,2023-03-11,Central,Pharmacy,Face Wash 100ml,33,290.0,9.3,73.83,Vikram N,2023,March,1,9570.0,890.0100000000001,8679.99,2436.39,6243.6,71.93095844580468
BT-02634,2023-03-11,North,Pharmacy,Hair Serum 100ml,48,470.0,14.0,202.1,Rohit K,2023,March,1,22560.0,3158.4,19401.6,9700.8,9700.8,50.0
BT-02679,2023-03-11,South,Online,Micellar Cleansing Water,46,360.0,23.3,101.56,Anand V,2023,March,1,16560.0,3858.48,12701.52,4671.76,8029.76,63.218890337534404
BT-03046,2023-03-11,Central,Online,Hair Serum 100ml,45,450.0,12.9,176.81,Vikram N,2023,March,1,20250.0,2612.25,17637.75,7956.45,9681.3,54.889654292639364
BT-03050,2023-03-11,West,Modern Trade,Eyeshadow Palette 9-shade,16,770.0,39.1,321.01,Nidhi C,2023,March,1,12320.0,4817.12,7502.88,5136.16,2366.7200000000003,31.5441537116414
BT-03560,2023-03-11,North,Modern Trade,Mascara,57,520.0,11.4,197.29,Deepa S,2023,March,1,29640.0,3378.96,26261.04,11245.529999999999,15015.510000000002,57.17789546796319
BT-03850,2023-03-11,South,Modern Trade,Rose Water Toner 200ml,41,360.0,24.1,93.1,Anand V,2023,March,1,14760.0,3557.1600000000003,11202.84,3817.1,7385.74,65.92738984043332
BT-00043,2023-03-12,South,General Trade,Compact Powder,31,310.0,31.3,105.34,Priya R,2023,March,1,9610.0,3007.93,6602.07,3265.54,3336.5299999999997,50.53763440860215
BT-00488,2023-03-12,West,Salon Wholesale,Rose Water Toner 200ml,2,370.0,38.0,85.69,Rahul D,2023,March,1,740.0,281.2,458.8,171.38,287.42,62.6460331299041
BT-00600,2023-03-12,North,Salon Wholesale,Mascara,2,370.0,8.7,133.5,Deepa S,2023,March,1,740.0,64.38,675.62,267.0,408.62,60.48074361327374
BT-00817,2023-03-12,Central,Modern Trade,Matte Lipstick,51,290.0,7.3,96.83,Sunita P,2023,March,1,14790.0,1079.6699999999998,13710.33,4938.33,8772.0,63.98095450656549
BT-01527,2023-03-12,South,Pharmacy,Matte Lipstick,36,470.0,24.3,177.75,Priya R,2023,March,1,16920.0,4111.5599999999995,12808.44,6399.0,6409.4400000000005,50.04075437758229
BT-02363,2023-03-12,Central,Salon Wholesale,Nail Polish Set (12pc),58,610.0,5.6,286.09,Vikram N,2023,March,1,35380.0,1981.2799999999997,33398.72,16593.219999999998,16805.500000000004,50.317796610169495
BT-02550,2023-03-12,West,General Trade,Nail Polish Set (12pc),47,550.0,32.3,211.53,Nidhi C,2023,March,1,25850.0,8349.55,17500.45,9941.91,7558.540000000001,43.190546528803544
BT-02732,2023-03-12,Central,Pharmacy,Hydrating Moisturiser 50ml,21,550.0,8.6,182.38,Vikram N,2023,March,1,11550.0,993.3,10556.7,3829.98,6726.720000000001,63.719912472647714
BT-02794,2023-03-12,West,Online,Nail Polish Set (12pc),22,560.0,31.3,264.66,Nidhi C,2023,March,1,12320.0,3856.16,8463.84,5822.52,2641.3199999999997,31.207111665626947
BT-03055,2023-03-12,North,Online,Under Eye Cream 15ml,26,830.0,6.3,298.38,Rohit K,2023,March,1,21580.0,1359.54,20220.46,7757.88,12462.579999999998,61.63351377762919
BT-03276,2023-03-12,North,Pharmacy,Night Repair Cream 50ml,23,970.0,14.6,380.24,Rohit K,2023,March,1,22310.0,3257.2599999999998,19052.74,8745.52,10307.220000000001,54.09836065573771
BT-00697,2023-03-13,North,Salon Wholesale,Rose Water Toner 200ml,17,370.0,5.1,107.89,Anjali M,2023,March,1,6290.0,320.78999999999996,5969.21,1834.13,4135.08,69.27348845157064
BT-01812,2023-03-13,West,General Trade,Compact Powder,39,370.0,28.7,145.37,Rahul D,2023,March,1,14430.0,4141.41,10288.59,5669.43,4619.16,44.89594784124938
BT-02089,2023-03-13,West,Modern Trade,Vitamin C Face Serum 30ml,29,740.0,37.4,211.2,Priya S,2023,March,1,21460.0,8026.04,13433.96,6124.799999999999,7309.16,54.40808220360937
BT-02168,2023-03-13,South,Pharmacy,Hair Serum 100ml,39,650.0,16.0,216.58,Kiran T,2023,March,1,25350.0,4056.0,21294.0,8446.62,12847.38,60.33333333333333
BT-02367,2023-03-13,North,Online,Blush Palette,25,500.0,8.5,211.7,Deepa S,2023,March,1,12500.0,1062.5,11437.5,5292.5,6145.0,53.72677595628416
BT-03425,2023-03-13,South,Modern Trade,Vitamin C Face Serum 30ml,49,720.0,23.9,212.47,Anand V,2023,March,1,35280.0,8431.92,26848.08,10411.03,16437.050000000003,61.22244123229669
BT-03770,2023-03-13,North,General Trade,Compact Powder,54,460.0,5.9,169.69,Deepa S,2023,March,1,24840.0,1465.5600000000002,23374.44,9163.26,14211.179999999998,60.79794852839255
BT-04975,2023-03-13,North,Modern Trade,Lip Gloss,3,270.0,14.5,82.43,Rohit K,2023,March,1,810.0,117.44999999999999,692.55,247.29000000000002,445.25999999999993,64.29283084253844
BT-00122,2023-03-14,South,General Trade,Rose Water Toner 200ml,4,250.0,18.3,67.0,Kiran T,2023,March,1,1000.0,183.0,817.0,268.0,549.0,67.19706242350061
BT-00597,2023-03-14,East,Salon Wholesale,Under Eye Cream 15ml,14,770.0,13.9,277.58,Pooja N,2023,March,1,10780.0,1498.42,9281.58,3886.12,5395.46,58.13083548275186
BT-00641,2023-03-14,North,Salon Wholesale,Hair Oil 200ml,22,310.0,9.1,123.94,Deepa S,2023,March,1,6820.0,620.62,6199.38,2726.68,3472.7000000000003,56.01689201178183
BT-01295,2023-03-14,West,General Trade,Under Eye Cream 15ml,6,640.0,33.6,243.2,Priya S,2023,March,1,3840.0,1290.24,2549.76,1459.1999999999998,1090.5600000000004,42.77108433734941
BT-01505,2023-03-14,South,Salon Wholesale,Nail Polish Set (12pc),14,460.0,28.0,201.48,Priya R,2023,March,1,6440.0,1803.2000000000003,4636.799999999999,2820.72,1816.0799999999995,39.16666666666666
BT-01772,2023-03-14,Central,Salon Wholesale,Compact Powder,52,290.0,6.5,105.76,Vikram N,2023,March,1,15080.0,980.2,14099.8,5499.52,8600.279999999999,60.99575880508943
BT-01905,2023-03-14,South,General Trade,Eyeshadow Palette 9-shade,39,690.0,15.2,338.79,Kiran T,2023,March,1,26910.0,4090.3199999999997,22819.68,13212.810000000001,9606.869999999999,42.09905660377358
BT-02506,2023-03-14,Central,Pharmacy,Under Eye Cream 15ml,26,920.0,11.3,341.14,Sunita P,2023,March,1,23920.0,2702.96,21217.04,8869.64,12347.400000000001,58.19567668251556
BT-03250,2023-03-14,East,Salon Wholesale,Lip Gloss,25,220.0,8.6,68.95,Sneha B,2023,March,1,5500.0,472.99999999999994,5027.0,1723.75,3303.25,65.71016510841457
BT-03568,2023-03-14,East,Online,Vitamin C Face Serum 30ml,6,620.0,10.5,175.96,Sneha B,2023,March,1,3720.0,390.59999999999997,3329.4,1055.76,2273.6400000000003,68.28978194269239
BT-04045,2023-03-14,East,Pharmacy,Hair Oil 200ml,30,320.0,13.1,123.97,Pooja N,2023,March,1,9600.0,1257.6000000000001,8342.4,3719.1,4623.299999999999,55.419303797468345
BT-04296,2023-03-14,North,Modern Trade,Blush Palette,36,660.0,5.7,277.33,Deepa S,2023,March,1,23760.0,1354.32,22405.68,9983.88,12421.800000000001,55.44040618271796
BT-04666,2023-03-14,South,General Trade,Perfume 100ml EDP,46,2460.0,19.5,1077.73,Priya R,2023,March,1,113160.0,22066.2,91093.8,49575.58,41518.22,45.57743776195526
BT-04689,2023-03-14,South,Online,Under Eye Cream 15ml,44,580.0,24.4,189.37,Priya R,2023,March,1,25520.0,6226.88,19293.12,8332.28,10960.839999999998,56.8121693121693
BT-04699,2023-03-14,South,General Trade,BB Cream 30ml,29,540.0,21.6,196.13,Anand V,2023,March,1,15660.0,3382.5600000000004,12277.439999999999,5687.7699999999995,6589.669999999999,53.6729969765684
BT-04800,2023-03-14,North,Modern Trade,Nail Polish Set (12pc),49,450.0,12.5,207.0,Rohit K,2023,March,1,22050.0,2756.25,19293.75,10143.0,9150.75,47.42857142857143
BT-04987,2023-03-14,Central,Pharmacy,Eyeshadow Palette 9-shade,56,690.0,11.1,301.32,Vikram N,2023,March,1,38640.0,4289.04,34350.96,16873.92,17477.04,50.87787939551035
BT-00004,2023-03-15,Central,Salon Wholesale,SPF 50 Sunscreen 100g,36,350.0,6.5,151.06,Sunita P,2023,March,1,12600.0,819.0,11781.0,5438.16,6342.84,53.83957219251337
BT-00201,2023-03-15,East,Pharmacy,Eyeshadow Palette 9-shade,56,670.0,13.5,291.18,Sneha B,2023,March,1,37520.0,5065.200000000001,32454.8,16306.08,16148.72,49.757570528858594
BT-00250,2023-03-15,South,General Trade,Mascara,23,380.0,18.8,160.13,Priya R,2023,March,1,8740.0,1643.12,7096.88,3682.99,3413.8900000000003,48.1040964480166
BT-00804,2023-03-15,East,Modern Trade,Kajal Eye Pencil,47,190.0,13.8,62.93,Pooja N,2023,March,1,8930.0,1232.3400000000001,7697.66,2957.71,4739.95,61.576505067773844
BT-01012,2023-03-15,South,Online,Under Eye Cream 15ml,36,920.0,19.3,340.4,Anand V,2023,March,1,33120.0,6392.16,26727.84,12254.4,14473.44,54.15117719950434
BT-01726,2023-03-15,North,General Trade,Rose Water Toner 200ml,47,320.0,5.0,75.46,Deepa S,2023,March,1,15040.0,752.0,14288.0,3546.62,10741.380000000001,75.17763157894738
BT-02434,2023-03-15,South,General Trade,Hair Serum 100ml,9,460.0,21.5,169.65,Kiran T,2023,March,1,4140.0,890.1,3249.9,1526.8500000000001,1723.05,53.01855441705898
BT-02729,2023-03-15,North,Modern Trade,Matte Lipstick,9,310.0,10.5,106.52,Anjali M,2023,March,1,2790.0,292.95,2497.05,958.68,1538.3700000000003,61.60749684627862
BT-03709,2023-03-15,North,Online,Compact Powder,59,360.0,10.4,139.21,Anjali M,2023,March,1,21240.0,2208.96,19031.04,8213.390000000001,10817.65,56.84213789682539
BT-03870,2023-03-15,East,Online,Nail Polish Set (12pc),21,410.0,12.7,180.48,Pooja N,2023,March,1,8610.0,1093.47,7516.53,3790.08,3726.45,49.576732880730866
BT-04001,2023-03-15,Central,Modern Trade,SPF 50 Sunscreen 100g,41,480.0,13.2,182.69,Suresh K,2023,March,1,19680.0,2597.76,17082.239999999998,7490.29,9591.949999999997,56.151593701996916
BT-04097,2023-03-15,Central,General Trade,Hair Oil 200ml,16,240.0,6.4,76.56,Suresh K,2023,March,1,3840.0,245.76,3594.24,1224.96,2369.2799999999997,65.91880341880342
BT-00146,2023-03-16,East,Pharmacy,Lip Gloss,25,230.0,6.9,68.63,Meena G,2023,March,1,5750.0,396.75000000000006,5353.25,1715.75,3637.5,67.94937654695745
BT-00445,2023-03-16,East,Modern Trade,Nail Polish Set (12pc),51,660.0,6.1,257.47,Pooja N,2023,March,1,33660.0,2053.2599999999998,31606.74,13130.970000000001,18475.77,58.45515861490303
BT-00611,2023-03-16,East,Online,Face Wash 100ml,27,280.0,11.2,86.49,Pooja N,2023,March,1,7560.0,846.7199999999999,6713.28,2335.23,4378.049999999999,65.21476833976834
BT-00905,2023-03-16,East,Salon Wholesale,Micellar Cleansing Water,5,360.0,6.2,121.68,Pooja N,2023,March,1,1800.0,111.6,1688.4,608.4000000000001,1080.0,63.96588486140724
BT-01800,2023-03-16,South,General Trade,Night Repair Cream 50ml,57,930.0,21.8,344.94,Priya R,2023,March,1,53010.0,11556.18,41453.82,19661.579999999998,21792.24,52.569919973599546
BT-01822,2023-03-16,South,Salon Wholesale,BB Cream 30ml,6,590.0,20.1,246.15,Kiran T,2023,March,1,3540.0,711.5400000000001,2828.46,1476.9,1351.56,47.78430665450457
BT-02200,2023-03-16,South,Salon Wholesale,Matte Lipstick,35,470.0,20.8,151.86,Anand V,2023,March,1,16450.0,3421.6000000000004,13028.4,5315.1,7713.299999999999,59.203739522888455
BT-02269,2023-03-16,North,Modern Trade,Perfume 100ml EDP,39,1850.0,9.9,799.38,Deepa S,2023,March,1,72150.0,7142.85,65007.15,31175.82,33831.33,52.04247532771396
BT-02393,2023-03-16,North,Pharmacy,Kajal Eye Pencil,56,180.0,5.3,55.39,Deepa S,2023,March,1,10080.0,534.24,9545.76,3101.84,6443.92,67.50557315499238
BT-02454,2023-03-16,South,Pharmacy,Under Eye Cream 15ml,47,910.0,17.8,275.73,Kiran T,2023,March,1,42770.0,7613.06,35156.94,12959.310000000001,22197.63,63.138686131386855
BT-02640,2023-03-16,Central,Salon Wholesale,Mascara,48,320.0,9.0,134.37,Suresh K,2023,March,1,15360.0,1382.3999999999999,13977.6,6449.76,7527.84,53.856456043956044
BT-02774,2023-03-16,East,Pharmacy,Blush Palette,44,790.0,12.4,336.22,Pooja N,2023,March,1,34760.0,4310.24,30449.760000000002,14793.68,15656.080000000002,51.41610311542686
BT-03223,2023-03-16,East,Pharmacy,Compact Powder,25,320.0,12.9,108.51,Pooja N,2023,March,1,8000.0,1032.0,6968.0,2712.75,4255.25,61.06845579793341
BT-03474,2023-03-16,North,Pharmacy,Eyeshadow Palette 9-shade,48,920.0,6.9,402.68,Deepa S,2023,March,1,44160.0,3047.0400000000004,41112.96,19328.64,21784.32,52.986503525895486
BT-03857,2023-03-16,Central,General Trade,Matte Lipstick,57,360.0,5.8,128.81,Vikram N,2023,March,1,20520.0,1190.1599999999999,19329.84,7342.17,11987.67,62.01639537626799
BT-04449,2023-03-16,North,Modern Trade,Hair Serum 100ml,5,430.0,11.6,153.42,Anjali M,2023,March,1,2150.0,249.39999999999998,1900.6,767.0999999999999,1133.5,59.63906134904767
BT-04464,2023-03-16,South,Online,Hydrating Moisturiser 50ml,11,520.0,22.1,188.97,Priya R,2023,March,1,5720.0,1264.1200000000001,4455.88,2078.67,2377.21,53.34995556433297
BT-00231,2023-03-17,North,Pharmacy,Hair Serum 100ml,19,670.0,12.2,257.82,Anjali M,2023,March,1,12730.0,1553.06,11176.94,4898.58,6278.360000000001,56.17244075748818
BT-01190,2023-03-17,East,Pharmacy,Perfume 100ml EDP,57,2790.0,9.9,1436.57,Meena G,2023,March,1,159030.0,15743.970000000001,143286.03,81884.48999999999,61401.54000000001,42.85242601808426
BT-01598,2023-03-17,South,Online,Hydrating Moisturiser 50ml,52,480.0,25.7,172.99,Priya R,2023,March,1,24960.0,6414.72,18545.28,8995.48,9549.8,51.494504262000895
BT-02078,2023-03-17,North,Pharmacy,Micellar Cleansing Water,42,480.0,14.9,159.12,Rohit K,2023,March,1,20160.0,3003.8399999999997,17156.16,6683.04,10473.119999999999,61.045828437132776
BT-02436,2023-03-17,East,Pharmacy,Micellar Cleansing Water,52,470.0,11.3,168.92,Pooja N,2023,March,1,24440.0,2761.7200000000003,21678.28,8783.84,12894.439999999999,59.48091822782988
BT-02492,2023-03-17,North,Pharmacy,Under Eye Cream 15ml,40,790.0,6.8,260.07,Rohit K,2023,March,1,31600.0,2148.8,29451.2,10402.8,19048.4,64.6778399521921
BT-02613,2023-03-17,East,Pharmacy,BB Cream 30ml,21,520.0,7.2,180.96,Pooja N,2023,March,1,10920.0,786.2400000000001,10133.76,3800.1600000000003,6333.6,62.5
BT-02684,2023-03-17,Central,Online,SPF 50 Sunscreen 100g,25,390.0,9.5,161.85,Vikram N,2023,March,1,9750.0,926.25,8823.75,4046.25,4777.5,54.14364640883977
BT-02813,2023-03-17,West,Modern Trade,Face Wash 100ml,44,250.0,39.9,66.3,Nidhi C,2023,March,1,11000.0,4389.0,6611.0,2917.2,3693.8,55.87354409317804
BT-03411,2023-03-17,Central,Pharmacy,Face Wash 100ml,24,270.0,11.8,69.17,Suresh K,2023,March,1,6480.0,764.6400000000001,5715.36,1660.08,4055.2799999999997,70.95406063660032
BT-03443,2023-03-17,West,Modern Trade,Under Eye Cream 15ml,58,560.0,39.0,168.5,Nidhi C,2023,March,1,32480.0,12667.2,19812.8,9773.0,10039.8,50.67330210772833
BT-03581,2023-03-17,West,Modern Trade,BB Cream 30ml,23,580.0,35.5,210.66,Priya S,2023,March,1,13340.0,4735.7,8604.3,4845.18,3759.119999999999,43.688853247794704
BT-00393,2023-03-18,South,General Trade,Perfume 100ml EDP,59,1480.0,21.6,755.69,Anand V,2023,March,1,87320.0,18861.120000000003,68458.88,44585.71000000001,23873.17,34.872276613348035
BT-00785,2023-03-18,Central,Salon Wholesale,Blush Palette,19,790.0,6.9,344.52,Vikram N,2023,March,1,15010.0,1035.69,13974.31,6545.879999999999,7428.43,53.15775877306286
BT-02008,2023-03-18,West,Online,Under Eye Cream 15ml,32,880.0,38.5,284.06,Nidhi C,2023,March,1,28160.0,10841.6,17318.4,9089.92,8228.480000000001,47.512934220251296
BT-02323,2023-03-18,Central,General Trade,BB Cream 30ml,14,710.0,5.9,253.26,Sunita P,2023,March,1,9940.0,586.46,9353.54,3545.64,5807.9000000000015,62.09306850668304
BT-02348,2023-03-18,West,Pharmacy,Rose Water Toner 200ml,58,310.0,31.5,85.0,Rahul D,2023,March,1,17980.0,5663.7,12316.3,4930.0,7386.299999999999,59.97174476100777
BT-02597,2023-03-18,South,Online,Lip Gloss,41,260.0,27.9,88.66,Kiran T,2023,March,1,10660.0,2974.14,7685.860000000001,3635.06,4050.8000000000006,52.704576976421635
BT-02885,2023-03-18,East,General Trade,Vitamin C Face Serum 30ml,56,760.0,10.5,265.54,Meena G,2023,March,1,42560.0,4468.8,38091.2,14870.240000000002,23220.959999999995,60.961481917083205
BT-04139,2023-03-18,North,Pharmacy,BB Cream 30ml,27,650.0,7.1,216.71,Rohit K,2023,March,1,17550.0,1246.05,16303.95,5851.17,10452.78,64.1119483315393
BT-04252,2023-03-18,South,Salon Wholesale,Nail Polish Set (12pc),59,620.0,18.0,264.18,Priya R,2023,March,1,36580.0,6584.4,29995.6,15586.62,14408.979999999998,48.03697875688434
BT-00182,2023-03-19,South,Salon Wholesale,Kajal Eye Pencil,11,220.0,28.3,64.57,Priya R,2023,March,1,2420.0,684.8600000000001,1735.1399999999999,710.27,1024.87,59.06555090655509
BT-00366,2023-03-19,West,General Trade,Vitamin C Face Serum 30ml,33,630.0,42.0,216.72,Priya S,2023,March,1,20790.0,8731.8,12058.2,7151.76,4906.4400000000005,40.689655172413794
BT-00468,2023-03-19,South,Modern Trade,Blush Palette,53,600.0,13.8,239.88,Anand V,2023,March,1,31800.0,4388.400000000001,27411.6,12713.64,14697.96,53.619489559164734
BT-00621,2023-03-19,South,Modern Trade,Rose Water Toner 200ml,54,270.0,18.6,66.45,Anand V,2023,March,1,14580.0,2711.8800000000006,11868.119999999999,3588.3,8279.82,69.76521976521977
BT-00661,2023-03-19,North,Modern Trade,Hydrating Moisturiser 50ml,52,440.0,11.6,134.6,Anjali M,2023,March,1,22880.0,2654.08,20225.92,6999.2,13226.719999999998,65.39489921842862
BT-00726,2023-03-19,North,Modern Trade,Face Wash 100ml,51,290.0,10.6,75.08,Rohit K,2023,March,1,14790.0,1567.74,13222.26,3829.08,9393.18,71.04065416955952
BT-00902,2023-03-19,North,Online,BB Cream 30ml,57,440.0,9.7,179.08,Deepa S,2023,March,1,25080.0,2432.7599999999998,22647.24,10207.560000000001,12439.68,54.928017718715395
BT-01230,2023-03-19,North,Modern Trade,Hair Serum 100ml,59,680.0,5.4,283.08,Anjali M,2023,March,1,40120.0,2166.4800000000005,37953.52,16701.719999999998,21251.8,55.99427931849272
BT-01346,2023-03-19,West,Online,Kajal Eye Pencil,48,230.0,28.0,77.9,Rahul D,2023,March,1,11040.0,3091.2000000000003,7948.799999999999,3739.2000000000003,4209.5999999999985,52.95893719806762
BT-01701,2023-03-19,East,Modern Trade,Lip Gloss,32,220.0,10.9,66.2,Meena G,2023,March,1,7040.0,767.36,6272.64,2118.4,4154.24,66.22793592490561
BT-01809,2023-03-19,West,Modern Trade,Eyeshadow Palette 9-shade,34,670.0,38.9,328.1,Rahul D,2023,March,1,22780.0,8861.42,13918.58,11155.400000000001,2763.1799999999985,19.852456213205645
BT-02116,2023-03-19,North,Pharmacy,BB Cream 30ml,55,460.0,4.3,169.65,Deepa S,2023,March,1,25300.0,1087.8999999999999,24212.1,9330.75,14881.349999999999,61.462450592885375
BT-03377,2023-03-19,North,Modern Trade,Hair Oil 200ml,34,390.0,14.5,119.73,Rohit K,2023,March,1,13260.0,1922.6999999999998,11337.3,4070.82,7266.48,64.09356725146199
BT-03591,2023-03-19,South,Modern Trade,Compact Powder,17,340.0,26.3,122.33,Priya R,2023,March,1,5780.0,1520.14,4259.86,2079.61,2180.2499999999995,51.18125947801101
BT-04166,2023-03-19,Central,Modern Trade,Vitamin C Face Serum 30ml,32,540.0,9.6,163.57,Suresh K,2023,March,1,17280.0,1658.88,15621.119999999999,5234.24,10386.88,66.49254342838414
BT-04249,2023-03-19,Central,Modern Trade,Perfume 100ml EDP,31,1640.0,11.7,800.65,Suresh K,2023,March,1,50840.0,5948.28,44891.72,24820.149999999998,20071.570000000003,44.71107366792808
BT-04546,2023-03-19,South,Salon Wholesale,Lip Gloss,11,280.0,14.6,85.76,Anand V,2023,March,1,3080.0,449.67999999999995,2630.32,943.36,1686.96,64.13516226162595
BT-04861,2023-03-19,Central,Pharmacy,Lip Gloss,56,290.0,11.4,89.29,Suresh K,2023,March,1,16240.0,1851.3600000000001,14388.64,5000.240000000001,9388.399999999998,65.24869619366387
BT-00117,2023-03-20,South,Modern Trade,Hydrating Moisturiser 50ml,20,590.0,26.1,196.23,Priya R,2023,March,1,11800.0,3079.8,8720.2,3924.6,4795.6,54.99415151028646
BT-00448,2023-03-20,Central,Pharmacy,Under Eye Cream 15ml,21,890.0,8.6,324.05,Suresh K,2023,March,1,18690.0,1607.34,17082.66,6805.05,10277.61,60.16399085388342
BT-00784,2023-03-20,North,Modern Trade,Night Repair Cream 50ml,30,880.0,11.5,313.37,Rohit K,2023,March,1,26400.0,3036.0,23364.0,9401.1,13962.9,59.762455059065225
BT-01109,2023-03-20,North,General Trade,Matte Lipstick,56,300.0,6.3,109.98,Anjali M,2023,March,1,16800.0,1058.4,15741.6,6158.88,9582.720000000001,60.8751334044824
BT-01681,2023-03-20,North,General Trade,BB Cream 30ml,60,530.0,11.7,187.46,Deepa S,2023,March,1,31800.0,3720.6,28079.4,11247.6,16831.800000000003,59.943588538216645
BT-02321,2023-03-20,East,Modern Trade,Mascara,35,370.0,13.5,141.6,Sneha B,2023,March,1,12950.0,1748.2500000000002,11201.75,4956.0,6245.75,55.756912982346506
BT-02631,2023-03-20,East,General Trade,Compact Powder,37,460.0,9.8,146.92,Meena G,2023,March,1,17020.0,1667.96,15352.04,5436.04,9916.0,64.59076448471994
BT-02653,2023-03-20,North,Pharmacy,Mascara,5,320.0,11.0,138.82,Deepa S,2023,March,1,1600.0,176.0,1424.0,694.0999999999999,729.9000000000001,51.25702247191012
BT-02881,2023-03-20,North,Pharmacy,Hair Oil 200ml,34,390.0,5.3,126.17,Deepa S,2023,March,1,13260.0,702.78,12557.22,4289.78,8267.439999999999,65.83813933338747
BT-02988,2023-03-20,South,Modern Trade,Face Wash 100ml,45,300.0,25.2,78.33,Kiran T,2023,March,1,13500.0,3402.0,10098.0,3524.85,6573.15,65.09358288770053
BT-03388,2023-03-20,South,General Trade,Face Wash 100ml,22,250.0,24.5,81.7,Priya R,2023,March,1,5500.0,1347.5,4152.5,1797.4,2355.1,56.715231788079464
BT-04526,2023-03-20,East,Pharmacy,Vitamin C Face Serum 30ml,37,660.0,12.4,219.32,Pooja N,2023,March,1,24420.0,3028.08,21391.92,8114.84,13277.079999999998,62.065864120658645
BT-00180,2023-03-21,East,Pharmacy,Hair Serum 100ml,48,430.0,6.5,155.96,Pooja N,2023,March,1,20640.0,1341.6000000000001,19298.4,7486.08,11812.320000000002,61.208804875015545
BT-01257,2023-03-21,East,General Trade,Under Eye Cream 15ml,46,580.0,9.4,203.75,Sneha B,2023,March,1,26680.0,2507.92,24172.08,9372.5,14799.580000000002,61.22592677171348
BT-01351,2023-03-21,East,Pharmacy,Hair Oil 200ml,43,320.0,11.4,108.38,Meena G,2023,March,1,13760.0,1568.64,12191.36,4660.34,7531.02,61.77341986455982
BT-03162,2023-03-21,West,Online,Perfume 100ml EDP,29,1640.0,23.4,783.59,Rahul D,2023,March,1,47560.0,11129.039999999999,36430.96,22724.11,13706.849999999999,37.62418009297586
BT-03550,2023-03-21,South,Salon Wholesale,Night Repair Cream 50ml,4,990.0,15.7,331.45,Kiran T,2023,March,1,3960.0,621.72,3338.2799999999997,1325.8,2012.4799999999998,60.28493715326455
BT-03699,2023-03-21,East,General Trade,Perfume 100ml EDP,40,2340.0,8.5,1145.43,Sneha B,2023,March,1,93600.0,7956.000000000001,85644.0,45817.200000000004,39826.799999999996,46.502732240437155
BT-00387,2023-03-22,North,General Trade,Face Wash 100ml,7,180.0,5.7,52.63,Deepa S,2023,March,1,1260.0,71.82000000000001,1188.18,368.41,819.77,68.99375515494285
BT-01678,2023-03-22,South,Modern Trade,Nail Polish Set (12pc),2,520.0,15.7,249.08,Kiran T,2023,March,1,1040.0,163.28,876.72,498.16,378.56,43.1791221826809
BT-01841,2023-03-22,East,Salon Wholesale,BB Cream 30ml,17,630.0,7.5,224.72,Meena G,2023,March,1,10710.0,803.25,9906.75,3820.24,6086.51,61.438009438009445
BT-02380,2023-03-22,North,Pharmacy,Nail Polish Set (12pc),36,460.0,12.6,219.42,Anjali M,2023,March,1,16560.0,2086.56,14473.44,7899.12,6574.320000000001,45.423340961098404
BT-02483,2023-03-22,East,Pharmacy,Lip Gloss,41,280.0,16.8,89.68,Meena G,2023,March,1,11480.0,1928.64,9551.36,3676.88,5874.4800000000005,61.50412087912088
BT-02509,2023-03-22,South,Modern Trade,Night Repair Cream 50ml,44,840.0,19.1,336.59,Priya R,2023,March,1,36960.0,7059.36,29900.64,14809.96,15090.68,50.469421390311375
BT-03289,2023-03-22,West,Salon Wholesale,Matte Lipstick,6,520.0,36.8,172.22,Rahul D,2023,March,1,3120.0,1148.16,1971.84,1033.32,938.52,47.59615384615385
BT-03852,2023-03-22,Central,General Trade,Lip Gloss,23,240.0,13.4,67.3,Suresh K,2023,March,1,5520.0,739.6800000000001,4780.32,1547.8999999999999,3232.42,67.61932255581216
BT-04404,2023-03-22,Central,General Trade,Matte Lipstick,49,300.0,12.4,111.9,Suresh K,2023,March,1,14700.0,1822.8,12877.2,5483.1,7394.1,57.42009132420092
BT-04444,2023-03-22,North,Salon Wholesale,Perfume 100ml EDP,7,2560.0,6.9,1134.85,Rohit K,2023,March,1,17920.0,1236.48,16683.52,7943.949999999999,8739.570000000002,52.38444884532761
BT-04969,2023-03-22,West,General Trade,Hair Oil 200ml,23,320.0,31.8,103.23,Priya S,2023,March,1,7360.0,2340.48,5019.52,2374.29,2645.2300000000005,52.69886363636365
BT-00031,2023-03-23,West,Online,Lip Gloss,12,340.0,24.5,111.28,Nidhi C,2023,March,1,4080.0,999.6,3080.4,1335.3600000000001,1745.04,56.64978574211141
BT-00151,2023-03-23,South,Salon Wholesale,Compact Powder,10,260.0,22.4,96.38,Anand V,2023,March,1,2600.0,582.4,2017.6,963.8,1053.8,52.23037272006344
BT-00735,2023-03-23,Central,Salon Wholesale,Mascara,53,570.0,13.8,242.76,Suresh K,2023,March,1,30210.0,4168.9800000000005,26041.02,12866.279999999999,13174.740000000002,50.59225790694835
BT-01161,2023-03-23,North,Online,Hair Serum 100ml,44,420.0,8.4,172.45,Anjali M,2023,March,1,18480.0,1552.3200000000002,16927.68,7587.799999999999,9339.880000000001,55.17519234768143
BT-01286,2023-03-23,West,General Trade,Kajal Eye Pencil,26,120.0,34.4,39.97,Priya S,2023,March,1,3120.0,1073.28,2046.72,1039.22,1007.5,49.22510162601626
BT-01306,2023-03-23,North,Online,Mascara,37,540.0,7.2,221.18,Rohit K,2023,March,1,19980.0,1438.5600000000002,18541.44,8183.66,10357.779999999999,55.86286717752235
BT-01959,2023-03-23,South,Modern Trade,Under Eye Cream 15ml,26,720.0,25.8,219.74,Kiran T,2023,March,1,18720.0,4829.76,13890.24,5713.24,8177.0,58.86867325546571
BT-02624,2023-03-23,Central,Online,Compact Powder,15,340.0,13.7,122.2,Suresh K,2023,March,1,5100.0,698.6999999999999,4401.3,1833.0,2568.3,58.35321382318861
BT-02644,2023-03-23,South,Modern Trade,Micellar Cleansing Water,41,470.0,23.6,133.39,Anand V,2023,March,1,19270.0,4547.72,14722.279999999999,5468.99,9253.289999999999,62.85228918346887
BT-04535,2023-03-23,West,Salon Wholesale,Eyeshadow Palette 9-shade,34,830.0,32.5,341.13,Rahul D,2023,March,1,28220.0,9171.5,19048.5,11598.42,7450.08,39.111111111111114
BT-04771,2023-03-23,Central,General Trade,Eyeshadow Palette 9-shade,37,580.0,11.2,280.95,Suresh K,2023,March,1,21460.0,2403.5199999999995,19056.48,10395.15,8661.33,45.450838769804285
BT-00044,2023-03-24,West,Modern Trade,Hydrating Moisturiser 50ml,47,470.0,33.3,156.93,Nidhi C,2023,March,1,22090.0,7355.969999999999,14734.03,7375.71,7358.320000000001,49.940986953331844
BT-00164,2023-03-24,North,Pharmacy,Kajal Eye Pencil,24,240.0,11.3,60.74,Anjali M,2023,March,1,5760.0,650.88,5109.12,1457.76,3651.3599999999997,71.46749342352499
BT-00658,2023-03-24,East,Online,Rose Water Toner 200ml,9,230.0,8.6,63.39,Sneha B,2023,March,1,2070.0,178.01999999999998,1891.98,570.51,1321.47,69.84587574921511
BT-00666,2023-03-24,East,Pharmacy,Mascara,22,550.0,5.9,247.17,Pooja N,2023,March,1,12100.0,713.9000000000001,11386.1,5437.74,5948.360000000001,52.242295430393206
BT-01534,2023-03-24,East,Pharmacy,Micellar Cleansing Water,22,330.0,4.9,95.34,Pooja N,2023,March,1,7260.0,355.74,6904.26,2097.48,4806.780000000001,69.62049517254565
BT-01765,2023-03-24,Central,Pharmacy,Night Repair Cream 50ml,16,900.0,5.7,335.25,Vikram N,2023,March,1,14400.0,820.8000000000001,13579.2,5364.0,8215.2,60.49840933191941
BT-02074,2023-03-24,Central,Online,Compact Powder,26,460.0,4.4,141.73,Sunita P,2023,March,1,11960.0,526.24,11433.76,3684.9799999999996,7748.780000000001,67.77105694014918
BT-02365,2023-03-24,Central,Salon Wholesale,Eyeshadow Palette 9-shade,24,720.0,12.7,350.21,Suresh K,2023,March,1,17280.0,2194.56,15085.44,8405.039999999999,6680.4000000000015,44.283759704721916
BT-02409,2023-03-24,East,Salon Wholesale,Nail Polish Set (12pc),13,640.0,11.1,295.04,Meena G,2023,March,1,8320.0,923.52,7396.48,3835.5200000000004,3560.959999999999,48.14398200224971
BT-03325,2023-03-24,Central,Pharmacy,Vitamin C Face Serum 30ml,15,650.0,13.9,220.22,Suresh K,2023,March,1,9750.0,1355.2500000000002,8394.75,3303.3,5091.45,60.65040650406503
BT-03846,2023-03-24,East,Modern Trade,Night Repair Cream 50ml,40,1050.0,8.2,378.31,Meena G,2023,March,1,42000.0,3443.9999999999995,38556.0,15132.4,23423.6,60.752152712937026
BT-04939,2023-03-24,Central,Pharmacy,Micellar Cleansing Water,16,320.0,9.3,90.85,Vikram N,2023,March,1,5120.0,476.1600000000001,4643.84,1453.6,3190.2400000000002,68.69831863285557
BT-00281,2023-03-25,Central,General Trade,Lip Gloss,57,330.0,7.6,100.98,Vikram N,2023,March,1,18810.0,1429.56,17380.44,5755.860000000001,11624.579999999998,66.88311688311688
BT-00331,2023-03-25,Central,Pharmacy,Perfume 100ml EDP,51,2220.0,9.4,954.6,Vikram N,2023,March,1,113220.0,10642.68,102577.32,48684.6,53892.72000000001,52.53863134657837
BT-00345,2023-03-25,Central,Modern Trade,Matte Lipstick,10,390.0,12.8,120.51,Vikram N,2023,March,1,3900.0,499.2,3400.8,1205.1000000000001,2195.7,64.56422018348623
BT-01017,2023-03-25,South,Online,Mascara,46,550.0,26.0,239.97,Priya R,2023,March,1,25300.0,6578.0,18722.0,11038.62,7683.379999999999,41.03931203931204
BT-01270,2023-03-25,Central,General Trade,Rose Water Toner 200ml,45,320.0,6.8,71.14,Vikram N,2023,March,1,14400.0,979.2,13420.8,3201.3,10219.5,76.14672746781116
BT-01483,2023-03-25,Central,General Trade,Kajal Eye Pencil,45,230.0,9.0,74.36,Sunita P,2023,March,1,10350.0,931.5,9418.5,3346.2,6072.3,64.472049689441
BT-01647,2023-03-25,South,Pharmacy,Nail Polish Set (12pc),7,610.0,19.1,233.14,Kiran T,2023,March,1,4270.0,815.57,3454.43,1631.98,1822.4499999999998,52.75689476990415
BT-01941,2023-03-25,Central,Modern Trade,SPF 50 Sunscreen 100g,17,490.0,6.7,213.88,Suresh K,2023,March,1,8330.0,558.11,7771.89,3635.96,4135.93,53.21652776866374
BT-02267,2023-03-25,Central,General Trade,Vitamin C Face Serum 30ml,48,780.0,6.1,230.57,Suresh K,2023,March,1,37440.0,2283.84,35156.16,11067.36,24088.800000000003,68.51942874307092
BT-02749,2023-03-25,Central,Salon Wholesale,Perfume 100ml EDP,4,1210.0,10.0,554.18,Suresh K,2023,March,1,4840.0,484.0,4356.0,2216.72,2139.28,49.111111111111114
BT-02765,2023-03-25,West,Salon Wholesale,Vitamin C Face Serum 30ml,23,500.0,36.0,162.65,Nidhi C,2023,March,1,11500.0,4140.0,7360.0,3740.9500000000003,3619.0499999999997,49.171875
BT-03193,2023-03-25,Central,General Trade,Hair Serum 100ml,50,640.0,8.8,227.46,Vikram N,2023,March,1,32000.0,2816.0000000000005,29184.0,11373.0,17811.0,61.03001644736842
BT-03569,2023-03-25,East,General Trade,Night Repair Cream 50ml,60,1030.0,9.0,431.26,Sneha B,2023,March,1,61800.0,5562.0,56238.0,25875.6,30362.4,53.98911767843807
BT-04805,2023-03-25,East,Modern Trade,Micellar Cleansing Water,53,480.0,11.2,155.62,Sneha B,2023,March,1,25440.0,2849.2799999999997,22590.72,8247.86,14342.86,63.490052552552555
BT-00194,2023-03-26,South,Modern Trade,Lip Gloss,10,330.0,15.9,113.49,Kiran T,2023,March,1,3300.0,524.7,2775.3,1134.8999999999999,1640.4000000000003,59.10712355421036
BT-00269,2023-03-26,South,Salon Wholesale,Micellar Cleansing Water,54,280.0,23.3,93.94,Kiran T,2023,March,1,15120.0,3522.96,11597.04,5072.76,6524.280000000001,56.25814863102999
BT-00348,2023-03-26,North,Modern Trade,Night Repair Cream 50ml,26,830.0,9.0,312.33,Anjali M,2023,March,1,21580.0,1942.1999999999998,19637.8,8120.58,11517.22,58.648219250628884
BT-00638,2023-03-26,North,General Trade,Matte Lipstick,49,470.0,9.8,151.9,Anjali M,2023,March,1,23030.0,2256.94,20773.06,7443.1,13329.960000000001,64.16945794216163
BT-01004,2023-03-26,North,Modern Trade,Hair Serum 100ml,38,500.0,13.2,186.55,Anjali M,2023,March,1,19000.0,2508.0,16492.0,7088.900000000001,9403.099999999999,57.01612903225806
BT-01775,2023-03-26,Central,Online,Hair Oil 200ml,32,370.0,7.3,122.88,Suresh K,2023,March,1,11840.0,864.3199999999999,10975.68,3932.16,7043.52,64.17388262048456
BT-01953,2023-03-26,South,Pharmacy,Blush Palette,37,740.0,27.4,291.93,Kiran T,2023,March,1,27380.0,7502.119999999999,19877.88,10801.41,9076.470000000001,45.66115702479339
BT-02162,2023-03-26,North,Modern Trade,Night Repair Cream 50ml,13,750.0,12.0,292.88,Anjali M,2023,March,1,9750.0,1170.0,8580.0,3807.44,4772.5599999999995,55.62424242424242
BT-03148,2023-03-26,North,Salon Wholesale,Perfume 100ml EDP,22,2700.0,8.9,1264.14,Anjali M,2023,March,1,59400.0,5286.6,54113.4,27811.08,26302.32,48.60592755214051
BT-03391,2023-03-26,Central,Salon Wholesale,Vitamin C Face Serum 30ml,15,630.0,8.6,188.43,Sunita P,2023,March,1,9450.0,812.6999999999999,8637.3,2826.4500000000003,5810.8499999999985,67.27623215588203
BT-03798,2023-03-26,Central,Pharmacy,Night Repair Cream 50ml,4,770.0,7.4,275.27,Suresh K,2023,March,1,3080.0,227.92000000000004,2852.08,1101.08,1751.0,61.39378979551766
BT-03944,2023-03-26,North,Pharmacy,Vitamin C Face Serum 30ml,58,580.0,6.2,169.19,Deepa S,2023,March,1,33640.0,2085.68,31554.32,9813.02,21741.3,68.90118373648995
BT-04653,2023-03-26,West,Modern Trade,Eyeshadow Palette 9-shade,20,610.0,33.9,278.34,Rahul D,2023,March,1,12200.0,4135.799999999999,8064.200000000001,5566.799999999999,2497.4000000000015,30.96897398378018
BT-00202,2023-03-27,South,Pharmacy,Nail Polish Set (12pc),41,650.0,22.9,297.76,Kiran T,2023,March,1,26650.0,6102.849999999999,20547.15,12208.16,8338.990000000002,40.584655292826504
BT-01085,2023-03-27,Central,Salon Wholesale,BB Cream 30ml,55,550.0,10.9,186.56,Sunita P,2023,March,1,30250.0,3297.25,26952.75,10260.8,16691.95,61.93041526374859
BT-01198,2023-03-27,North,Pharmacy,Compact Powder,41,450.0,4.3,143.68,Deepa S,2023,March,1,18450.0,793.3499999999999,17656.65,5890.88,11765.77,66.636479739928
BT-01340,2023-03-27,North,Salon Wholesale,Perfume 100ml EDP,52,2410.0,12.0,979.66,Rohit K,2023,March,1,125320.0,15038.4,110281.6,50942.32,59339.280000000006,53.80705394190871
BT-01806,2023-03-27,North,Modern Trade,Micellar Cleansing Water,25,440.0,9.3,130.42,Rohit K,2023,March,1,11000.0,1023.0000000000001,9977.0,3260.4999999999995,6716.5,67.31983562193044
BT-01936,2023-03-27,Central,Modern Trade,Lip Gloss,10,250.0,13.0,77.67,Vikram N,2023,March,1,2500.0,325.0,2175.0,776.7,1398.3,64.2896551724138
BT-02786,2023-03-27,South,Modern Trade,Mascara,49,570.0,30.1,238.15,Priya R,2023,March,1,27930.0,8406.93,19523.07,11669.35,7853.719999999999,40.227894485856986
BT-02948,2023-03-27,North,General Trade,Mascara,60,580.0,5.7,226.37,Deepa S,2023,March,1,34800.0,1983.6000000000001,32816.4,13582.2,19234.2,58.61154788459429
BT-02958,2023-03-27,West,Online,Vitamin C Face Serum 30ml,45,510.0,28.4,181.61,Rahul D,2023,March,1,22950.0,6517.799999999999,16432.2,8172.450000000001,8259.75,50.2656369810494
BT-03041,2023-03-27,North,Pharmacy,Hair Serum 100ml,38,400.0,14.0,148.56,Rohit K,2023,March,1,15200.0,2128.0,13072.0,5645.28,7426.72,56.81395348837209
BT-03714,2023-03-27,North,General Trade,Matte Lipstick,16,350.0,13.9,133.0,Rohit K,2023,March,1,5600.0,778.4000000000001,4821.6,2128.0,2693.6000000000004,55.86527293844368
BT-03756,2023-03-27,South,Online,SPF 50 Sunscreen 100g,10,500.0,21.3,179.3,Priya R,2023,March,1,5000.0,1065.0,3935.0,1793.0,2142.0,54.43456162642948
BT-03890,2023-03-27,East,Modern Trade,BB Cream 30ml,43,620.0,6.4,199.33,Meena G,2023,March,1,26660.0,1706.24,24953.76,8571.19,16382.569999999998,65.6517094017094
BT-03918,2023-03-27,Central,Pharmacy,Micellar Cleansing Water,23,440.0,7.3,150.26,Sunita P,2023,March,1,10120.0,738.76,9381.24,3455.9799999999996,5925.26,63.16073354908307
BT-03983,2023-03-27,North,General Trade,Eyeshadow Palette 9-shade,35,940.0,6.9,403.45,Deepa S,2023,March,1,32900.0,2270.1000000000004,30629.9,14120.75,16509.15,53.89880476266655
BT-04233,2023-03-27,North,Modern Trade,Night Repair Cream 50ml,39,920.0,13.0,342.79,Anjali M,2023,March,1,35880.0,4664.400000000001,31215.6,13368.810000000001,17846.789999999997,57.17266366816591
BT-04810,2023-03-27,South,Modern Trade,Lip Gloss,55,310.0,18.8,87.73,Anand V,2023,March,1,17050.0,3205.4,13844.6,4825.150000000001,9019.45,65.14778325123153
BT-00419,2023-03-28,East,Pharmacy,Blush Palette,54,600.0,12.4,237.12,Sneha B,2023,March,1,32400.0,4017.6,28382.4,12804.48,15577.920000000002,54.885844748858446
BT-03198,2023-03-28,South,Online,Micellar Cleansing Water,9,460.0,16.9,159.16,Kiran T,2023,March,1,4140.0,699.66,3440.34,1432.44,2007.9,58.36341756919374
BT-03677,2023-03-28,North,Salon Wholesale,Eyeshadow Palette 9-shade,52,750.0,6.3,304.12,Anjali M,2023,March,1,39000.0,2457.0,36543.0,15814.24,20728.760000000002,56.724297403059424
BT-03774,2023-03-28,Central,Modern Trade,SPF 50 Sunscreen 100g,52,570.0,10.8,217.97,Vikram N,2023,March,1,29640.0,3201.1200000000003,26438.88,11334.44,15104.44,57.1296514829675
BT-04107,2023-03-28,North,Pharmacy,Mascara,47,570.0,7.6,200.7,Rohit K,2023,March,1,26790.0,2036.04,24753.96,9432.9,15321.06,61.89336978810663
BT-04127,2023-03-28,South,Online,Hair Oil 200ml,48,350.0,18.0,139.09,Kiran T,2023,March,1,16800.0,3024.0,13776.0,6676.32,7099.68,51.53658536585366
BT-04159,2023-03-28,Central,Pharmacy,Lip Gloss,39,280.0,4.9,98.62,Sunita P,2023,March,1,10920.0,535.08,10384.92,3846.1800000000003,6538.74,62.96379750638425
BT-04348,2023-03-28,Central,Pharmacy,Hair Oil 200ml,52,270.0,9.3,95.53,Vikram N,2023,March,1,14040.0,1305.7200000000003,12734.279999999999,4967.56,7766.719999999998,60.9906488627547
BT-00745,2023-03-29,Central,Pharmacy,SPF 50 Sunscreen 100g,44,450.0,8.5,182.3,Suresh K,2023,March,1,19800.0,1683.0000000000002,18117.0,8021.200000000001,10095.8,55.72556162720097
BT-00803,2023-03-29,South,Modern Trade,Hair Oil 200ml,7,250.0,19.4,80.3,Anand V,2023,March,1,1750.0,339.49999999999994,1410.5,562.1,848.4,60.148883374689824
BT-00996,2023-03-29,Central,Online,Hair Serum 100ml,30,480.0,6.6,199.68,Vikram N,2023,March,1,14400.0,950.4000000000001,13449.6,5990.400000000001,7459.2,55.46038543897216
BT-01437,2023-03-29,East,Pharmacy,Blush Palette,49,700.0,15.3,300.65,Meena G,2023,March,1,34300.0,5247.9,29052.1,14731.849999999999,14320.25,49.29161747343566
BT-01853,2023-03-29,Central,Pharmacy,Nail Polish Set (12pc),53,640.0,4.3,256.38,Sunita P,2023,March,1,33920.0,1458.56,32461.44,13588.14,18873.3,58.14067398119123
BT-01875,2023-03-29,Central,General Trade,Matte Lipstick,54,450.0,6.1,175.23,Suresh K,2023,March,1,24300.0,1482.3,22817.7,9462.42,13355.28,58.53035143769968
BT-02060,2023-03-29,East,Pharmacy,Mascara,37,500.0,4.0,224.75,Pooja N,2023,March,1,18500.0,740.0,17760.0,8315.75,9444.25,53.17708333333333
BT-02076,2023-03-29,South,Online,Mascara,47,460.0,18.8,179.63,Priya R,2023,March,1,21620.0,4064.56,17555.44,8442.61,9112.829999999998,51.908866995073886
BT-02686,2023-03-29,East,Pharmacy,Hydrating Moisturiser 50ml,42,600.0,13.0,220.74,Pooja N,2023,March,1,25200.0,3276.0,21924.0,9271.08,12652.92,57.71264367816092
BT-02852,2023-03-29,Central,Salon Wholesale,Under Eye Cream 15ml,42,710.0,7.6,256.52,Suresh K,2023,March,1,29820.0,2266.32,27553.68,10773.84,16779.84,60.898725687458075
BT-03150,2023-03-29,East,General Trade,Hair Oil 200ml,58,320.0,9.6,97.95,Meena G,2023,March,1,18560.0,1781.76,16778.24,5681.1,11097.140000000001,66.14007190265487
BT-03548,2023-03-29,North,General Trade,Blush Palette,23,770.0,6.7,321.09,Rohit K,2023,March,1,17710.0,1186.5700000000002,16523.43,7385.07,9138.36,55.30546623794213
BT-03811,2023-03-29,Central,General Trade,Eyeshadow Palette 9-shade,47,760.0,10.9,304.91,Suresh K,2023,March,1,35720.0,3893.48,31826.52,14330.77,17495.75,54.97223698978085
BT-04095,2023-03-29,East,Pharmacy,Rose Water Toner 200ml,43,340.0,6.7,100.3,Pooja N,2023,March,1,14620.0,979.5400000000001,13640.46,4312.9,9327.56,68.38156484458734
BT-04385,2023-03-29,North,Online,Kajal Eye Pencil,54,200.0,11.8,50.44,Anjali M,2023,March,1,10800.0,1274.4,9525.6,2723.7599999999998,6801.84,71.40589569160997
BT-04678,2023-03-29,North,Online,Kajal Eye Pencil,17,170.0,8.6,49.27,Rohit K,2023,March,1,2890.0,248.54,2641.46,837.59,1803.87,68.29064229630582
BT-04833,2023-03-29,West,General Trade,Eyeshadow Palette 9-shade,29,620.0,25.4,276.71,Rahul D,2023,March,1,17980.0,4566.92,13413.08,8024.589999999999,5388.490000000001,40.17339790711753
BT-04872,2023-03-29,East,Pharmacy,Eyeshadow Palette 9-shade,9,620.0,15.9,290.47,Meena G,2023,March,1,5580.0,887.22,4692.78,2614.2300000000005,2078.5499999999993,44.292508917954805
BT-00309,2023-03-30,West,Online,Vitamin C Face Serum 30ml,12,590.0,31.0,211.04,Priya S,2023,March,1,7080.0,2194.8,4885.2,2532.48,2352.72,48.16015720953082
BT-00613,2023-03-30,Central,Modern Trade,Face Wash 100ml,26,290.0,8.4,80.33,Vikram N,2023,March,1,7540.0,633.36,6906.64,2088.58,4818.06,69.75982532751091
BT-00617,2023-03-30,South,General Trade,Eyeshadow Palette 9-shade,48,880.0,19.4,368.54,Kiran T,2023,March,1,42240.0,8194.56,34045.44,17689.920000000002,16355.52,48.04026618542747
BT-01097,2023-03-30,South,Salon Wholesale,Rose Water Toner 200ml,26,330.0,20.0,91.38,Anand V,2023,March,1,8580.0,1716.0,6864.0,2375.88,4488.12,65.38636363636363
BT-01312,2023-03-30,South,Salon Wholesale,Perfume 100ml EDP,28,2140.0,17.4,1022.49,Kiran T,2023,March,1,59920.0,10426.08,49493.92,28629.72,20864.199999999997,42.15507682559797
BT-01498,2023-03-30,East,Salon Wholesale,Nail Polish Set (12pc),34,410.0,11.8,170.11,Meena G,2023,March,1,13940.0,1644.92,12295.08,5783.740000000001,6511.339999999999,52.9589071400918
BT-01559,2023-03-30,South,Modern Trade,SPF 50 Sunscreen 100g,18,400.0,23.8,155.32,Priya R,2023,March,1,7200.0,1713.6000000000001,5486.4,2795.7599999999998,2690.64,49.04199475065617
BT-01919,2023-03-30,Central,Salon Wholesale,Micellar Cleansing Water,33,420.0,9.5,129.32,Sunita P,2023,March,1,13860.0,1316.7,12543.3,4267.5599999999995,8275.74,65.97737437516443
BT-02157,2023-03-30,Central,General Trade,Compact Powder,2,310.0,9.7,100.47,Suresh K,2023,March,1,620.0,60.13999999999999,559.86,200.94,358.92,64.10888436394812
BT-02457,2023-03-30,North,Pharmacy,Under Eye Cream 15ml,22,880.0,5.2,247.81,Deepa S,2023,March,1,19360.0,1006.7200000000001,18353.28,5451.82,12901.46,70.29511891062525
BT-02981,2023-03-30,West,Online,Face Wash 100ml,59,230.0,28.1,62.56,Rahul D,2023,March,1,13570.0,3813.1700000000005,9756.83,3691.04,6065.79,62.16968011126565
BT-03245,2023-03-30,North,General Trade,Micellar Cleansing Water,51,390.0,7.2,118.68,Rohit K,2023,March,1,19890.0,1432.0800000000002,18457.92,6052.68,12405.239999999998,67.20822281167108
BT-03615,2023-03-30,South,Modern Trade,Rose Water Toner 200ml,13,380.0,26.1,109.02,Kiran T,2023,March,1,4940.0,1289.3400000000001,3650.66,1417.26,2233.3999999999996,61.17797877644041
BT-03661,2023-03-30,West,Modern Trade,Under Eye Cream 15ml,13,850.0,32.5,289.09,Rahul D,2023,March,1,11050.0,3591.25,7458.75,3758.1699999999996,3700.5800000000004,49.61394335511983
BT-04267,2023-03-30,East,Pharmacy,Night Repair Cream 50ml,10,1080.0,14.4,409.86,Sneha B,2023,March,1,10800.0,1555.2000000000003,9244.8,4098.6,5146.199999999999,55.66588785046728
BT-00296,2023-03-31,East,Pharmacy,Matte Lipstick,9,440.0,9.2,147.09,Meena G,2023,March,1,3960.0,364.32,3595.68,1323.81,2271.87,63.18331998398078
BT-00380,2023-03-31,West,General Trade,Matte Lipstick,19,500.0,31.8,187.9,Rahul D,2023,March,1,9500.0,3021.0,6479.0,3570.1,2908.9,44.89736070381232
BT-00580,2023-03-31,North,General Trade,Hair Serum 100ml,57,420.0,5.7,154.43,Anjali M,2023,March,1,23940.0,1364.5800000000002,22575.42,8802.51,13772.909999999998,61.00843306569711
BT-00605,2023-03-31,East,Modern Trade,Blush Palette,42,780.0,10.1,311.84,Sneha B,2023,March,1,32760.0,3308.7599999999998,29451.24,13097.279999999999,16353.960000000003,55.52893528421894
BT-00664,2023-03-31,Central,Salon Wholesale,Blush Palette,46,610.0,10.5,232.1,Vikram N,2023,March,1,28060.0,2946.2999999999997,25113.7,10676.6,14437.1,57.48694935433648
BT-00909,2023-03-31,North,Pharmacy,Perfume 100ml EDP,42,2000.0,13.6,907.6,Rohit K,2023,March,1,84000.0,11424.0,72576.0,38119.200000000004,34456.799999999996,47.47685185185185
BT-00950,2023-03-31,South,Salon Wholesale,Blush Palette,16,570.0,28.3,272.75,Priya R,2023,March,1,9120.0,2580.9600000000005,6539.039999999999,4364.0,2175.039999999999,33.26237490518485
BT-01031,2023-03-31,Central,Online,Vitamin C Face Serum 30ml,18,650.0,6.7,229.71,Vikram N,2023,March,1,11700.0,783.9000000000001,10916.1,4134.78,6781.320000000001,62.122186495176855
BT-01299,2023-03-31,North,General Trade,Hydrating Moisturiser 50ml,11,440.0,11.5,175.78,Rohit K,2023,March,1,4840.0,556.6,4283.4,1933.58,2349.8199999999997,54.85875706214689
BT-01795,2023-03-31,East,Modern Trade,Face Wash 100ml,25,230.0,11.9,70.1,Sneha B,2023,March,1,5750.0,684.25,5065.75,1752.4999999999998,3313.25,65.40492523318363
BT-02128,2023-03-31,North,General Trade,Nail Polish Set (12pc),12,420.0,7.5,178.42,Anjali M,2023,March,1,5040.0,378.0,4662.0,2141.04,2520.96,54.07464607464607
BT-02326,2023-03-31,East,Modern Trade,Hair Serum 100ml,12,590.0,9.8,221.6,Meena G,2023,March,1,7080.0,693.84,6386.16,2659.2,3726.96,58.35995339922583
BT-02338,2023-03-31,West,Salon Wholesale,SPF 50 Sunscreen 100g,26,550.0,24.7,232.04,Nidhi C,2023,March,1,14300.0,3532.1,10767.9,6033.04,4734.86,43.971990824580466
BT-03266,2023-03-31,South,Salon Wholesale,BB Cream 30ml,15,490.0,22.6,169.39,Kiran T,2023,March,1,7350.0,1661.1000000000001,5688.9,2540.85,3148.0499999999997,55.336708326741544
BT-04481,2023-03-31,North,Online,Perfume 100ml EDP,47,2760.0,12.5,1192.32,Rohit K,2023,March,1,129720.0,16215.0,113505.0,56039.03999999999,57465.96000000001,50.62857142857143
BT-04952,2023-03-31,Central,Online,Hydrating Moisturiser 50ml,2,360.0,5.3,130.93,Sunita P,2023,March,1,720.0,38.16,681.84,261.86,419.98,61.59509562360671
BT-00558,2023-04-01,South,Pharmacy,Compact Powder,10,340.0,24.6,114.58,Kiran T,2023,April,2,3400.0,836.4000000000001,2563.6,1145.8,1417.8,55.30503978779841
BT-00749,2023-04-01,Central,Online,SPF 50 Sunscreen 100g,59,540.0,8.2,189.86,Sunita P,2023,April,2,31860.0,2612.5199999999995,29247.48,11201.740000000002,18045.739999999998,61.70015331235375
BT-01205,2023-04-01,West,Pharmacy,Kajal Eye Pencil,29,120.0,29.0,33.02,Priya S,2023,April,2,3480.0,1009.1999999999999,2470.8,957.58,1513.2200000000003,61.244131455399064
BT-01243,2023-04-01,West,Modern Trade,Face Wash 100ml,17,290.0,28.9,86.36,Rahul D,2023,April,2,4930.0,1424.77,3505.23,1468.12,2037.1100000000001,58.116300499539264
BT-01593,2023-04-01,East,General Trade,Hair Serum 100ml,8,610.0,8.9,251.5,Sneha B,2023,April,2,4880.0,434.32000000000005,4445.68,2012.0,2433.6800000000003,54.742581562325675
BT-02061,2023-04-01,East,General Trade,Nail Polish Set (12pc),51,490.0,11.9,195.31,Meena G,2023,April,2,24990.0,2973.8100000000004,22016.19,9960.81,12055.38,54.75688572818458
BT-02470,2023-04-01,East,Pharmacy,Matte Lipstick,25,300.0,6.7,102.81,Meena G,2023,April,2,7500.0,502.50000000000006,6997.5,2570.25,4427.25,63.26902465166131
BT-03147,2023-04-01,West,General Trade,Face Wash 100ml,47,290.0,37.0,90.36,Rahul D,2023,April,2,13630.0,5043.1,8586.9,4246.92,4339.98,50.541871921182256
BT-03192,2023-04-01,South,General Trade,Mascara,9,550.0,16.5,237.38,Anand V,2023,April,2,4950.0,816.75,4133.25,2136.42,1996.83,48.31137724550898
BT-03243,2023-04-01,Central,Modern Trade,SPF 50 Sunscreen 100g,52,490.0,13.4,200.07,Suresh K,2023,April,2,25480.0,3414.32,22065.68,10403.64,11662.04,52.851487015129386
BT-03351,2023-04-01,South,Online,Mascara,53,540.0,29.9,238.41,Priya R,2023,April,2,28620.0,8557.38,20062.620000000003,12635.73,7426.890000000003,37.018544935806005
BT-03368,2023-04-01,South,Modern Trade,Blush Palette,6,790.0,19.7,307.07,Priya R,2023,April,2,4740.0,933.7799999999999,3806.2200000000003,1842.42,1963.8000000000002,51.59449532607153
BT-04641,2023-04-01,West,General Trade,BB Cream 30ml,57,680.0,34.5,282.88,Rahul D,2023,April,2,38760.0,13372.199999999999,25387.800000000003,16124.16,9263.640000000003,36.48854961832062
BT-00455,2023-04-02,South,General Trade,Under Eye Cream 15ml,9,840.0,15.9,241.0,Anand V,2023,April,2,7560.0,1202.04,6357.96,2169.0,4188.96,65.88528395900572
BT-01014,2023-04-02,South,General Trade,BB Cream 30ml,33,640.0,22.1,265.41,Kiran T,2023,April,2,21120.0,4667.52,16452.48,8758.53,7693.949999999999,46.76468228498074
BT-01709,2023-04-02,North,Pharmacy,Nail Polish Set (12pc),35,430.0,6.5,183.57,Deepa S,2023,April,2,15050.0,978.25,14071.75,6424.95,7646.8,54.34149981345604
BT-02320,2023-04-02,West,Online,Compact Powder,52,340.0,27.5,105.57,Nidhi C,2023,April,2,17680.0,4862.0,12818.0,5489.639999999999,7328.360000000001,57.17241379310345
BT-02799,2023-04-02,East,General Trade,Blush Palette,35,750.0,15.8,286.57,Sneha B,2023,April,2,26250.0,4147.5,22102.5,10029.949999999999,12072.550000000001,54.62074425969914
BT-03119,2023-04-02,Central,Salon Wholesale,Eyeshadow Palette 9-shade,53,960.0,10.4,423.26,Vikram N,2023,April,2,50880.0,5291.52,45588.479999999996,22432.78,23155.699999999997,50.79287574404761
BT-03605,2023-04-02,North,General Trade,Perfume 100ml EDP,56,1830.0,8.9,849.12,Anjali M,2023,April,2,102480.0,9120.720000000001,93359.28,47550.72,45808.56,49.066959385290886
BT-03981,2023-04-02,South,General Trade,Lip Gloss,30,210.0,16.0,60.16,Anand V,2023,April,2,6300.0,1008.0,5292.0,1804.8,3487.2,65.89569160997732
BT-00007,2023-04-03,West,Modern Trade,Compact Powder,46,430.0,23.5,141.9,Rahul D,2023,April,2,19780.0,4648.3,15131.7,6527.400000000001,8604.3,56.86274509803921
BT-00556,2023-04-03,South,General Trade,Micellar Cleansing Water,4,310.0,16.3,111.17,Kiran T,2023,April,2,1240.0,202.12,1037.88,444.68,593.2,57.15496974602073
BT-01439,2023-04-03,South,Online,Face Wash 100ml,51,250.0,14.8,79.65,Anand V,2023,April,2,12750.0,1887.0000000000002,10863.0,4062.15,6800.85,62.605633802816904
BT-01552,2023-04-03,East,Modern Trade,BB Cream 30ml,34,690.0,16.2,284.07,Meena G,2023,April,2,23460.0,3800.52,19659.48,9658.38,10001.1,50.87164055203902
BT-01847,2023-04-03,Central,Online,Kajal Eye Pencil,20,180.0,8.6,53.68,Vikram N,2023,April,2,3600.0,309.59999999999997,3290.4,1073.6,2216.8,67.37174811573061
BT-02306,2023-04-03,Central,General Trade,Matte Lipstick,12,300.0,10.4,116.46,Vikram N,2023,April,2,3600.0,374.40000000000003,3225.6,1397.52,1828.08,56.674107142857146
BT-03094,2023-04-03,Central,Salon Wholesale,Face Wash 100ml,48,240.0,8.8,76.27,Sunita P,2023,April,2,11520.0,1013.7600000000001,10506.24,3660.96,6845.28,65.15442251461988
BT-03526,2023-04-03,North,Online,Rose Water Toner 200ml,45,320.0,6.3,87.52,Anjali M,2023,April,2,14400.0,907.2,13492.8,3938.3999999999996,9554.4,70.8110992529349
BT-04284,2023-04-03,South,General Trade,Lip Gloss,9,210.0,13.5,61.93,Anand V,2023,April,2,1890.0,255.15,1634.85,557.37,1077.48,65.90696394164603
BT-04368,2023-04-03,South,General Trade,Vitamin C Face Serum 30ml,57,620.0,13.5,182.22,Anand V,2023,April,2,35340.0,4770.900000000001,30569.1,10386.539999999999,20182.559999999998,66.02274846168189
BT-04966,2023-04-03,South,Modern Trade,Rose Water Toner 200ml,57,330.0,24.8,90.92,Priya R,2023,April,2,18810.0,4664.88,14145.119999999999,5182.4400000000005,8962.679999999998,63.362346872985164
BT-01081,2023-04-04,East,Modern Trade,BB Cream 30ml,31,460.0,12.5,173.79,Sneha B,2023,April,2,14260.0,1782.5,12477.5,5387.49,7090.01,56.822360248447204
BT-01138,2023-04-04,East,Online,Face Wash 100ml,45,320.0,14.0,92.96,Meena G,2023,April,2,14400.0,2016.0000000000002,12384.0,4183.2,8200.8,66.22093023255813
BT-02000,2023-04-04,West,General Trade,Matte Lipstick,45,300.0,34.3,114.75,Priya S,2023,April,2,13500.0,4630.5,8869.5,5163.75,3705.75,41.78082191780822
BT-03133,2023-04-04,South,General Trade,Compact Powder,46,480.0,25.6,179.81,Priya R,2023,April,2,22080.0,5652.4800000000005,16427.52,8271.26,8156.26,49.64997759856631
BT-03672,2023-04-04,North,Pharmacy,Matte Lipstick,43,320.0,10.9,122.43,Deepa S,2023,April,2,13760.0,1499.84,12260.16,5264.490000000001,6995.669999999999,57.060185185185176
BT-03690,2023-04-04,South,Modern Trade,Nail Polish Set (12pc),44,480.0,21.3,187.58,Anand V,2023,April,2,21120.0,4498.5599999999995,16621.440000000002,8253.52,8367.920000000002,50.34413384159255
BT-03752,2023-04-04,West,General Trade,SPF 50 Sunscreen 100g,25,520.0,40.9,198.85,Priya S,2023,April,2,13000.0,5317.0,7683.0,4971.25,2711.75,35.29545750357933
BT-03868,2023-04-04,West,General Trade,SPF 50 Sunscreen 100g,8,480.0,39.9,198.67,Priya S,2023,April,2,3840.0,1532.1599999999999,2307.84,1589.36,718.4800000000002,31.13214087631726
BT-03975,2023-04-04,West,Online,Vitamin C Face Serum 30ml,10,730.0,28.7,219.22,Rahul D,2023,April,2,7300.0,2095.1,5204.9,2192.2,3012.7,57.88199581163903
BT-04251,2023-04-04,North,Modern Trade,BB Cream 30ml,19,700.0,11.7,264.67,Anjali M,2023,April,2,13300.0,1556.1,11743.9,5028.7300000000005,6715.169999999999,57.180067950169864
BT-04599,2023-04-04,North,Modern Trade,Blush Palette,8,770.0,5.9,319.63,Deepa S,2023,April,2,6160.0,363.44,5796.56,2557.04,3239.5200000000004,55.88693984018107
BT-04606,2023-04-04,South,Pharmacy,SPF 50 Sunscreen 100g,18,570.0,18.1,249.49,Kiran T,2023,April,2,10260.0,1857.0600000000002,8402.94,4490.82,3912.120000000001,46.55656234603603
BT-00289,2023-04-05,West,General Trade,Lip Gloss,36,230.0,24.6,74.98,Rahul D,2023,April,2,8280.0,2036.88,6243.12,2699.28,3543.8399999999997,56.76392572944297
BT-00450,2023-04-05,North,Modern Trade,Nail Polish Set (12pc),29,480.0,9.6,184.27,Rohit K,2023,April,2,13920.0,1336.32,12583.68,5343.83,7239.85,57.53364675516225
BT-00630,2023-04-05,North,Online,SPF 50 Sunscreen 100g,35,400.0,10.6,169.8,Rohit K,2023,April,2,14000.0,1484.0,12516.0,5943.0,6573.0,52.51677852348994
BT-00998,2023-04-05,West,Pharmacy,Kajal Eye Pencil,12,140.0,27.0,43.96,Rahul D,2023,April,2,1680.0,453.6,1226.4,527.52,698.8800000000001,56.98630136986302
BT-01292,2023-04-05,Central,Pharmacy,Hair Oil 200ml,41,320.0,10.7,115.78,Sunita P,2023,April,2,13120.0,1403.84,11716.16,4746.9800000000005,6969.179999999999,59.483482642777155
BT-01413,2023-04-05,Central,Online,Eyeshadow Palette 9-shade,46,670.0,4.7,287.03,Sunita P,2023,April,2,30820.0,1448.54,29371.46,13203.38,16168.08,55.04690607821334
BT-01441,2023-04-05,Central,Pharmacy,Night Repair Cream 50ml,35,1150.0,5.8,372.37,Sunita P,2023,April,2,40250.0,2334.5,37915.5,13032.95,24882.55,65.62632696390658
BT-01675,2023-04-05,East,Pharmacy,Night Repair Cream 50ml,57,1070.0,15.8,385.09,Sneha B,2023,April,2,60990.0,9636.42,51353.58,21950.129999999997,29403.450000000004,57.256865052056746
BT-02468,2023-04-05,South,Online,Hair Serum 100ml,8,540.0,30.7,213.62,Priya R,2023,April,2,4320.0,1326.24,2993.76,1708.96,1284.8000000000002,42.915931804820694
BT-02623,2023-04-05,South,Modern Trade,Perfume 100ml EDP,38,2380.0,21.2,1167.39,Kiran T,2023,April,2,90440.0,19173.28,71266.72,44360.82000000001,26905.899999999994,37.75380710659898
BT-02719,2023-04-05,South,Online,Hair Oil 200ml,22,260.0,22.2,88.37,Priya R,2023,April,2,5720.0,1269.84,4450.16,1944.14,2506.0199999999995,56.31303144156614
BT-03171,2023-04-05,South,Salon Wholesale,BB Cream 30ml,39,680.0,19.4,226.64,Kiran T,2023,April,2,26520.0,5144.879999999999,21375.120000000003,8838.96,12536.160000000003,58.64837250036492
BT-03566,2023-04-05,West,Online,Hair Serum 100ml,58,460.0,31.9,174.48,Priya S,2023,April,2,26680.0,8510.92,18169.08,10119.84,8049.240000000002,44.301857881631875
BT-03978,2023-04-05,North,Pharmacy,Nail Polish Set (12pc),3,610.0,6.8,270.11,Deepa S,2023,April,2,1830.0,124.44000000000001,1705.56,810.33,895.2299999999999,52.48891859565187
BT-04347,2023-04-05,Central,Modern Trade,Vitamin C Face Serum 30ml,52,530.0,6.5,185.23,Suresh K,2023,April,2,27560.0,1791.4,25768.6,9631.96,16136.64,62.62132983553628
BT-04378,2023-04-05,Central,Modern Trade,Lip Gloss,26,240.0,12.2,85.68,Vikram N,2023,April,2,6240.0,761.28,5478.72,2227.6800000000003,3251.04,59.33940774487472
BT-04918,2023-04-05,South,Salon Wholesale,Matte Lipstick,21,460.0,12.3,178.76,Anand V,2023,April,2,9660.0,1188.18,8471.82,3753.96,4717.86,55.688860244906046
BT-00479,2023-04-06,East,General Trade,Under Eye Cream 15ml,46,880.0,9.5,293.74,Sneha B,2023,April,2,40480.0,3845.6,36634.4,13512.04,23122.36,63.11652435961829
BT-00904,2023-04-06,West,Modern Trade,Lip Gloss,53,310.0,40.6,95.85,Priya S,2023,April,2,16430.0,6670.580000000001,9759.419999999998,5080.049999999999,4679.369999999999,47.94721407624633
BT-00916,2023-04-06,Central,Salon Wholesale,Perfume 100ml EDP,6,2740.0,5.7,1131.89,Vikram N,2023,April,2,16440.0,937.08,15502.92,6791.34,8711.58,56.19315586999094
BT-01024,2023-04-06,East,Modern Trade,Blush Palette,11,580.0,16.8,221.1,Meena G,2023,April,2,6380.0,1071.8400000000001,5308.16,2432.1,2876.06,54.18186339522546
BT-01380,2023-04-06,Central,Online,Night Repair Cream 50ml,47,1050.0,11.6,380.31,Vikram N,2023,April,2,49350.0,5724.599999999999,43625.4,17874.57,25750.83,59.02714932126697
BT-01609,2023-04-06,Central,Pharmacy,Lip Gloss,33,250.0,11.3,70.83,Sunita P,2023,April,2,8250.0,932.25,7317.75,2337.39,4980.360000000001,68.05862457722661
BT-01722,2023-04-06,South,Modern Trade,Hair Serum 100ml,47,560.0,21.5,188.94,Priya R,2023,April,2,26320.0,5658.8,20661.2,8880.18,11781.02,57.020018198362145
BT-01819,2023-04-06,Central,Salon Wholesale,Compact Powder,60,320.0,8.6,105.47,Sunita P,2023,April,2,19200.0,1651.1999999999998,17548.8,6328.2,11220.599999999999,63.9394146608315
BT-01951,2023-04-06,East,Modern Trade,Compact Powder,32,480.0,13.2,159.46,Pooja N,2023,April,2,15360.0,2027.52,13332.48,5102.72,8229.759999999998,61.7271505376344
BT-02444,2023-04-06,Central,Pharmacy,Blush Palette,15,530.0,10.9,234.95,Vikram N,2023,April,2,7950.0,866.55,7083.45,3524.25,3559.2,50.24670181902886
BT-02544,2023-04-06,Central,Modern Trade,Under Eye Cream 15ml,9,640.0,12.4,194.56,Suresh K,2023,April,2,5760.0,714.24,5045.76,1751.04,3294.7200000000003,65.29680365296804
BT-02594,2023-04-06,South,Pharmacy,Face Wash 100ml,4,300.0,15.4,84.12,Anand V,2023,April,2,1200.0,184.8,1015.2,336.48,678.72,66.85579196217493
BT-02798,2023-04-06,East,Pharmacy,Face Wash 100ml,41,200.0,8.1,50.06,Pooja N,2023,April,2,8200.0,664.2,7535.8,2052.46,5483.34,72.76387377584331
BT-02892,2023-04-06,East,Salon Wholesale,Perfume 100ml EDP,26,2010.0,8.8,928.22,Pooja N,2023,April,2,52260.0,4598.88,47661.12,24133.72,23527.4,49.363925984114516
BT-03035,2023-04-06,South,Pharmacy,Hydrating Moisturiser 50ml,49,350.0,22.6,113.58,Priya R,2023,April,2,17150.0,3875.9,13274.1,5565.42,7708.68,58.07308970099668
BT-03071,2023-04-06,Central,Salon Wholesale,Vitamin C Face Serum 30ml,37,560.0,6.6,189.45,Sunita P,2023,April,2,20720.0,1367.52,19352.48,7009.65,12342.83,63.77906087488528
BT-03256,2023-04-06,North,General Trade,SPF 50 Sunscreen 100g,2,560.0,9.7,200.03,Anjali M,2023,April,2,1120.0,108.63999999999999,1011.36,400.06,611.3,60.44336339186837
BT-03810,2023-04-06,West,Modern Trade,Blush Palette,37,500.0,38.4,196.55,Rahul D,2023,April,2,18500.0,7104.0,11396.0,7272.35,4123.65,36.18506493506493
BT-04838,2023-04-06,Central,Salon Wholesale,Perfume 100ml EDP,30,2550.0,11.2,1032.75,Suresh K,2023,April,2,76500.0,8568.0,67932.0,30982.5,36949.5,54.391891891891895
BT-00800,2023-04-07,Central,Salon Wholesale,Lip Gloss,26,330.0,13.7,112.93,Suresh K,2023,April,2,8580.0,1175.4599999999998,7404.54,2936.1800000000003,4468.36,60.34622002177043
BT-01067,2023-04-07,Central,Online,Matte Lipstick,59,450.0,8.0,179.87,Sunita P,2023,April,2,26550.0,2124.0,24426.0,10612.33,13813.67,56.55314009661836
BT-01110,2023-04-07,Central,General Trade,Under Eye Cream 15ml,59,920.0,9.5,334.42,Vikram N,2023,April,2,54280.0,5156.6,49123.4,19730.780000000002,29392.62,59.834254143646405
BT-01260,2023-04-07,West,General Trade,Nail Polish Set (12pc),43,520.0,32.5,227.66,Priya S,2023,April,2,22360.0,7267.0,15093.0,9789.38,5303.620000000001,35.13960113960115
BT-01362,2023-04-07,West,General Trade,Blush Palette,28,620.0,31.5,258.17,Rahul D,2023,April,2,17360.0,5468.4,11891.6,7228.76,4662.84,39.211207911466914
BT-01721,2023-04-07,Central,Salon Wholesale,Kajal Eye Pencil,50,170.0,11.8,55.32,Suresh K,2023,April,2,8500.0,1003.0000000000001,7497.0,2766.0,4731.0,63.10524209683873
BT-01846,2023-04-07,North,Modern Trade,Under Eye Cream 15ml,31,850.0,11.4,250.24,Deepa S,2023,April,2,26350.0,3003.9,23346.1,7757.4400000000005,15588.659999999998,66.77200902934537
BT-01877,2023-04-07,Central,Pharmacy,Perfume 100ml EDP,8,1750.0,8.3,718.55,Vikram N,2023,April,2,14000.0,1162.0,12838.0,5748.4,7089.6,55.22355507088332
BT-02588,2023-04-07,Central,Online,Hair Oil 200ml,11,370.0,4.6,130.17,Sunita P,2023,April,2,4070.0,187.22,3882.78,1431.87,2450.9100000000003,63.122556518782936
BT-03790,2023-04-07,South,Pharmacy,Eyeshadow Palette 9-shade,19,720.0,20.7,354.24,Kiran T,2023,April,2,13680.0,2831.7599999999998,10848.24,6730.56,4117.679999999999,37.95712484237074
BT-03938,2023-04-07,East,General Trade,Night Repair Cream 50ml,28,840.0,9.1,287.28,Sneha B,2023,April,2,23520.0,2140.32,21379.68,8043.839999999999,13335.84,62.37623762376238
BT-04919,2023-04-07,North,Modern Trade,Nail Polish Set (12pc),33,640.0,6.1,295.87,Deepa S,2023,April,2,21120.0,1288.32,19831.68,9763.710000000001,10067.97,50.76710596379126
BT-00765,2023-04-08,North,Pharmacy,Hydrating Moisturiser 50ml,12,480.0,8.3,165.12,Deepa S,2023,April,2,5760.0,478.08000000000004,5281.92,1981.44,3300.48,62.486368593238815
BT-00810,2023-04-08,East,Modern Trade,Compact Powder,7,420.0,12.3,158.72,Meena G,2023,April,2,2940.0,361.62000000000006,2578.38,1111.04,1467.3400000000001,56.909377205842425
BT-01391,2023-04-08,Central,Pharmacy,Vitamin C Face Serum 30ml,45,740.0,8.5,215.27,Sunita P,2023,April,2,33300.0,2830.5,30469.5,9687.15,20782.35,68.20705951853492
BT-01756,2023-04-08,South,Salon Wholesale,Hair Serum 100ml,40,490.0,29.1,195.36,Priya R,2023,April,2,19600.0,5703.6,13896.4,7814.400000000001,6081.999999999999,43.76673095190121
BT-02233,2023-04-08,West,General Trade,Perfume 100ml EDP,53,1890.0,25.2,856.74,Nidhi C,2023,April,2,100170.0,25242.84,74927.16,45407.22,29519.940000000002,39.398183515830574
BT-02955,2023-04-08,Central,Salon Wholesale,Compact Powder,18,420.0,9.1,152.5,Vikram N,2023,April,2,7560.0,687.96,6872.04,2745.0,4127.04,60.05552936246006
BT-03096,2023-04-08,South,Pharmacy,Micellar Cleansing Water,17,330.0,18.2,105.4,Kiran T,2023,April,2,5610.0,1021.02,4588.98,1791.8000000000002,2797.1799999999994,60.95428613766022
BT-03669,2023-04-08,Central,Pharmacy,Night Repair Cream 50ml,44,1100.0,11.6,444.29,Suresh K,2023,April,2,48400.0,5614.4,42785.6,19548.760000000002,23236.839999999997,54.309954751131215
BT-03895,2023-04-08,South,Pharmacy,Perfume 100ml EDP,20,1950.0,20.6,1010.49,Kiran T,2023,April,2,39000.0,8034.000000000001,30966.0,20209.8,10756.2,34.73551637279597
BT-04687,2023-04-08,South,Online,Eyeshadow Palette 9-shade,16,710.0,21.8,315.17,Anand V,2023,April,2,11360.0,2476.48,8883.52,5042.72,3840.8,43.23511400886135
BT-04871,2023-04-08,South,Online,Kajal Eye Pencil,37,130.0,21.8,44.94,Anand V,2023,April,2,4810.0,1048.58,3761.42,1662.78,2098.6400000000003,55.79382254574071
BT-00085,2023-04-09,West,Pharmacy,Face Wash 100ml,17,190.0,33.5,48.89,Priya S,2023,April,2,3230.0,1082.05,2147.95,831.13,1316.8199999999997,61.30589631974672
BT-00912,2023-04-09,South,Pharmacy,Eyeshadow Palette 9-shade,30,630.0,21.0,272.92,Priya R,2023,April,2,18900.0,3969.0,14931.0,8187.6,6743.4,45.16375326501908
BT-01405,2023-04-09,South,Online,Hair Oil 200ml,32,290.0,15.2,100.72,Kiran T,2023,April,2,9280.0,1410.56,7869.4400000000005,3223.04,4646.400000000001,59.043591411841255
BT-01510,2023-04-09,East,General Trade,Kajal Eye Pencil,39,170.0,7.5,57.44,Meena G,2023,April,2,6630.0,497.25,6132.75,2240.16,3892.59,63.472178060413356
BT-01755,2023-04-09,West,Online,Blush Palette,8,500.0,41.4,223.55,Priya S,2023,April,2,4000.0,1656.0,2344.0,1788.4,555.5999999999999,23.703071672354945
BT-02003,2023-04-09,North,Modern Trade,Under Eye Cream 15ml,32,780.0,5.3,285.64,Deepa S,2023,April,2,24960.0,1322.8799999999999,23637.12,9140.48,14496.64,61.329975902309585
BT-02244,2023-04-09,West,Modern Trade,Lip Gloss,45,220.0,37.4,64.81,Nidhi C,2023,April,2,9900.0,3702.6,6197.4,2916.4500000000003,3280.9499999999994,52.94074934650014
BT-02527,2023-04-09,West,General Trade,Perfume 100ml EDP,4,2280.0,31.8,946.43,Priya S,2023,April,2,9120.0,2900.16,6219.84,3785.72,2434.1200000000003,39.1347687400319
BT-02706,2023-04-09,North,General Trade,Mascara,20,400.0,11.3,143.4,Anjali M,2023,April,2,8000.0,904.0,7096.0,2868.0,4228.0,59.582863585118375
BT-03099,2023-04-09,East,Online,Hydrating Moisturiser 50ml,30,410.0,11.9,132.72,Sneha B,2023,April,2,12300.0,1463.7,10836.3,3981.6,6854.699999999999,63.25683120622352
BT-03246,2023-04-09,North,Pharmacy,Vitamin C Face Serum 30ml,46,520.0,4.2,160.42,Deepa S,2023,April,2,23920.0,1004.6400000000001,22915.36,7379.32,15536.04,67.79749478079331
BT-03625,2023-04-09,West,Salon Wholesale,BB Cream 30ml,22,680.0,40.6,278.46,Priya S,2023,April,2,14960.0,6073.76,8886.24,6126.12,2760.12,31.060606060606062
BT-04049,2023-04-09,Central,General Trade,Lip Gloss,35,210.0,12.2,70.39,Suresh K,2023,April,2,7350.0,896.6999999999999,6453.3,2463.65,3989.65,61.823408178761255
BT-04326,2023-04-09,Central,Salon Wholesale,Hair Serum 100ml,60,670.0,6.6,287.23,Sunita P,2023,April,2,40200.0,2653.2000000000003,37546.8,17233.800000000003,20313.0,54.10048259771805
BT-04482,2023-04-09,North,Online,Micellar Cleansing Water,24,330.0,6.6,104.48,Deepa S,2023,April,2,7920.0,522.72,7397.28,2507.52,4889.76,66.10213483875155
BT-04508,2023-04-09,West,Online,Kajal Eye Pencil,30,200.0,26.6,60.46,Rahul D,2023,April,2,6000.0,1596.0,4404.0,1813.8,2590.2,58.81471389645776
BT-00797,2023-04-10,South,Pharmacy,Compact Powder,27,360.0,24.3,111.46,Kiran T,2023,April,2,9720.0,2361.96,7358.04,3009.4199999999996,4348.620000000001,59.100249522970806
BT-01596,2023-04-10,Central,Salon Wholesale,Hair Oil 200ml,55,410.0,6.4,156.41,Vikram N,2023,April,2,22550.0,1443.2,21106.8,8602.55,12504.25,59.24275588909735
BT-01663,2023-04-10,East,Modern Trade,Hair Serum 100ml,9,570.0,9.3,224.41,Pooja N,2023,April,2,5130.0,477.0900000000001,4652.91,2019.69,2633.22,56.5929708505
BT-01687,2023-04-10,South,Modern Trade,Vitamin C Face Serum 30ml,46,650.0,24.8,199.49,Priya R,2023,April,2,29900.0,7415.2,22484.8,9176.54,13308.259999999998,59.18780687397708
BT-02102,2023-04-10,West,Modern Trade,Eyeshadow Palette 9-shade,12,710.0,28.5,308.28,Priya S,2023,April,2,8520.0,2428.2,6091.8,3699.3599999999997,2392.4400000000005,39.273121244952236
BT-02642,2023-04-10,North,Pharmacy,Blush Palette,6,600.0,14.5,266.82,Rohit K,2023,April,2,3600.0,522.0,3078.0,1600.92,1477.08,47.988304093567244
BT-02891,2023-04-10,South,Salon Wholesale,Lip Gloss,15,200.0,19.2,59.8,Kiran T,2023,April,2,3000.0,576.0,2424.0,897.0,1527.0,62.995049504950494
BT-02930,2023-04-10,South,Modern Trade,SPF 50 Sunscreen 100g,11,340.0,25.8,121.45,Priya R,2023,April,2,3740.0,964.9200000000001,2775.08,1335.95,1439.1299999999999,51.85904550499445
BT-03398,2023-04-10,West,Salon Wholesale,Compact Powder,37,270.0,41.9,106.84,Priya S,2023,April,2,9990.0,4185.8099999999995,5804.1900000000005,3953.08,1851.1100000000006,31.892649964939128
BT-03513,2023-04-10,Central,Online,Hair Oil 200ml,59,270.0,13.7,98.79,Suresh K,2023,April,2,15930.0,2182.41,13747.59,5828.610000000001,7918.98,57.602677996652496
BT-04396,2023-04-10,South,Pharmacy,Hydrating Moisturiser 50ml,24,350.0,15.1,110.95,Anand V,2023,April,2,8400.0,1268.3999999999999,7131.6,2662.8,4468.8,62.66195524146055
BT-04741,2023-04-10,North,General Trade,Eyeshadow Palette 9-shade,24,600.0,10.7,241.08,Rohit K,2023,April,2,14400.0,1540.8,12859.2,5785.92,7073.280000000001,55.00559910414334
BT-04942,2023-04-10,South,Online,Mascara,14,500.0,23.3,196.65,Priya R,2023,April,2,7000.0,1631.0,5369.0,2753.1,2615.9,48.72229465449804
BT-00300,2023-04-11,North,Online,Micellar Cleansing Water,13,380.0,10.0,114.49,Anjali M,2023,April,2,4940.0,494.0,4446.0,1488.37,2957.63,66.5233918128655
BT-01288,2023-04-11,North,General Trade,Kajal Eye Pencil,50,210.0,9.5,55.97,Deepa S,2023,April,2,10500.0,997.5,9502.5,2798.5,6704.0,70.54985530123652
BT-01580,2023-04-11,Central,Salon Wholesale,Hydrating Moisturiser 50ml,48,490.0,13.3,174.98,Suresh K,2023,April,2,23520.0,3128.1600000000003,20391.84,8399.039999999999,11992.800000000001,58.8117599981169
BT-01668,2023-04-11,West,General Trade,Hydrating Moisturiser 50ml,8,490.0,24.2,160.97,Nidhi C,2023,April,2,3920.0,948.64,2971.36,1287.76,1683.6000000000001,56.66092294437565
BT-01732,2023-04-11,South,Pharmacy,Face Wash 100ml,58,260.0,23.9,84.01,Anand V,2023,April,2,15080.0,3604.12,11475.880000000001,4872.58,6603.300000000001,57.54068533306379
BT-01894,2023-04-11,North,Pharmacy,Mascara,45,520.0,7.7,182.36,Deepa S,2023,April,2,23400.0,1801.8,21598.2,8206.2,13392.0,62.00516709725811
BT-02792,2023-04-11,North,General Trade,Lip Gloss,52,180.0,6.0,53.19,Anjali M,2023,April,2,9360.0,561.6,8798.4,2765.88,6032.5199999999995,68.56382978723404
BT-03305,2023-04-11,South,Salon Wholesale,Micellar Cleansing Water,9,370.0,24.2,108.41,Anand V,2023,April,2,3330.0,805.86,2524.14,975.6899999999999,1548.4499999999998,61.345646437994716
BT-04093,2023-04-11,West,Pharmacy,SPF 50 Sunscreen 100g,30,370.0,39.5,154.84,Nidhi C,2023,April,2,11100.0,4384.5,6715.5,4645.2,2070.3,30.828679919589014
BT-04103,2023-04-11,North,General Trade,Nail Polish Set (12pc),37,380.0,12.4,178.79,Anjali M,2023,April,2,14060.0,1743.44,12316.56,6615.23,5701.33,46.289954337899545
BT-04895,2023-04-11,Central,Salon Wholesale,Mascara,14,540.0,13.6,222.32,Suresh K,2023,April,2,7560.0,1028.16,6531.84,3112.48,3419.36,52.34910836762688
BT-00301,2023-04-12,Central,Pharmacy,Blush Palette,28,680.0,6.2,293.62,Vikram N,2023,April,2,19040.0,1180.48,17859.52,8221.36,9638.16,53.96651197792549
BT-00470,2023-04-12,East,Online,Matte Lipstick,57,430.0,12.5,162.84,Pooja N,2023,April,2,24510.0,3063.75,21446.25,9281.880000000001,12164.369999999999,56.72026578073089
BT-00494,2023-04-12,South,Salon Wholesale,Perfume 100ml EDP,41,1710.0,20.7,706.23,Kiran T,2023,April,2,70110.0,14512.769999999999,55597.23,28955.43,26641.800000000003,47.91929382093317
BT-00642,2023-04-12,East,Modern Trade,Face Wash 100ml,16,200.0,8.1,59.9,Pooja N,2023,April,2,3200.0,259.2,2940.8,958.4,1982.4,67.41022850924918
BT-00769,2023-04-12,North,Online,Rose Water Toner 200ml,17,250.0,6.0,71.67,Deepa S,2023,April,2,4250.0,255.0,3995.0,1218.39,2776.6099999999997,69.50212765957447
BT-00882,2023-04-12,North,Modern Trade,Mascara,36,450.0,14.7,188.5,Rohit K,2023,April,2,16200.0,2381.4,13818.6,6786.0,7032.6,50.89227562850071
BT-01191,2023-04-12,South,General Trade,Blush Palette,52,750.0,16.3,341.62,Anand V,2023,April,2,39000.0,6357.0,32643.0,17764.24,14878.759999999998,45.58024691358024
BT-01536,2023-04-12,East,Online,Nail Polish Set (12pc),31,400.0,6.2,160.16,Pooja N,2023,April,2,12400.0,768.8,11631.2,4964.96,6666.240000000001,57.3134328358209
BT-01753,2023-04-12,East,Modern Trade,Hydrating Moisturiser 50ml,12,510.0,12.3,183.55,Pooja N,2023,April,2,6120.0,752.7600000000001,5367.24,2202.6000000000004,3164.6399999999994,58.962148143179725
BT-02068,2023-04-12,East,Online,Rose Water Toner 200ml,26,310.0,8.7,73.75,Pooja N,2023,April,2,8060.0,701.2199999999999,7358.78,1917.5,5441.28,73.94269158746422
BT-02295,2023-04-12,Central,Modern Trade,Blush Palette,59,550.0,12.0,250.09,Vikram N,2023,April,2,32450.0,3894.0,28556.0,14755.31,13800.69,48.328512396694215
BT-02298,2023-04-12,West,Salon Wholesale,Micellar Cleansing Water,32,350.0,35.9,124.98,Rahul D,2023,April,2,11200.0,4020.7999999999997,7179.200000000001,3999.36,3179.8400000000006,44.29240026743928
BT-02318,2023-04-12,Central,General Trade,Blush Palette,15,810.0,7.3,343.03,Vikram N,2023,April,2,12150.0,886.9499999999999,11263.05,5145.45,6117.599999999999,54.315660500486096
BT-02349,2023-04-12,North,Online,Night Repair Cream 50ml,48,1130.0,9.1,427.59,Deepa S,2023,April,2,54240.0,4935.84,49304.16,20524.32,28779.840000000004,58.37203189345483
BT-03761,2023-04-12,North,Salon Wholesale,Vitamin C Face Serum 30ml,49,760.0,13.0,256.96,Anjali M,2023,April,2,37240.0,4841.2,32398.8,12591.039999999999,19807.760000000002,61.13732607380521
BT-03937,2023-04-12,West,Salon Wholesale,Lip Gloss,29,200.0,22.6,60.64,Rahul D,2023,April,2,5800.0,1310.8,4489.2,1758.56,2730.64,60.826873385012924
BT-00026,2023-04-13,South,Modern Trade,BB Cream 30ml,35,570.0,24.5,238.83,Kiran T,2023,April,2,19950.0,4887.75,15062.25,8359.050000000001,6703.199999999999,44.50331125827814
BT-00492,2023-04-13,North,Modern Trade,Hair Oil 200ml,35,380.0,6.6,125.7,Rohit K,2023,April,2,13300.0,877.8000000000001,12422.2,4399.5,8022.700000000001,64.58356812802886
BT-00766,2023-04-13,Central,Online,Mascara,30,330.0,11.1,134.31,Vikram N,2023,April,2,9900.0,1098.9,8801.1,4029.3,4771.8,54.21822272215972
BT-01316,2023-04-13,South,General Trade,Under Eye Cream 15ml,6,870.0,26.4,309.2,Priya R,2023,April,2,5220.0,1378.0800000000002,3841.92,1855.1999999999998,1986.7200000000003,51.711644177911054
BT-01434,2023-04-13,North,Pharmacy,Hair Serum 100ml,22,500.0,14.5,186.85,Rohit K,2023,April,2,11000.0,1595.0,9405.0,4110.7,5294.3,56.292397660818715
BT-01632,2023-04-13,South,Pharmacy,SPF 50 Sunscreen 100g,14,450.0,19.5,159.03,Kiran T,2023,April,2,6300.0,1228.5,5071.5,2226.42,2845.08,56.09937888198757
BT-01826,2023-04-13,North,General Trade,Hair Serum 100ml,6,640.0,9.1,271.62,Deepa S,2023,April,2,3840.0,349.44,3490.56,1629.72,1860.84,53.31064356435643
BT-01835,2023-04-13,South,Online,Blush Palette,20,620.0,19.3,288.11,Kiran T,2023,April,2,12400.0,2393.2000000000003,10006.8,5762.200000000001,4244.5999999999985,42.41715633369308
BT-01922,2023-04-13,East,Online,Kajal Eye Pencil,36,230.0,9.5,79.26,Sneha B,2023,April,2,8280.0,786.6,7493.4,2853.36,4640.039999999999,61.92169108815757
BT-02129,2023-04-13,East,Online,Kajal Eye Pencil,51,120.0,9.3,41.81,Pooja N,2023,April,2,6120.0,569.1600000000001,5550.84,2132.31,3418.53,61.585814038956265
BT-02663,2023-04-13,South,General Trade,Blush Palette,22,640.0,23.0,276.86,Kiran T,2023,April,2,14080.0,3238.4,10841.6,6090.92,4750.68,43.818993506493506
BT-02723,2023-04-13,East,General Trade,Mascara,19,370.0,10.5,153.25,Sneha B,2023,April,2,7030.0,738.15,6291.85,2911.75,3380.1000000000004,53.721878302883894
BT-03486,2023-04-13,North,Salon Wholesale,Perfume 100ml EDP,57,1940.0,8.4,832.07,Anjali M,2023,April,2,110580.0,9288.720000000001,101291.28,47427.990000000005,53863.28999999999,53.17663080178273
BT-03686,2023-04-13,South,General Trade,Night Repair Cream 50ml,25,1130.0,20.1,388.49,Kiran T,2023,April,2,28250.0,5678.25,22571.75,9712.25,12859.5,56.9716570491876
BT-03753,2023-04-13,East,Online,Vitamin C Face Serum 30ml,19,500.0,13.4,151.7,Pooja N,2023,April,2,9500.0,1273.0,8227.0,2882.2999999999997,5344.700000000001,64.96535796766744
BT-04056,2023-04-13,South,Pharmacy,Hydrating Moisturiser 50ml,3,530.0,19.1,186.51,Anand V,2023,April,2,1590.0,303.69,1286.31,559.53,726.78,56.501154465097834
BT-04293,2023-04-13,South,Online,Micellar Cleansing Water,7,460.0,26.4,143.75,Priya R,2023,April,2,3220.0,850.08,2369.92,1006.25,1363.67,57.54076086956522
BT-00041,2023-04-14,South,Pharmacy,Blush Palette,55,630.0,20.4,264.1,Kiran T,2023,April,2,34650.0,7068.599999999999,27581.4,14525.500000000002,13055.9,47.33588577809683
BT-00052,2023-04-14,South,Modern Trade,Perfume 100ml EDP,21,2210.0,25.4,938.59,Priya R,2023,April,2,46410.0,11788.14,34621.86,19710.39,14911.470000000001,43.06952312787355
BT-00086,2023-04-14,South,Pharmacy,Compact Powder,58,260.0,26.3,87.96,Kiran T,2023,April,2,15080.0,3966.04,11113.96,5101.679999999999,6012.28,54.096649619037684
BT-00279,2023-04-14,Central,Salon Wholesale,Micellar Cleansing Water,37,420.0,8.7,136.0,Vikram N,2023,April,2,15540.0,1351.98,14188.02,5032.0,9156.02,64.53345850936213
BT-00639,2023-04-14,South,Modern Trade,BB Cream 30ml,39,640.0,13.4,234.37,Anand V,2023,April,2,24960.0,3344.6400000000003,21615.36,9140.43,12474.93,57.71326501154734
BT-01210,2023-04-14,North,Modern Trade,Lip Gloss,2,210.0,8.5,61.4,Rohit K,2023,April,2,420.0,35.7,384.3,122.8,261.5,68.04579755399428
BT-02247,2023-04-14,South,General Trade,BB Cream 30ml,46,700.0,12.4,272.86,Anand V,2023,April,2,32200.0,3992.8,28207.2,12551.560000000001,15655.64,55.50228310502283
BT-02532,2023-04-14,Central,Online,Compact Powder,37,410.0,5.7,147.39,Vikram N,2023,April,2,15170.0,864.69,14305.31,5453.429999999999,8851.880000000001,61.87828156118253
BT-02587,2023-04-14,North,Modern Trade,SPF 50 Sunscreen 100g,33,370.0,10.0,130.91,Anjali M,2023,April,2,12210.0,1221.0,10989.0,4320.03,6668.97,60.687687687687685
BT-02641,2023-04-14,South,Modern Trade,Blush Palette,46,670.0,27.8,260.03,Priya R,2023,April,2,30820.0,8567.960000000001,22252.04,11961.38,10290.660000000002,46.245917228263124
BT-02857,2023-04-14,South,Online,Blush Palette,11,530.0,18.3,203.25,Priya R,2023,April,2,5830.0,1066.8899999999999,4763.110000000001,2235.75,2527.3600000000006,53.061130227939316
BT-02896,2023-04-14,North,General Trade,SPF 50 Sunscreen 100g,56,330.0,8.0,145.4,Deepa S,2023,April,2,18480.0,1478.4,17001.6,8142.400000000001,8859.199999999997,52.10803689064557
BT-03248,2023-04-14,West,Modern Trade,Perfume 100ml EDP,2,1220.0,41.8,624.03,Nidhi C,2023,April,2,2440.0,1019.92,1420.08,1248.06,172.01999999999998,12.11340206185567
BT-03961,2023-04-14,North,Pharmacy,Eyeshadow Palette 9-shade,39,780.0,8.7,384.7,Deepa S,2023,April,2,30420.0,2646.54,27773.46,15003.3,12770.16,45.979723088156824
BT-03967,2023-04-14,South,General Trade,Matte Lipstick,57,490.0,23.0,160.33,Kiran T,2023,April,2,27930.0,6423.900000000001,21506.1,9138.810000000001,12367.289999999997,57.505963424330766
BT-04068,2023-04-14,South,Pharmacy,Kajal Eye Pencil,2,220.0,31.7,70.09,Priya R,2023,April,2,440.0,139.48,300.52,140.18,160.33999999999997,53.35418607746573
BT-04501,2023-04-14,North,Online,Hydrating Moisturiser 50ml,35,480.0,8.4,144.19,Rohit K,2023,April,2,16800.0,1411.2,15388.8,5046.65,10342.15,67.20569505094615
BT-04913,2023-04-14,West,General Trade,Lip Gloss,15,200.0,35.4,69.44,Nidhi C,2023,April,2,3000.0,1062.0,1938.0,1041.6,896.4000000000001,46.25386996904025
BT-00127,2023-04-15,East,Salon Wholesale,Nail Polish Set (12pc),2,510.0,7.7,199.61,Meena G,2023,April,2,1020.0,78.53999999999999,941.46,399.22,542.24,57.59564931064517
BT-01513,2023-04-15,North,Modern Trade,Eyeshadow Palette 9-shade,50,920.0,5.6,438.01,Deepa S,2023,April,2,46000.0,2575.9999999999995,43424.0,21900.5,21523.5,49.56590825350037
BT-01958,2023-04-15,Central,Modern Trade,Nail Polish Set (12pc),13,400.0,10.5,186.24,Vikram N,2023,April,2,5200.0,546.0,4654.0,2421.12,2232.88,47.977653631284916
BT-02396,2023-04-15,North,Modern Trade,Hydrating Moisturiser 50ml,58,580.0,11.0,206.54,Anjali M,2023,April,2,33640.0,3700.4,29939.6,11979.32,17960.28,59.98837659821774
BT-02822,2023-04-15,West,Online,Perfume 100ml EDP,51,2520.0,34.1,1181.63,Nidhi C,2023,April,2,128520.0,43825.32,84694.68,60263.130000000005,24431.54999999999,28.846617048437977
BT-02946,2023-04-15,South,Online,BB Cream 30ml,57,680.0,17.2,262.55,Kiran T,2023,April,2,38760.0,6666.719999999999,32093.28,14965.35,17127.93,53.36921000284172
BT-03139,2023-04-15,North,Modern Trade,Hair Oil 200ml,4,400.0,12.6,151.08,Anjali M,2023,April,2,1600.0,201.6,1398.4,604.32,794.08,56.784897025171624
BT-03646,2023-04-15,Central,Online,Mascara,36,330.0,8.3,129.69,Sunita P,2023,April,2,11880.0,986.0400000000001,10893.96,4668.84,6225.119999999999,57.14285714285714
BT-04084,2023-04-15,South,Online,Lip Gloss,9,220.0,23.5,68.86,Priya R,2023,April,2,1980.0,465.29999999999995,1514.7,619.74,894.96,59.08496732026144
BT-00258,2023-04-16,Central,Modern Trade,Mascara,10,480.0,9.7,206.98,Sunita P,2023,April,2,4800.0,465.59999999999997,4334.4,2069.7999999999997,2264.6,52.24713916574382
BT-00336,2023-04-16,East,Salon Wholesale,Vitamin C Face Serum 30ml,4,500.0,9.1,147.9,Meena G,2023,April,2,2000.0,182.0,1818.0,591.6,1226.4,67.45874587458746
BT-00805,2023-04-16,East,General Trade,Hair Serum 100ml,27,660.0,15.4,232.32,Sneha B,2023,April,2,17820.0,2744.2799999999997,15075.720000000001,6272.639999999999,8803.080000000002,58.39243498817967
BT-01203,2023-04-16,West,Salon Wholesale,Vitamin C Face Serum 30ml,46,560.0,31.1,184.97,Priya S,2023,April,2,25760.0,8011.36,17748.64,8508.62,9240.019999999999,52.060439560439555
BT-02406,2023-04-16,Central,Salon Wholesale,Micellar Cleansing Water,4,370.0,8.9,121.69,Sunita P,2023,April,2,1480.0,131.72000000000003,1348.28,486.76,861.52,63.897706707805504
BT-02934,2023-04-16,East,Salon Wholesale,Hydrating Moisturiser 50ml,32,510.0,6.5,195.64,Pooja N,2023,April,2,16320.0,1060.8,15259.2,6260.48,8998.720000000001,58.97242319387649
BT-03311,2023-04-16,North,General Trade,Hair Oil 200ml,39,360.0,5.3,112.43,Deepa S,2023,April,2,14040.0,744.12,13295.88,4384.77,8911.109999999999,67.02158864249677
BT-03522,2023-04-16,South,Pharmacy,Face Wash 100ml,14,220.0,24.4,62.26,Kiran T,2023,April,2,3080.0,751.52,2328.48,871.64,1456.8400000000001,62.56613756613757
BT-04241,2023-04-16,South,Online,Face Wash 100ml,39,190.0,14.3,51.3,Anand V,2023,April,2,7410.0,1059.63,6350.37,2000.6999999999998,4349.67,68.49474912485415
BT-04688,2023-04-16,West,Salon Wholesale,Face Wash 100ml,22,250.0,34.8,74.83,Nidhi C,2023,April,2,5500.0,1913.9999999999998,3586.0,1646.26,1939.74,54.0920245398773
BT-00511,2023-04-17,Central,Pharmacy,BB Cream 30ml,20,670.0,11.5,250.38,Vikram N,2023,April,2,13400.0,1541.0,11859.0,5007.6,6851.4,57.77384265115102
BT-01352,2023-04-17,East,Modern Trade,Perfume 100ml EDP,20,1870.0,12.9,817.19,Meena G,2023,April,2,37400.0,4824.6,32575.4,16343.800000000001,16231.6,49.827784156142364
BT-01626,2023-04-17,West,General Trade,BB Cream 30ml,32,430.0,39.5,176.94,Rahul D,2023,April,2,13760.0,5435.2,8324.8,5662.08,2662.7199999999993,31.98539304247549
BT-02033,2023-04-17,East,Online,Face Wash 100ml,35,260.0,14.3,79.98,Meena G,2023,April,2,9100.0,1301.3000000000002,7798.7,2799.3,4999.4,64.10555605421416
BT-02145,2023-04-17,East,General Trade,Matte Lipstick,49,480.0,9.5,174.96,Pooja N,2023,April,2,23520.0,2234.4,21285.6,8573.04,12712.559999999998,59.72375690607734
BT-02614,2023-04-17,Central,General Trade,Vitamin C Face Serum 30ml,52,540.0,8.4,188.24,Suresh K,2023,April,2,28080.0,2358.7200000000003,25721.28,9788.48,15932.8,61.94404010997897
BT-03012,2023-04-17,Central,Online,Blush Palette,26,600.0,8.5,286.74,Suresh K,2023,April,2,15600.0,1326.0,14274.0,7455.24,6818.76,47.770491803278695
BT-03140,2023-04-17,Central,Online,Compact Powder,11,360.0,13.1,110.2,Suresh K,2023,April,2,3960.0,518.76,3441.24,1212.2,2229.04,64.77432553381921
BT-03653,2023-04-17,West,Modern Trade,Hydrating Moisturiser 50ml,48,390.0,43.6,136.69,Priya S,2023,April,2,18720.0,8161.92,10558.08,6561.12,3996.96,37.85688306964903
BT-03718,2023-04-17,East,Salon Wholesale,Hair Serum 100ml,47,500.0,9.1,165.8,Meena G,2023,April,2,23500.0,2138.5,21361.5,7792.6,13568.9,63.52035203520352
BT-04140,2023-04-17,East,General Trade,Compact Powder,17,370.0,11.6,117.03,Pooja N,2023,April,2,6290.0,729.64,5560.36,1989.51,3570.8499999999995,64.2197627491745
BT-04321,2023-04-17,South,Modern Trade,Eyeshadow Palette 9-shade,47,630.0,31.1,293.9,Priya R,2023,April,2,29610.0,9208.71,20401.29,13813.3,6587.990000000002,32.29202663164928
BT-04371,2023-04-17,Central,Pharmacy,SPF 50 Sunscreen 100g,60,400.0,11.1,164.8,Sunita P,2023,April,2,24000.0,2664.0,21336.0,9888.0,11448.0,53.655793025871766
BT-00073,2023-04-18,West,Modern Trade,Perfume 100ml EDP,6,2130.0,24.6,985.98,Rahul D,2023,April,2,12780.0,3143.88,9636.119999999999,5915.88,3720.239999999999,38.607240258527284
BT-01072,2023-04-18,West,Pharmacy,Compact Powder,42,460.0,36.8,175.67,Priya S,2023,April,2,19320.0,7109.76,12210.24,7378.139999999999,4832.1,39.5741607044579
BT-01453,2023-04-18,West,Salon Wholesale,Micellar Cleansing Water,20,420.0,33.0,121.13,Priya S,2023,April,2,8400.0,2772.0,5628.0,2422.6,3205.4,56.95451314854299
BT-01869,2023-04-18,East,Modern Trade,Hydrating Moisturiser 50ml,18,430.0,14.7,158.45,Meena G,2023,April,2,7740.0,1137.78,6602.22,2852.1,3750.1200000000003,56.800894244663155
BT-01933,2023-04-18,South,Online,SPF 50 Sunscreen 100g,42,440.0,22.9,183.66,Kiran T,2023,April,2,18480.0,4231.92,14248.08,7713.72,6534.36,45.86133710647329
BT-02108,2023-04-18,North,Online,Lip Gloss,35,220.0,11.5,76.58,Deepa S,2023,April,2,7700.0,885.5,6814.5,2680.2999999999997,4134.200000000001,60.66769388803288
BT-02678,2023-04-18,West,Online,Under Eye Cream 15ml,31,670.0,25.0,240.33,Nidhi C,2023,April,2,20770.0,5192.5,15577.5,7450.2300000000005,8127.2699999999995,52.17313432835821
BT-02877,2023-04-18,Central,Pharmacy,Hair Serum 100ml,33,600.0,6.6,242.58,Sunita P,2023,April,2,19800.0,1306.8,18493.2,8005.14,10488.060000000001,56.71306209850108
BT-03045,2023-04-18,West,General Trade,Nail Polish Set (12pc),19,530.0,37.3,254.35,Rahul D,2023,April,2,10070.0,3756.11,6313.889999999999,4832.65,1481.2399999999998,23.460022268363875
BT-03511,2023-04-18,Central,Pharmacy,Blush Palette,53,610.0,8.5,239.36,Vikram N,2023,April,2,32330.0,2748.05,29581.95,12686.08,16895.870000000003,57.11547075159008
BT-03543,2023-04-18,North,General Trade,Vitamin C Face Serum 30ml,25,560.0,5.4,169.46,Anjali M,2023,April,2,14000.0,756.0000000000001,13244.0,4236.5,9007.5,68.01192993053459
BT-03547,2023-04-18,North,General Trade,Mascara,47,400.0,10.7,145.64,Deepa S,2023,April,2,18800.0,2011.6,16788.4,6845.079999999999,9943.320000000003,59.227323628219494
BT-03565,2023-04-18,West,General Trade,Nail Polish Set (12pc),18,630.0,33.9,285.52,Priya S,2023,April,2,11340.0,3844.2599999999998,7495.74,5139.36,2356.38,31.43625579329059
BT-03815,2023-04-18,West,Online,Vitamin C Face Serum 30ml,16,580.0,32.8,166.87,Priya S,2023,April,2,9280.0,3043.8399999999997,6236.16,2669.92,3566.24,57.186473727422005
BT-04178,2023-04-18,West,General Trade,Nail Polish Set (12pc),52,520.0,37.4,201.55,Priya S,2023,April,2,27040.0,10112.96,16927.04,10480.6,6446.4400000000005,38.08368149422463
BT-04187,2023-04-18,North,Online,Kajal Eye Pencil,44,200.0,7.6,56.66,Rohit K,2023,April,2,8800.0,668.8,8131.2,2493.04,5638.16,69.33982683982684
BT-04583,2023-04-18,North,Pharmacy,Nail Polish Set (12pc),59,430.0,8.8,185.33,Deepa S,2023,April,2,25370.0,2232.5600000000004,23137.44,10934.470000000001,12202.969999999998,52.741228070175424
BT-04657,2023-04-18,West,Online,Perfume 100ml EDP,14,2790.0,38.3,1344.78,Rahul D,2023,April,2,39060.0,14959.979999999998,24100.020000000004,18826.92,5273.100000000006,21.880064829821738
BT-00369,2023-04-19,South,Online,Micellar Cleansing Water,12,440.0,21.5,134.86,Anand V,2023,April,2,5280.0,1135.2,4144.8,1618.3200000000002,2526.48,60.95541401273885
BT-00400,2023-04-19,East,Salon Wholesale,Eyeshadow Palette 9-shade,39,600.0,11.8,291.06,Pooja N,2023,April,2,23400.0,2761.2000000000003,20638.8,11351.34,9287.46,44.99999999999999
BT-00602,2023-04-19,North,General Trade,BB Cream 30ml,42,640.0,7.6,217.09,Deepa S,2023,April,2,26880.0,2042.8799999999999,24837.12,9117.78,15719.339999999998,63.289705086580085
BT-00736,2023-04-19,West,Salon Wholesale,Matte Lipstick,46,280.0,23.7,86.55,Rahul D,2023,April,2,12880.0,3052.56,9827.44,3981.2999999999997,5846.140000000001,59.48792360981091
BT-01117,2023-04-19,East,Online,Vitamin C Face Serum 30ml,24,570.0,9.1,165.53,Pooja N,2023,April,2,13680.0,1244.8799999999999,12435.12,3972.7200000000003,8462.400000000001,68.05241927701543
BT-01567,2023-04-19,East,Pharmacy,BB Cream 30ml,15,710.0,12.6,264.83,Sneha B,2023,April,2,10650.0,1341.9,9308.1,3972.45,5335.650000000001,57.32265446224256
BT-02440,2023-04-19,South,Modern Trade,Vitamin C Face Serum 30ml,44,590.0,24.9,168.92,Anand V,2023,April,2,25960.0,6464.04,19495.96,7432.48,12063.48,61.876819607754626
BT-02801,2023-04-19,Central,General Trade,Under Eye Cream 15ml,20,740.0,13.4,228.59,Suresh K,2023,April,2,14800.0,1983.2,12816.8,4571.8,8245.0,64.32962986080769
BT-03032,2023-04-19,West,Modern Trade,Vitamin C Face Serum 30ml,4,760.0,26.6,260.98,Nidhi C,2023,April,2,3040.0,808.6400000000001,2231.3599999999997,1043.92,1187.4399999999996,53.21597590707011
BT-04706,2023-04-19,West,Salon Wholesale,SPF 50 Sunscreen 100g,24,490.0,34.0,218.64,Rahul D,2023,April,2,11760.0,3998.4,7761.6,5247.36,2514.2400000000007,32.39332096474954
BT-04710,2023-04-19,South,General Trade,Perfume 100ml EDP,59,2600.0,20.1,1323.14,Anand V,2023,April,2,153400.0,30833.4,122566.6,78065.26000000001,44501.34,36.30788485607008
BT-00239,2023-04-20,Central,Pharmacy,Mascara,18,560.0,8.2,201.43,Suresh K,2023,April,2,10080.0,826.56,9253.44,3625.7400000000002,5627.700000000001,60.81738250855898
BT-00478,2023-04-20,West,Pharmacy,SPF 50 Sunscreen 100g,7,410.0,37.2,168.88,Rahul D,2023,April,2,2870.0,1067.64,1802.36,1182.1599999999999,620.2,34.41043964579774
BT-00624,2023-04-20,West,Salon Wholesale,Under Eye Cream 15ml,48,670.0,26.5,194.3,Rahul D,2023,April,2,32160.0,8522.4,23637.6,9326.400000000001,14311.199999999997,60.54421768707482
BT-00843,2023-04-20,East,Online,Hair Serum 100ml,29,480.0,6.8,199.87,Pooja N,2023,April,2,13920.0,946.5600000000001,12973.44,5796.2300000000005,7177.21,55.32233547925608
BT-01881,2023-04-20,West,Modern Trade,Compact Powder,33,380.0,38.4,149.83,Priya S,2023,April,2,12540.0,4815.36,7724.64,4944.39,2780.25,35.99196855775803
BT-01943,2023-04-20,West,Modern Trade,BB Cream 30ml,6,470.0,33.9,157.31,Nidhi C,2023,April,2,2820.0,955.9799999999999,1864.02,943.86,920.16,49.364277207326104
BT-02701,2023-04-20,Central,Online,Hair Oil 200ml,10,230.0,12.3,87.7,Vikram N,2023,April,2,2300.0,282.90000000000003,2017.1,877.0,1140.1,56.52173913043478
BT-02704,2023-04-20,Central,Pharmacy,Kajal Eye Pencil,53,180.0,6.5,49.68,Sunita P,2023,April,2,9540.0,620.1,8919.9,2633.04,6286.86,70.4812834224599
BT-02825,2023-04-20,South,Salon Wholesale,Nail Polish Set (12pc),48,490.0,23.4,206.73,Priya R,2023,April,2,23520.0,5503.679999999999,18016.32,9923.039999999999,8093.280000000001,44.92193744338467
BT-02952,2023-04-20,South,General Trade,Lip Gloss,17,310.0,19.7,94.58,Anand V,2023,April,2,5270.0,1038.1899999999998,4231.81,1607.86,2623.9500000000007,62.00538303940868
BT-03168,2023-04-20,North,Modern Trade,Night Repair Cream 50ml,2,700.0,7.7,254.59,Rohit K,2023,April,2,1400.0,107.8,1292.2,509.18,783.02,60.59588299024918
BT-03689,2023-04-20,Central,Salon Wholesale,BB Cream 30ml,18,630.0,10.5,262.52,Suresh K,2023,April,2,11340.0,1190.7,10149.3,4725.36,5423.94,53.44151813425556
BT-04708,2023-04-20,South,Salon Wholesale,Micellar Cleansing Water,58,410.0,24.6,116.6,Priya R,2023,April,2,23780.0,5849.880000000001,17930.12,6762.799999999999,11167.32,62.28246102089668
BT-04880,2023-04-20,Central,Modern Trade,SPF 50 Sunscreen 100g,23,420.0,12.6,176.65,Vikram N,2023,April,2,9660.0,1217.16,8442.84,4062.9500000000003,4379.889999999999,51.87697504631142
BT-04914,2023-04-20,South,Salon Wholesale,Under Eye Cream 15ml,56,580.0,27.9,198.3,Priya R,2023,April,2,32480.0,9061.919999999998,23418.08,11104.800000000001,12313.28,52.580228609689605
BT-04979,2023-04-20,South,Salon Wholesale,Blush Palette,16,540.0,21.3,248.89,Anand V,2023,April,2,8640.0,1840.32,6799.68,3982.24,2817.4400000000005,41.434891053696646
BT-00398,2023-04-21,West,Salon Wholesale,Perfume 100ml EDP,38,2470.0,30.6,1264.89,Rahul D,2023,April,2,93860.0,28721.16,65138.84,48065.82000000001,17073.01999999999,26.210199628977104
BT-01023,2023-04-21,North,Pharmacy,SPF 50 Sunscreen 100g,58,550.0,6.5,209.77,Anjali M,2023,April,2,31900.0,2073.5,29826.5,12166.66,17659.84,59.208556149732615
BT-01096,2023-04-21,North,Online,Nail Polish Set (12pc),9,500.0,6.7,219.05,Rohit K,2023,April,2,4500.0,301.5,4198.5,1971.45,2227.05,53.043944265809216
BT-01311,2023-04-21,South,Salon Wholesale,Vitamin C Face Serum 30ml,40,770.0,20.1,251.02,Priya R,2023,April,2,30800.0,6190.8,24609.2,10040.800000000001,14568.4,59.198998748435535
BT-01436,2023-04-21,East,Modern Trade,Blush Palette,18,740.0,6.8,329.23,Meena G,2023,April,2,13320.0,905.7600000000001,12414.24,5926.14,6488.099999999999,52.26336851873332
BT-01735,2023-04-21,West,Online,Compact Powder,33,460.0,27.6,160.86,Nidhi C,2023,April,2,15180.0,4189.68,10990.32,5308.38,5681.94,51.69949555608936
BT-02127,2023-04-21,South,Salon Wholesale,Rose Water Toner 200ml,5,370.0,23.6,107.93,Kiran T,2023,April,2,1850.0,436.6,1413.4,539.6500000000001,873.75,61.81901797085043
BT-02464,2023-04-21,North,Modern Trade,Matte Lipstick,17,370.0,9.4,144.04,Deepa S,2023,April,2,6290.0,591.26,5698.74,2448.68,3250.06,57.031203388819286
BT-03910,2023-04-21,South,Online,Vitamin C Face Serum 30ml,11,560.0,24.0,187.04,Priya R,2023,April,2,6160.0,1478.3999999999999,4681.6,2057.44,2624.1600000000003,56.05263157894738
BT-04894,2023-04-21,North,General Trade,Night Repair Cream 50ml,12,830.0,6.3,305.02,Deepa S,2023,April,2,9960.0,627.48,9332.52,3660.24,5672.280000000001,60.77972509032931
BT-00346,2023-04-22,North,Modern Trade,Night Repair Cream 50ml,48,870.0,6.3,331.56,Rohit K,2023,April,2,41760.0,2630.88,39129.12,15914.880000000001,23214.24,59.32727339638612
BT-00381,2023-04-22,East,Online,BB Cream 30ml,5,540.0,6.0,205.36,Pooja N,2023,April,2,2700.0,162.0,2538.0,1026.8000000000002,1511.1999999999998,59.54294720252167
BT-01042,2023-04-22,West,Online,Micellar Cleansing Water,35,330.0,28.5,109.3,Priya S,2023,April,2,11550.0,3291.7499999999995,8258.25,3825.5,4432.75,53.67662640389913
BT-01201,2023-04-22,South,Salon Wholesale,Rose Water Toner 200ml,13,240.0,18.2,66.91,Kiran T,2023,April,2,3120.0,567.84,2552.16,869.8299999999999,1682.33,65.9178891605542
BT-02252,2023-04-22,South,General Trade,Compact Powder,22,310.0,31.1,100.44,Priya R,2023,April,2,6820.0,2121.02,4698.98,2209.68,2489.2999999999997,52.97532656023222
BT-02262,2023-04-22,Central,Online,Eyeshadow Palette 9-shade,4,740.0,7.1,335.66,Sunita P,2023,April,2,2960.0,210.15999999999997,2749.84,1342.64,1407.2,51.17388648066796
BT-02781,2023-04-22,East,Pharmacy,Face Wash 100ml,4,250.0,5.8,82.28,Pooja N,2023,April,2,1000.0,57.99999999999999,942.0,329.12,612.88,65.06157112526539
BT-03108,2023-04-22,East,General Trade,Micellar Cleansing Water,27,410.0,6.5,115.78,Sneha B,2023,April,2,11070.0,719.5500000000001,10350.45,3126.06,7224.390000000001,69.79783487674449
BT-03370,2023-04-22,North,General Trade,Eyeshadow Palette 9-shade,27,740.0,8.0,300.96,Anjali M,2023,April,2,19980.0,1598.4,18381.6,8125.919999999999,10255.68,55.793184488836665
BT-03763,2023-04-22,West,Salon Wholesale,Lip Gloss,55,260.0,31.0,84.21,Rahul D,2023,April,2,14300.0,4433.0,9867.0,4631.549999999999,5235.450000000001,53.06020066889633
BT-04493,2023-04-22,West,Pharmacy,Night Repair Cream 50ml,9,1180.0,36.5,470.35,Priya S,2023,April,2,10620.0,3876.2999999999997,6743.700000000001,4233.150000000001,2510.55,37.228079540904844
BT-04972,2023-04-22,South,Online,Rose Water Toner 200ml,60,320.0,24.4,70.56,Priya R,2023,April,2,19200.0,4684.8,14515.2,4233.6,10281.6,70.83333333333334
BT-00248,2023-04-23,West,Modern Trade,Nail Polish Set (12pc),6,660.0,41.9,309.47,Priya S,2023,April,2,3960.0,1659.24,2300.76,1856.8200000000002,443.94000000000005,19.295363271266886
BT-00323,2023-04-23,East,Pharmacy,Kajal Eye Pencil,47,200.0,10.5,62.18,Meena G,2023,April,2,9400.0,987.0,8413.0,2922.46,5490.54,65.26256983240224
BT-00560,2023-04-23,North,Modern Trade,BB Cream 30ml,50,540.0,6.9,207.41,Deepa S,2023,April,2,27000.0,1863.0000000000002,25137.0,10370.5,14766.5,58.744082428292955
BT-00655,2023-04-23,South,Modern Trade,SPF 50 Sunscreen 100g,5,430.0,16.6,192.25,Kiran T,2023,April,2,2150.0,356.90000000000003,1793.1,961.25,831.8499999999999,46.39172383023813
BT-00743,2023-04-23,East,Salon Wholesale,Rose Water Toner 200ml,58,370.0,12.5,101.42,Sneha B,2023,April,2,21460.0,2682.5,18777.5,5882.36,12895.14,68.67335907335908
BT-00953,2023-04-23,North,General Trade,Night Repair Cream 50ml,34,730.0,7.0,306.53,Deepa S,2023,April,2,24820.0,1737.4,23082.6,10422.019999999999,12660.58,54.84902047429666
BT-01376,2023-04-23,East,Online,BB Cream 30ml,36,600.0,8.2,200.34,Pooja N,2023,April,2,21600.0,1771.1999999999998,19828.8,7212.24,12616.56,63.627450980392155
BT-02065,2023-04-23,East,Pharmacy,Blush Palette,28,660.0,9.3,296.08,Pooja N,2023,April,2,18480.0,1718.6400000000003,16761.36,8290.24,8471.12,50.53957435434834
BT-02357,2023-04-23,Central,Online,Vitamin C Face Serum 30ml,32,660.0,11.6,191.2,Vikram N,2023,April,2,21120.0,2449.9199999999996,18670.08,6118.4,12551.680000000002,67.22884958179077
BT-02945,2023-04-23,West,Online,Hair Oil 200ml,42,350.0,32.4,113.5,Priya S,2023,April,2,14700.0,4762.8,9937.2,4767.0,5170.200000000001,52.028740490278956
BT-03203,2023-04-23,West,General Trade,Under Eye Cream 15ml,31,880.0,28.7,260.22,Priya S,2023,April,2,27280.0,7829.36,19450.64,8066.820000000001,11383.82,58.52671171745506
BT-04052,2023-04-23,West,Pharmacy,Night Repair Cream 50ml,38,740.0,38.3,298.66,Nidhi C,2023,April,2,28120.0,10769.96,17350.04,11349.080000000002,6000.959999999999,34.58758596521967
BT-04111,2023-04-23,East,Pharmacy,Compact Powder,34,320.0,11.0,99.87,Sneha B,2023,April,2,10880.0,1196.8,9683.2,3395.58,6287.620000000001,64.93328651685394
BT-04281,2023-04-23,Central,Pharmacy,BB Cream 30ml,13,480.0,10.6,160.27,Vikram N,2023,April,2,6240.0,661.4399999999999,5578.56,2083.51,3495.05,62.651472781506335
BT-04549,2023-04-23,East,Salon Wholesale,Under Eye Cream 15ml,47,540.0,16.5,159.41,Meena G,2023,April,2,25380.0,4187.7,21192.3,7492.2699999999995,13700.029999999999,64.64626302949657
BT-04572,2023-04-23,East,Online,Mascara,57,350.0,11.1,130.06,Sneha B,2023,April,2,19950.0,2214.45,17735.55,7413.42,10322.13,58.20022497187851
BT-04610,2023-04-23,East,Modern Trade,Perfume 100ml EDP,2,2190.0,10.1,1085.36,Meena G,2023,April,2,4380.0,442.38,3937.62,2170.72,1766.9,44.87228325739914
BT-04742,2023-04-23,East,Modern Trade,Under Eye Cream 15ml,57,920.0,12.4,284.92,Meena G,2023,April,2,52440.0,6502.56,45937.44,16240.44,29697.0,64.64661504864006
BT-04821,2023-04-23,South,Pharmacy,Lip Gloss,35,250.0,16.2,70.3,Kiran T,2023,April,2,8750.0,1417.5,7332.5,2460.5,4872.0,66.44391408114558
BT-00148,2023-04-24,East,Online,Vitamin C Face Serum 30ml,11,570.0,10.3,178.64,Pooja N,2023,April,2,6270.0,645.8100000000001,5624.19,1965.04,3659.1499999999996,65.06092432865887
BT-00433,2023-04-24,West,Online,Night Repair Cream 50ml,56,720.0,41.1,237.74,Priya S,2023,April,2,40320.0,16571.52,23748.48,13313.44,10435.039999999999,43.93982267496698
BT-00741,2023-04-24,South,General Trade,Face Wash 100ml,27,180.0,32.0,47.84,Priya R,2023,April,2,4860.0,1555.2,3304.8,1291.68,2013.1200000000001,60.915032679738566
BT-00872,2023-04-24,Central,Online,Under Eye Cream 15ml,23,630.0,10.2,226.67,Sunita P,2023,April,2,14490.0,1477.98,13012.02,5213.41,7798.610000000001,59.9338918938028
BT-00947,2023-04-24,South,Modern Trade,BB Cream 30ml,23,430.0,21.8,140.01,Priya R,2023,April,2,9890.0,2156.02,7733.98,3220.2299999999996,4513.75,58.36257657764825
BT-00990,2023-04-24,Central,Online,SPF 50 Sunscreen 100g,49,490.0,6.0,172.48,Vikram N,2023,April,2,24010.0,1440.6,22569.4,8451.519999999999,14117.880000000003,62.553191489361716
BT-01532,2023-04-24,West,Online,Night Repair Cream 50ml,41,1030.0,29.2,334.54,Rahul D,2023,April,2,42230.0,12331.16,29898.84,13716.140000000001,16182.699999999999,54.12484230157424
BT-02355,2023-04-24,Central,Modern Trade,Hair Oil 200ml,18,280.0,6.0,110.94,Sunita P,2023,April,2,5040.0,302.4,4737.6,1996.92,2740.6800000000003,57.84954407294833
BT-02592,2023-04-24,South,Modern Trade,Perfume 100ml EDP,55,2740.0,25.3,1162.58,Kiran T,2023,April,2,150700.0,38127.1,112572.9,63941.899999999994,48631.0,43.19956223922454
BT-02707,2023-04-24,Central,Pharmacy,BB Cream 30ml,13,550.0,11.9,217.03,Vikram N,2023,April,2,7150.0,850.85,6299.15,2821.39,3477.7599999999998,55.2099886492622
BT-02712,2023-04-24,South,Pharmacy,SPF 50 Sunscreen 100g,7,330.0,21.7,135.63,Kiran T,2023,April,2,2310.0,501.27,1808.73,949.41,859.32,47.509578544061306
BT-03027,2023-04-24,East,Online,Hair Serum 100ml,17,670.0,10.7,278.72,Meena G,2023,April,2,11390.0,1218.73,10171.27,4738.240000000001,5433.03,53.41545352743561
BT-03081,2023-04-24,East,Online,BB Cream 30ml,38,510.0,12.0,172.74,Pooja N,2023,April,2,19380.0,2325.6,17054.4,6564.120000000001,10490.28,61.51069518716577
BT-03149,2023-04-24,Central,Salon Wholesale,Face Wash 100ml,5,200.0,10.1,57.88,Vikram N,2023,April,2,1000.0,100.99999999999999,899.0,289.40000000000003,609.5999999999999,67.80867630700777
BT-03239,2023-04-24,North,Pharmacy,Nail Polish Set (12pc),24,470.0,4.4,205.16,Deepa S,2023,April,2,11280.0,496.32000000000005,10783.68,4923.84,5859.84,54.33989139143595
BT-04017,2023-04-24,Central,Online,Mascara,23,360.0,9.9,160.45,Vikram N,2023,April,2,8280.0,819.72,7460.28,3690.35,3769.93,50.53335799728696
BT-04822,2023-04-24,South,Pharmacy,Blush Palette,50,710.0,16.4,339.1,Kiran T,2023,April,2,35500.0,5821.999999999999,29678.0,16955.0,12723.0,42.870139497270706
BT-04962,2023-04-24,East,General Trade,Mascara,9,370.0,9.0,158.8,Meena G,2023,April,2,3330.0,299.7,3030.3,1429.2,1601.1000000000001,52.83635283635284
BT-00100,2023-04-25,Central,Modern Trade,Mascara,33,430.0,11.3,191.31,Suresh K,2023,April,2,14190.0,1603.47,12586.53,6313.2300000000005,6273.3,49.841378044623895
BT-00507,2023-04-25,Central,Modern Trade,Perfume 100ml EDP,21,1350.0,11.4,697.95,Suresh K,2023,April,2,28350.0,3231.9,25118.1,14656.95,10461.149999999998,41.64785553047403
BT-00510,2023-04-25,Central,Salon Wholesale,Night Repair Cream 50ml,20,1010.0,7.7,356.63,Vikram N,2023,April,2,20200.0,1555.4,18644.6,7132.6,11511.999999999998,61.74441929566738
BT-00678,2023-04-25,East,Modern Trade,Under Eye Cream 15ml,32,870.0,7.5,266.22,Sneha B,2023,April,2,27840.0,2088.0,25752.0,8519.04,17232.96,66.91891891891892
BT-01168,2023-04-25,East,Salon Wholesale,Nail Polish Set (12pc),56,530.0,4.9,212.9,Pooja N,2023,April,2,29680.0,1454.3200000000002,28225.68,11922.4,16303.28,57.76045076681944
BT-01324,2023-04-25,North,Online,Vitamin C Face Serum 30ml,2,560.0,9.3,178.75,Rohit K,2023,April,2,1120.0,104.16000000000001,1015.84,357.5,658.34,64.80744999212475
BT-01428,2023-04-25,East,General Trade,Matte Lipstick,47,380.0,6.1,123.08,Meena G,2023,April,2,17860.0,1089.46,16770.54,5784.76,10985.78,65.50641780169273
BT-01655,2023-04-25,Central,Pharmacy,BB Cream 30ml,35,500.0,9.8,199.45,Sunita P,2023,April,2,17500.0,1715.0,15785.0,6980.75,8804.25,55.7760532150776
BT-01683,2023-04-25,East,General Trade,Face Wash 100ml,51,250.0,13.4,77.17,Sneha B,2023,April,2,12750.0,1708.5,11041.5,3935.67,7105.83,64.35565819861432
BT-02312,2023-04-25,Central,Pharmacy,Face Wash 100ml,49,290.0,10.6,89.55,Sunita P,2023,April,2,14210.0,1506.26,12703.74,4387.95,8315.79,65.45938440175885
BT-02695,2023-04-25,Central,Pharmacy,Hair Serum 100ml,23,390.0,9.6,153.82,Vikram N,2023,April,2,8970.0,861.12,8108.88,3537.8599999999997,4571.02,56.37054685727253
BT-02760,2023-04-25,South,Online,Micellar Cleansing Water,31,340.0,23.5,103.73,Priya R,2023,April,2,10540.0,2476.8999999999996,8063.1,3215.63,4847.47,60.119184928873516
BT-03039,2023-04-25,North,Salon Wholesale,Lip Gloss,5,270.0,9.8,96.9,Deepa S,2023,April,2,1350.0,132.3,1217.7,484.5,733.2,60.21187484602118
BT-03347,2023-04-25,West,General Trade,Micellar Cleansing Water,23,470.0,28.3,140.86,Rahul D,2023,April,2,10810.0,3059.2300000000005,7750.7699999999995,3239.78,4510.99,58.200540075373155
BT-03449,2023-04-25,Central,Salon Wholesale,Rose Water Toner 200ml,49,240.0,7.5,59.9,Sunita P,2023,April,2,11760.0,882.0,10878.0,2935.1,7942.9,73.01801801801801
BT-03960,2023-04-25,South,Salon Wholesale,Kajal Eye Pencil,2,230.0,26.3,73.05,Kiran T,2023,April,2,460.0,120.98,339.02,146.1,192.92,56.905197333490655
BT-04070,2023-04-25,North,Salon Wholesale,SPF 50 Sunscreen 100g,16,370.0,7.3,155.73,Deepa S,2023,April,2,5920.0,432.15999999999997,5487.84,2491.68,2996.1600000000003,54.59634391673227
BT-00195,2023-04-26,South,Pharmacy,Mascara,54,570.0,16.6,235.92,Anand V,2023,April,2,30780.0,5109.4800000000005,25670.52,12739.679999999998,12930.840000000002,50.37233371197779
BT-00574,2023-04-26,South,General Trade,Hair Serum 100ml,50,480.0,20.3,174.86,Kiran T,2023,April,2,24000.0,4872.0,19128.0,8743.0,10385.0,54.29213718109578
BT-02048,2023-04-26,Central,Modern Trade,Hair Serum 100ml,27,670.0,6.7,283.61,Sunita P,2023,April,2,18090.0,1212.03,16877.97,7657.47,9220.5,54.6303850522308
BT-02217,2023-04-26,West,General Trade,Perfume 100ml EDP,35,1800.0,40.9,898.02,Nidhi C,2023,April,2,63000.0,25767.0,37233.0,31430.7,5802.299999999999,15.583756345177664
BT-02573,2023-04-26,North,General Trade,Compact Powder,20,390.0,5.9,137.63,Deepa S,2023,April,2,7800.0,460.20000000000005,7339.8,2752.6,4587.200000000001,62.49761573884848
BT-02677,2023-04-26,West,Modern Trade,Hair Oil 200ml,45,310.0,34.9,111.66,Rahul D,2023,April,2,13950.0,4868.549999999999,9081.45,5024.7,4056.750000000001,44.670729894455185
BT-02683,2023-04-26,North,Pharmacy,Perfume 100ml EDP,7,2670.0,5.2,1231.67,Deepa S,2023,April,2,18690.0,971.8800000000001,17718.12,8621.69,9096.429999999998,51.33970195483493
BT-02836,2023-04-26,West,Salon Wholesale,Micellar Cleansing Water,23,450.0,42.5,135.0,Priya S,2023,April,2,10350.0,4398.75,5951.25,3105.0,2846.25,47.82608695652174
BT-03237,2023-04-26,Central,General Trade,Lip Gloss,36,300.0,5.2,98.46,Vikram N,2023,April,2,10800.0,561.6,10238.4,3544.56,6693.84,65.37974683544304
BT-04022,2023-04-26,East,General Trade,Micellar Cleansing Water,55,340.0,16.2,101.32,Meena G,2023,April,2,18700.0,3029.4,15670.6,5572.599999999999,10098.0,64.43914081145584
BT-04253,2023-04-26,West,Online,Kajal Eye Pencil,56,190.0,27.7,66.2,Rahul D,2023,April,2,10640.0,2947.2799999999997,7692.72,3707.2000000000003,3985.52,51.80898303850914
BT-04461,2023-04-26,South,Pharmacy,BB Cream 30ml,9,490.0,29.9,194.58,Priya R,2023,April,2,4410.0,1318.59,3091.41,1751.22,1340.1899999999998,43.35206265102332
BT-00149,2023-04-27,East,Salon Wholesale,Rose Water Toner 200ml,41,320.0,5.2,70.46,Sneha B,2023,April,2,13120.0,682.24,12437.76,2888.8599999999997,9548.900000000001,76.77347046413503
BT-00355,2023-04-27,Central,Salon Wholesale,Perfume 100ml EDP,37,1930.0,10.3,933.35,Suresh K,2023,April,2,71410.0,7355.2300000000005,64054.77,34533.950000000004,29520.819999999992,46.08684099560422
BT-00453,2023-04-27,South,General Trade,SPF 50 Sunscreen 100g,39,560.0,15.4,229.54,Kiran T,2023,April,2,21840.0,3363.36,18476.64,8952.06,9524.58,51.54930766632895
BT-00894,2023-04-27,North,General Trade,Under Eye Cream 15ml,9,560.0,6.6,162.01,Anjali M,2023,April,2,5040.0,332.64000000000004,4707.36,1458.09,3249.2699999999995,69.02531355154481
BT-01159,2023-04-27,Central,Online,Micellar Cleansing Water,49,440.0,13.9,128.74,Suresh K,2023,April,2,21560.0,2996.84,18563.16,6308.26,12254.9,66.01731601731602
BT-01704,2023-04-27,Central,Salon Wholesale,Blush Palette,25,640.0,7.4,267.58,Vikram N,2023,April,2,16000.0,1184.0000000000002,14816.0,6689.5,8126.5,54.84948704103672
BT-02543,2023-04-27,East,Online,SPF 50 Sunscreen 100g,57,470.0,4.2,181.14,Pooja N,2023,April,2,26790.0,1125.18,25664.82,10324.98,15339.84,59.76991071825167
BT-02636,2023-04-27,South,Modern Trade,Night Repair Cream 50ml,37,740.0,23.5,247.83,Kiran T,2023,April,2,27380.0,6434.299999999999,20945.7,9169.710000000001,11775.99,56.22151563328034
BT-03894,2023-04-27,West,Online,Mascara,15,410.0,35.2,147.31,Priya S,2023,April,2,6150.0,2164.8,3985.2,2209.65,1775.5499999999997,44.553598313760915
BT-03990,2023-04-27,South,Online,Perfume 100ml EDP,12,2410.0,13.1,1071.49,Anand V,2023,April,2,28920.0,3788.52,25131.48,12857.880000000001,12273.599999999999,48.837553538430676
BT-04089,2023-04-27,South,Salon Wholesale,SPF 50 Sunscreen 100g,57,420.0,18.5,149.1,Anand V,2023,April,2,23940.0,4428.9,19511.1,8498.699999999999,11012.4,56.44171779141105
BT-04228,2023-04-27,South,Modern Trade,Perfume 100ml EDP,10,1440.0,23.0,741.74,Priya R,2023,April,2,14400.0,3312.0,11088.0,7417.4,3670.6000000000004,33.10425685425686
BT-04625,2023-04-27,North,Modern Trade,Compact Powder,11,300.0,8.7,93.99,Anjali M,2023,April,2,3300.0,287.09999999999997,3012.9,1033.8899999999999,1979.0100000000002,65.68455640744799
BT-00834,2023-04-28,North,General Trade,Nail Polish Set (12pc),59,380.0,12.8,175.79,Anjali M,2023,April,2,22420.0,2869.76,19550.239999999998,10371.609999999999,9178.63,46.94893771125061
BT-01224,2023-04-28,West,Online,Compact Powder,33,400.0,24.1,153.0,Nidhi C,2023,April,2,13200.0,3181.2000000000003,10018.8,5049.0,4969.799999999999,49.604743083003946
BT-02059,2023-04-28,East,General Trade,Face Wash 100ml,28,300.0,10.0,88.11,Sneha B,2023,April,2,8400.0,840.0,7560.0,2467.08,5092.92,67.36666666666666
BT-02097,2023-04-28,South,Modern Trade,Mascara,59,450.0,31.0,175.32,Priya R,2023,April,2,26550.0,8230.5,18319.5,10343.88,7975.620000000001,43.536231884057976
BT-02947,2023-04-28,North,Salon Wholesale,Hydrating Moisturiser 50ml,22,520.0,13.5,188.66,Rohit K,2023,April,2,11440.0,1544.4,9895.6,4150.5199999999995,5745.080000000001,58.05691418408182
BT-02989,2023-04-28,Central,Pharmacy,Night Repair Cream 50ml,60,1190.0,9.8,499.32,Vikram N,2023,April,2,71400.0,6997.2,64402.8,29959.2,34443.600000000006,53.4815256479532
BT-03083,2023-04-28,North,Modern Trade,Mascara,52,550.0,7.1,212.3,Deepa S,2023,April,2,28600.0,2030.6,26569.4,11039.6,15529.800000000001,58.449946178686766
BT-03503,2023-04-28,East,Pharmacy,Hydrating Moisturiser 50ml,19,370.0,13.3,116.25,Meena G,2023,April,2,7030.0,934.99,6095.01,2208.75,3886.26,63.761339193865155
BT-04344,2023-04-28,South,Salon Wholesale,Hair Serum 100ml,57,560.0,23.6,231.95,Anand V,2023,April,2,31920.0,7533.120000000001,24386.879999999997,13221.15,11165.729999999998,45.78580777860882
BT-04832,2023-04-28,Central,Pharmacy,Face Wash 100ml,46,250.0,7.7,77.48,Vikram N,2023,April,2,11500.0,885.5,10614.5,3564.0800000000004,7050.42,66.42253521126761
BT-04986,2023-04-28,West,Pharmacy,Hair Serum 100ml,3,600.0,35.3,239.76,Nidhi C,2023,April,2,1800.0,635.4,1164.6,719.28,445.31999999999994,38.23802163833076
BT-00068,2023-04-29,North,Modern Trade,Perfume 100ml EDP,49,2240.0,9.1,1123.36,Anjali M,2023,April,2,109760.0,9988.16,99771.84,55044.63999999999,44727.200000000004,44.82948294829484
BT-00119,2023-04-29,North,Salon Wholesale,Kajal Eye Pencil,55,170.0,8.4,57.41,Anjali M,2023,April,2,9350.0,785.4000000000001,8564.6,3157.5499999999997,5407.050000000001,63.13254559465709
BT-00158,2023-04-29,South,General Trade,BB Cream 30ml,43,430.0,22.7,169.85,Priya R,2023,April,2,18490.0,4197.23,14292.77,7303.55,6989.22,48.900388098318246
BT-00862,2023-04-29,North,Salon Wholesale,Hair Oil 200ml,41,390.0,6.1,134.35,Rohit K,2023,April,2,15990.0,975.39,15014.61,5508.349999999999,9506.260000000002,63.31339941563585
BT-00863,2023-04-29,West,Salon Wholesale,Compact Powder,38,410.0,27.4,152.64,Rahul D,2023,April,2,15580.0,4268.919999999999,11311.080000000002,5800.32,5510.760000000002,48.7200161257811
BT-01090,2023-04-29,Central,Online,Hair Serum 100ml,15,570.0,5.3,192.77,Vikram N,2023,April,2,8550.0,453.15,8096.85,2891.55,5205.3,64.28796383778877
BT-01482,2023-04-29,Central,Salon Wholesale,SPF 50 Sunscreen 100g,34,520.0,5.4,186.47,Vikram N,2023,April,2,17680.0,954.7200000000001,16725.28,6339.98,10385.3,62.09342982598797
BT-01518,2023-04-29,East,Online,BB Cream 30ml,45,690.0,16.3,284.9,Meena G,2023,April,2,31050.0,5061.150000000001,25988.85,12820.499999999998,13168.35,50.66922930410542
BT-01788,2023-04-29,North,General Trade,Nail Polish Set (12pc),5,590.0,13.5,252.81,Rohit K,2023,April,2,2950.0,398.25,2551.75,1264.05,1287.7,50.46340746546488
BT-02002,2023-04-29,North,Modern Trade,Perfume 100ml EDP,57,2390.0,11.6,1069.29,Rohit K,2023,April,2,136230.0,15802.679999999998,120427.32,60949.53,59477.79000000001,49.38895094568243
BT-02027,2023-04-29,West,Pharmacy,Hair Oil 200ml,20,270.0,30.4,88.99,Rahul D,2023,April,2,5400.0,1641.6,3758.4,1779.8,1978.6000000000001,52.64474244359302
BT-02255,2023-04-29,Central,Online,Under Eye Cream 15ml,38,560.0,6.7,171.86,Sunita P,2023,April,2,21280.0,1425.76,19854.24,6530.68,13323.560000000001,67.10687490430256
BT-02915,2023-04-29,East,Pharmacy,Hydrating Moisturiser 50ml,54,580.0,12.8,190.53,Pooja N,2023,April,2,31320.0,4008.96,27311.04,10288.62,17022.42,62.32798165137614
BT-03263,2023-04-29,West,Pharmacy,Hair Serum 100ml,59,650.0,35.7,272.61,Nidhi C,2023,April,2,38350.0,13690.95,24659.05,16083.990000000002,8575.059999999998,34.774494556765156
BT-03282,2023-04-29,Central,Salon Wholesale,Lip Gloss,54,330.0,8.5,118.54,Sunita P,2023,April,2,17820.0,1514.7,16305.3,6401.160000000001,9904.14,60.74184467627091
BT-03358,2023-04-29,Central,Modern Trade,Under Eye Cream 15ml,31,790.0,12.9,235.74,Vikram N,2023,April,2,24490.0,3159.21,21330.79,7307.9400000000005,14022.85,65.73994680928367
BT-03361,2023-04-29,East,Online,Blush Palette,31,490.0,7.0,203.45,Meena G,2023,April,2,15190.0,1063.3000000000002,14126.7,6306.95,7819.750000000001,55.35439982444591
BT-04600,2023-04-29,Central,Modern Trade,Nail Polish Set (12pc),26,430.0,4.3,175.18,Sunita P,2023,April,2,11180.0,480.73999999999995,10699.26,4554.68,6144.58,57.42995309956015
BT-04775,2023-04-29,Central,Pharmacy,Nail Polish Set (12pc),21,650.0,5.6,289.51,Sunita P,2023,April,2,13650.0,764.4,12885.6,6079.71,6805.89,52.81779661016949
BT-04907,2023-04-29,Central,Salon Wholesale,Blush Palette,51,620.0,7.8,284.52,Vikram N,2023,April,2,31620.0,2466.36,29153.64,14510.519999999999,14643.12,50.22741585613324
BT-01472,2023-04-30,West,General Trade,Vitamin C Face Serum 30ml,19,520.0,29.3,170.82,Nidhi C,2023,April,2,9880.0,2894.8399999999997,6985.16,3245.58,3739.58,53.53606789250354
BT-02155,2023-04-30,East,Modern Trade,Face Wash 100ml,19,220.0,6.2,70.31,Pooja N,2023,April,2,4180.0,259.16,3920.84,1335.89,2584.95,65.92847451056404
BT-02287,2023-04-30,West,Modern Trade,BB Cream 30ml,44,590.0,42.3,226.27,Priya S,2023,April,2,25960.0,10981.08,14978.92,9955.880000000001,5023.039999999999,33.53405986546426
BT-02530,2023-04-30,South,General Trade,Hair Oil 200ml,10,410.0,15.4,131.12,Anand V,2023,April,2,4100.0,631.4,3468.6,1311.2,2157.3999999999996,62.19800495877298
BT-02815,2023-04-30,West,Salon Wholesale,Micellar Cleansing Water,34,330.0,36.6,92.53,Priya S,2023,April,2,11220.0,4106.5199999999995,7113.4800000000005,3146.02,3967.4600000000005,55.77382659401587
BT-03191,2023-04-30,North,Online,Hair Oil 200ml,41,340.0,6.4,126.79,Rohit K,2023,April,2,13940.0,892.16,13047.84,5198.39,7849.45,60.15899949723479
BT-04330,2023-04-30,Central,Modern Trade,Micellar Cleansing Water,8,450.0,9.0,145.62,Suresh K,2023,April,2,3600.0,324.0,3276.0,1164.96,2111.04,64.43956043956044
BT-04383,2023-04-30,West,Online,Eyeshadow Palette 9-shade,16,600.0,31.4,255.6,Nidhi C,2023,April,2,9600.0,3014.4,6585.6,4089.6,2496.0000000000005,37.90087463556851
BT-04753,2023-04-30,West,Pharmacy,Face Wash 100ml,53,210.0,31.9,56.22,Rahul D,2023,April,2,11130.0,3550.4700000000003,7579.53,2979.66,4599.87,60.68806377176421
BT-00376,2023-05-01,West,Modern Trade,Blush Palette,24,530.0,25.7,248.52,Rahul D,2023,May,2,12720.0,3269.04,9450.96,5964.4800000000005,3486.4799999999987,36.89022067599481
BT-01633,2023-05-01,Central,Online,Compact Powder,32,470.0,12.8,167.88,Vikram N,2023,May,2,15040.0,1925.1200000000001,13114.88,5372.16,7742.719999999999,59.03767323833691
BT-01644,2023-05-01,East,Pharmacy,Perfume 100ml EDP,4,1250.0,15.5,580.38,Sneha B,2023,May,2,5000.0,775.0,4225.0,2321.52,1903.48,45.05278106508876
BT-01770,2023-05-01,North,Salon Wholesale,Mascara,10,330.0,9.1,121.14,Anjali M,2023,May,2,3300.0,300.3,2999.7,1211.4,1788.2999999999997,59.61596159615961
BT-01884,2023-05-01,South,Pharmacy,Hair Serum 100ml,33,480.0,17.7,179.18,Anand V,2023,May,2,15840.0,2803.68,13036.32,5912.9400000000005,7123.379999999999,54.64256784123126
BT-02479,2023-05-01,North,Salon Wholesale,Hydrating Moisturiser 50ml,6,580.0,5.2,206.48,Deepa S,2023,May,2,3480.0,180.96,3299.04,1238.8799999999999,2060.16,62.44725738396624
BT-02986,2023-05-01,East,Online,Hydrating Moisturiser 50ml,19,410.0,12.6,161.66,Pooja N,2023,May,2,7790.0,981.54,6808.46,3071.54,3736.92,54.88642071775409
BT-03651,2023-05-01,Central,Online,Vitamin C Face Serum 30ml,34,550.0,5.8,190.41,Sunita P,2023,May,2,18700.0,1084.6,17615.4,6473.94,11141.460000000003,63.24840764331211
BT-04399,2023-05-01,Central,Pharmacy,Lip Gloss,20,260.0,8.5,93.05,Vikram N,2023,May,2,5200.0,442.00000000000006,4758.0,1861.0,2897.0,60.8869272803699
BT-04723,2023-05-01,South,General Trade,Kajal Eye Pencil,39,220.0,21.2,76.45,Kiran T,2023,May,2,8580.0,1818.96,6761.04,2981.55,3779.49,55.901015228426395
BT-00254,2023-05-02,East,Modern Trade,Face Wash 100ml,8,230.0,10.6,60.49,Meena G,2023,May,2,1840.0,195.04,1644.96,483.92,1161.04,70.58165548098434
BT-00688,2023-05-02,South,Online,Blush Palette,44,520.0,15.7,202.85,Anand V,2023,May,2,22880.0,3592.16,19287.84,8925.4,10362.44,53.72524865407428
BT-01452,2023-05-02,West,Salon Wholesale,Nail Polish Set (12pc),50,620.0,34.7,259.97,Nidhi C,2023,May,2,31000.0,10757.000000000002,20243.0,12998.500000000002,7244.499999999998,35.78767969174528
BT-02158,2023-05-02,East,General Trade,Kajal Eye Pencil,6,220.0,12.4,67.32,Sneha B,2023,May,2,1320.0,163.68,1156.32,403.91999999999996,752.4,65.06849315068493
BT-02359,2023-05-02,North,Salon Wholesale,Matte Lipstick,37,410.0,7.0,130.67,Deepa S,2023,May,2,15170.0,1061.9,14108.1,4834.79,9273.310000000001,65.73039601363756
BT-02893,2023-05-02,Central,Pharmacy,Night Repair Cream 50ml,43,1190.0,10.1,415.79,Vikram N,2023,May,2,51170.0,5168.17,46001.83,17878.97,28122.86,61.13422009515709
BT-03363,2023-05-02,North,Online,Lip Gloss,45,220.0,8.3,68.86,Deepa S,2023,May,2,9900.0,821.7,9078.3,3098.7,5979.599999999999,65.8669574700109
BT-04101,2023-05-02,East,Pharmacy,Vitamin C Face Serum 30ml,50,660.0,13.8,200.38,Sneha B,2023,May,2,33000.0,4554.0,28446.0,10019.0,18427.0,64.77887928003938
BT-04421,2023-05-02,South,General Trade,Under Eye Cream 15ml,16,900.0,23.1,263.97,Priya R,2023,May,2,14400.0,3326.4,11073.6,4223.52,6850.08,61.8595578673602
BT-04682,2023-05-02,West,General Trade,Lip Gloss,16,190.0,28.8,66.78,Nidhi C,2023,May,2,3040.0,875.5200000000001,2164.48,1068.48,1096.0,50.635718509757545
BT-04819,2023-05-02,South,Pharmacy,Blush Palette,23,580.0,26.6,236.81,Kiran T,2023,May,2,13340.0,3548.44,9791.56,5446.63,4344.929999999999,44.37423658742835
BT-00306,2023-05-03,North,Pharmacy,Night Repair Cream 50ml,17,800.0,6.4,302.96,Anjali M,2023,May,2,13600.0,870.4,12729.6,5150.32,7579.280000000001,59.54059829059829
BT-00412,2023-05-03,West,Online,SPF 50 Sunscreen 100g,40,450.0,41.8,188.73,Nidhi C,2023,May,2,18000.0,7524.0,10476.0,7549.2,2926.8,27.938144329896907
BT-00428,2023-05-03,West,General Trade,Eyeshadow Palette 9-shade,26,920.0,24.3,424.95,Rahul D,2023,May,2,23920.0,5812.5599999999995,18107.440000000002,11048.699999999999,7058.740000000003,38.98253977370629
BT-00575,2023-05-03,North,Modern Trade,Micellar Cleansing Water,54,450.0,7.4,155.2,Rohit K,2023,May,2,24300.0,1798.2000000000003,22501.8,8380.8,14121.0,62.75497960163187
BT-00987,2023-05-03,Central,Salon Wholesale,Micellar Cleansing Water,19,350.0,9.1,107.52,Sunita P,2023,May,2,6650.0,605.15,6044.85,2042.8799999999999,4001.9700000000003,66.20462046204621
BT-01934,2023-05-03,South,General Trade,Lip Gloss,7,280.0,21.7,79.21,Anand V,2023,May,2,1960.0,425.32,1534.68,554.4699999999999,980.2100000000002,63.870644043057844
BT-02417,2023-05-03,West,Salon Wholesale,Matte Lipstick,57,400.0,36.1,138.96,Nidhi C,2023,May,2,22800.0,8230.8,14569.2,7920.72,6648.4800000000005,45.63380281690141
BT-02768,2023-05-03,East,Pharmacy,Perfume 100ml EDP,50,2190.0,16.4,920.02,Meena G,2023,May,2,109500.0,17957.999999999996,91542.0,46001.0,45541.0,49.74874920801381
BT-03052,2023-05-03,North,Pharmacy,BB Cream 30ml,31,420.0,12.8,174.85,Rohit K,2023,May,2,13020.0,1666.56,11353.44,5420.349999999999,5933.090000000001,52.258082131935346
BT-03596,2023-05-03,West,Pharmacy,Under Eye Cream 15ml,17,830.0,37.7,250.16,Priya S,2023,May,2,14110.0,5319.47,8790.529999999999,4252.72,4537.809999999999,51.621574580827314
BT-04442,2023-05-03,North,Pharmacy,Face Wash 100ml,26,280.0,9.5,74.9,Anjali M,2023,May,2,7280.0,691.6,6588.4,1947.4,4641.0,70.44198895027624
BT-04729,2023-05-03,South,Pharmacy,Eyeshadow Palette 9-shade,40,710.0,22.9,333.42,Kiran T,2023,May,2,28400.0,6503.599999999999,21896.4,13336.800000000001,8559.6,39.09135748342193
BT-04761,2023-05-03,West,Modern Trade,Micellar Cleansing Water,13,430.0,31.8,142.97,Priya S,2023,May,2,5590.0,1777.6200000000001,3812.38,1858.61,1953.7700000000002,51.24803928254792
BT-04817,2023-05-03,North,Salon Wholesale,BB Cream 30ml,47,600.0,11.1,209.58,Deepa S,2023,May,2,28200.0,3130.2,25069.8,9850.26,15219.539999999999,60.70866141732283
BT-00795,2023-05-04,Central,Pharmacy,Perfume 100ml EDP,29,2710.0,8.1,1348.77,Suresh K,2023,May,2,78590.0,6365.79,72224.21,39114.33,33109.880000000005,45.84318748519368
BT-00801,2023-05-04,Central,Online,Night Repair Cream 50ml,45,1070.0,10.7,442.87,Vikram N,2023,May,2,48150.0,5152.05,42997.95,19929.15,23068.799999999996,53.6509298699124
BT-00919,2023-05-04,North,Modern Trade,Micellar Cleansing Water,33,480.0,12.8,147.5,Rohit K,2023,May,2,15840.0,2027.52,13812.48,4867.5,8944.98,64.76012996941895
BT-00967,2023-05-04,Central,Online,Mascara,44,530.0,11.8,189.95,Vikram N,2023,May,2,23320.0,2751.76,20568.239999999998,8357.8,12210.439999999999,59.365507209172975
BT-01106,2023-05-04,South,Pharmacy,Under Eye Cream 15ml,30,700.0,22.8,230.86,Anand V,2023,May,2,21000.0,4788.0,16212.0,6925.8,9286.2,57.27979274611399
BT-01606,2023-05-04,North,Online,SPF 50 Sunscreen 100g,25,400.0,9.3,147.76,Anjali M,2023,May,2,10000.0,930.0000000000001,9070.0,3694.0,5376.0,59.2723263506064
BT-01679,2023-05-04,South,Online,Eyeshadow Palette 9-shade,55,850.0,22.6,397.12,Anand V,2023,May,2,46750.0,10565.5,36184.5,21841.6,14342.900000000001,39.63824289405685
BT-02234,2023-05-04,Central,Salon Wholesale,Under Eye Cream 15ml,4,860.0,9.7,299.97,Vikram N,2023,May,2,3440.0,333.67999999999995,3106.32,1199.88,1906.44,61.37294290349996
BT-02991,2023-05-04,South,General Trade,Perfume 100ml EDP,47,1430.0,23.4,692.98,Anand V,2023,May,2,67210.0,15727.14,51482.86,32570.06,18912.8,36.73610984315945
BT-03292,2023-05-04,Central,General Trade,Matte Lipstick,2,380.0,7.2,114.53,Vikram N,2023,May,2,760.0,54.720000000000006,705.28,229.06,476.21999999999997,67.52211887477314
BT-03459,2023-05-04,Central,General Trade,Perfume 100ml EDP,9,1440.0,6.2,746.78,Vikram N,2023,May,2,12960.0,803.52,12156.48,6721.0199999999995,5435.46,44.71244965647951
BT-03574,2023-05-04,South,Salon Wholesale,Under Eye Cream 15ml,54,860.0,26.7,317.43,Priya R,2023,May,2,46440.0,12399.480000000001,34040.52,17141.22,16899.299999999996,49.64465877724547
BT-04061,2023-05-04,North,Modern Trade,Hair Serum 100ml,9,680.0,6.4,292.26,Anjali M,2023,May,2,6120.0,391.68,5728.32,2630.34,3097.9799999999996,54.08182503770739
BT-04916,2023-05-04,East,Pharmacy,Matte Lipstick,50,460.0,6.8,150.28,Pooja N,2023,May,2,23000.0,1564.0,21436.0,7514.0,13922.0,64.94681843627542
BT-00278,2023-05-05,West,General Trade,Micellar Cleansing Water,49,300.0,31.8,104.16,Rahul D,2023,May,2,14700.0,4674.6,10025.4,5103.84,4921.5599999999995,49.090909090909086
BT-01349,2023-05-05,West,Pharmacy,Rose Water Toner 200ml,20,310.0,30.2,86.96,Rahul D,2023,May,2,6200.0,1872.3999999999999,4327.6,1739.1999999999998,2588.4000000000005,59.81144283205473
BT-01462,2023-05-05,West,Modern Trade,Night Repair Cream 50ml,6,1090.0,37.5,379.21,Rahul D,2023,May,2,6540.0,2452.5,4087.5,2275.2599999999998,1812.2400000000002,44.33614678899083
BT-01950,2023-05-05,Central,General Trade,Face Wash 100ml,40,290.0,7.3,85.93,Vikram N,2023,May,2,11600.0,846.8,10753.2,3437.2000000000003,7316.0,68.03556150727225
BT-03950,2023-05-05,Central,Modern Trade,Vitamin C Face Serum 30ml,51,630.0,10.4,200.09,Vikram N,2023,May,2,32130.0,3341.5200000000004,28788.48,10204.59,18583.89,64.5532171201814
BT-04552,2023-05-05,North,Salon Wholesale,Mascara,23,370.0,11.2,156.03,Anjali M,2023,May,2,8510.0,953.1199999999999,7556.88,3588.69,3968.19,52.51095690284879
BT-00483,2023-05-06,North,Online,Vitamin C Face Serum 30ml,31,650.0,10.9,220.28,Anjali M,2023,May,2,20150.0,2196.35,17953.65,6828.68,11124.970000000001,61.9649486316153
BT-00547,2023-05-06,Central,Pharmacy,Rose Water Toner 200ml,60,290.0,13.3,79.81,Suresh K,2023,May,2,17400.0,2314.2000000000003,15085.8,4788.6,10297.199999999999,68.25756671837091
BT-01824,2023-05-06,West,Pharmacy,Lip Gloss,39,330.0,24.5,102.76,Nidhi C,2023,May,2,12870.0,3153.15,9716.85,4007.6400000000003,5709.21,58.75576961669676
BT-01832,2023-05-06,North,Pharmacy,Hair Oil 200ml,20,410.0,5.7,161.38,Anjali M,2023,May,2,8200.0,467.40000000000003,7732.6,3227.6,4505.0,58.25983498435197
BT-02388,2023-05-06,Central,Pharmacy,Perfume 100ml EDP,10,1800.0,8.4,803.16,Sunita P,2023,May,2,18000.0,1512.0,16488.0,8031.599999999999,8456.400000000001,51.28820960698691
BT-02612,2023-05-06,East,Pharmacy,Face Wash 100ml,15,180.0,12.5,53.46,Sneha B,2023,May,2,2700.0,337.5,2362.5,801.9,1560.6,66.05714285714286
BT-02984,2023-05-06,North,Pharmacy,Mascara,39,400.0,13.0,156.04,Rohit K,2023,May,2,15600.0,2028.0,13572.0,6085.5599999999995,7486.4400000000005,55.16091954022989
BT-03231,2023-05-06,Central,Pharmacy,Night Repair Cream 50ml,24,810.0,9.7,260.9,Sunita P,2023,May,2,19440.0,1885.6799999999998,17554.32,6261.599999999999,11292.720000000001,64.33014779268011
BT-03376,2023-05-06,Central,General Trade,Micellar Cleansing Water,38,390.0,8.5,126.63,Sunita P,2023,May,2,14820.0,1259.7,13560.3,4811.94,8748.36,64.51450189155108
BT-04220,2023-05-06,Central,Online,Matte Lipstick,56,500.0,10.8,184.6,Vikram N,2023,May,2,28000.0,3024.0000000000005,24976.0,10337.6,14638.4,58.60986547085202
BT-04270,2023-05-06,South,Modern Trade,SPF 50 Sunscreen 100g,30,360.0,24.5,142.52,Anand V,2023,May,2,10800.0,2646.0,8154.0,4275.6,3878.3999999999996,47.56438557763061
BT-04598,2023-05-06,West,General Trade,Micellar Cleansing Water,23,280.0,32.2,91.56,Rahul D,2023,May,2,6440.0,2073.68,4366.32,2105.88,2260.4399999999996,51.76991150442477
BT-04961,2023-05-06,West,Salon Wholesale,Rose Water Toner 200ml,58,280.0,33.8,79.91,Rahul D,2023,May,2,16240.0,5489.12,10750.880000000001,4634.78,6116.100000000001,56.88929650410014
BT-00205,2023-05-07,West,Salon Wholesale,Night Repair Cream 50ml,33,770.0,37.6,303.0,Priya S,2023,May,2,25410.0,9554.16,15855.84,9999.0,5856.84,36.93806193806194
BT-00229,2023-05-07,Central,Salon Wholesale,Hair Serum 100ml,26,500.0,9.0,203.55,Suresh K,2023,May,2,13000.0,1170.0,11830.0,5292.3,6537.7,55.26373626373626
BT-00316,2023-05-07,West,Pharmacy,Micellar Cleansing Water,27,400.0,25.8,139.92,Rahul D,2023,May,2,10800.0,2786.4,8013.6,3777.8399999999997,4235.76,52.85714285714286
BT-00877,2023-05-07,Central,Modern Trade,Kajal Eye Pencil,4,140.0,9.2,36.83,Vikram N,2023,May,2,560.0,51.519999999999996,508.48,147.32,361.16,71.02737570799245
BT-01549,2023-05-07,South,General Trade,Lip Gloss,3,220.0,15.2,63.76,Anand V,2023,May,2,660.0,100.32,559.6800000000001,191.28,368.4000000000001,65.82332761578046
BT-02725,2023-05-07,West,General Trade,Perfume 100ml EDP,11,1830.0,31.5,807.58,Rahul D,2023,May,2,20130.0,6340.95,13789.05,8883.380000000001,4905.669999999998,35.57656256232299
BT-03448,2023-05-07,Central,Modern Trade,Micellar Cleansing Water,44,300.0,12.8,91.02,Suresh K,2023,May,2,13200.0,1689.6000000000001,11510.4,4004.8799999999997,7505.52,65.20642201834863
BT-03879,2023-05-07,North,Pharmacy,Face Wash 100ml,50,220.0,7.0,66.64,Deepa S,2023,May,2,11000.0,770.0000000000001,10230.0,3332.0,6898.0,67.42913000977518
BT-04047,2023-05-07,Central,Online,Vitamin C Face Serum 30ml,8,710.0,9.5,237.78,Suresh K,2023,May,2,5680.0,539.6,5140.4,1902.24,3238.16,62.994319508209486
BT-04324,2023-05-07,East,Salon Wholesale,SPF 50 Sunscreen 100g,24,560.0,11.7,230.61,Meena G,2023,May,2,13440.0,1572.48,11867.52,5534.64,6332.88,53.363128943536644
BT-04715,2023-05-07,West,Pharmacy,Lip Gloss,15,340.0,39.9,99.82,Priya S,2023,May,2,5100.0,2034.8999999999999,3065.1000000000004,1497.3,1567.8000000000004,51.15004404424
BT-04917,2023-05-07,East,Online,Hair Oil 200ml,57,230.0,8.6,72.96,Meena G,2023,May,2,13110.0,1127.4599999999998,11982.54,4158.719999999999,7823.8200000000015,65.29350204547617
BT-04991,2023-05-07,East,Modern Trade,Perfume 100ml EDP,30,2210.0,12.8,996.93,Pooja N,2023,May,2,66300.0,8486.4,57813.6,29907.899999999998,27905.7,48.26840051475777
BT-00060,2023-05-08,West,Modern Trade,Perfume 100ml EDP,34,2440.0,25.6,1215.12,Nidhi C,2023,May,2,82960.0,21237.760000000002,61722.24,41314.079999999994,20408.160000000003,33.06451612903227
BT-00135,2023-05-08,East,Pharmacy,Face Wash 100ml,29,230.0,10.0,66.77,Meena G,2023,May,2,6670.0,667.0,6003.0,1936.33,4066.67,67.743961352657
BT-00261,2023-05-08,West,General Trade,Mascara,13,470.0,43.8,166.24,Priya S,2023,May,2,6110.0,2676.18,3433.82,2161.12,1272.7000000000003,37.06367835238889
BT-00322,2023-05-08,East,Salon Wholesale,Face Wash 100ml,56,240.0,15.0,61.87,Sneha B,2023,May,2,13440.0,2016.0,11424.0,3464.72,7959.280000000001,69.67156862745098
BT-00544,2023-05-08,West,General Trade,Eyeshadow Palette 9-shade,2,740.0,22.4,313.09,Rahul D,2023,May,2,1480.0,331.52,1148.48,626.18,522.3000000000001,45.47750069657287
BT-00559,2023-05-08,South,Online,Blush Palette,60,750.0,15.7,313.58,Anand V,2023,May,2,45000.0,7065.0,37935.0,18814.8,19120.2,50.40253064452352
BT-00675,2023-05-08,South,Salon Wholesale,Compact Powder,18,440.0,12.4,153.03,Anand V,2023,May,2,7920.0,982.08,6937.92,2754.54,4183.38,60.29732254047323
BT-01133,2023-05-08,East,Online,Face Wash 100ml,37,310.0,12.5,82.24,Sneha B,2023,May,2,11470.0,1433.75,10036.25,3042.8799999999997,6993.370000000001,69.68110599078342
BT-01425,2023-05-08,Central,Modern Trade,Matte Lipstick,5,290.0,8.8,106.58,Vikram N,2023,May,2,1450.0,127.60000000000001,1322.4,532.9,789.5000000000001,59.7020568663037
BT-01621,2023-05-08,West,Online,Blush Palette,49,800.0,37.1,333.12,Nidhi C,2023,May,2,39200.0,14543.2,24656.8,16322.880000000001,8333.919999999998,33.79968203497615
BT-02796,2023-05-08,East,General Trade,SPF 50 Sunscreen 100g,49,500.0,12.9,196.25,Pooja N,2023,May,2,24500.0,3160.5,21339.5,9616.25,11723.25,54.936854190585535
BT-03287,2023-05-08,West,Salon Wholesale,Hydrating Moisturiser 50ml,27,560.0,29.1,168.34,Rahul D,2023,May,2,15120.0,4399.920000000001,10720.079999999998,4545.18,6174.899999999998,57.60124924440861
BT-03860,2023-05-08,West,Salon Wholesale,Rose Water Toner 200ml,28,300.0,30.4,67.62,Nidhi C,2023,May,2,8400.0,2553.6,5846.4,1893.3600000000001,3953.0399999999995,67.61494252873564
BT-03930,2023-05-08,East,Modern Trade,Compact Powder,60,290.0,13.9,97.85,Pooja N,2023,May,2,17400.0,2418.6000000000004,14981.4,5871.0,9110.4,60.811406143618086
BT-04210,2023-05-08,North,Pharmacy,Hair Serum 100ml,5,620.0,10.5,248.68,Deepa S,2023,May,2,3100.0,325.5,2774.5,1243.4,1531.1,55.184717967201294
BT-04388,2023-05-08,East,Pharmacy,Vitamin C Face Serum 30ml,11,550.0,7.5,185.68,Sneha B,2023,May,2,6050.0,453.75,5596.25,2042.48,3553.77,63.502702702702706
BT-04618,2023-05-08,North,Online,Micellar Cleansing Water,35,430.0,5.9,138.68,Anjali M,2023,May,2,15050.0,887.95,14162.05,4853.8,9308.25,65.72671329362628
BT-04839,2023-05-08,Central,General Trade,Eyeshadow Palette 9-shade,39,710.0,9.9,350.95,Sunita P,2023,May,2,27690.0,2741.31,24948.69,13687.05,11261.64,45.139203701677324
BT-00210,2023-05-09,East,Salon Wholesale,Face Wash 100ml,37,190.0,9.2,52.9,Meena G,2023,May,2,7030.0,646.76,6383.24,1957.3,4425.94,69.33688847669835
BT-00365,2023-05-09,East,Pharmacy,Lip Gloss,36,340.0,13.4,102.51,Sneha B,2023,May,2,12240.0,1640.16,10599.84,3690.36,6909.48,65.18475750577367
BT-00854,2023-05-09,Central,General Trade,Hair Oil 200ml,26,280.0,7.9,96.49,Sunita P,2023,May,2,7280.0,575.12,6704.88,2508.74,4196.14,62.58337211105941
BT-01562,2023-05-09,South,Pharmacy,Night Repair Cream 50ml,31,1090.0,19.9,366.57,Anand V,2023,May,2,33790.0,6724.209999999999,27065.79,11363.67,15702.12,58.01463766621998
BT-01955,2023-05-09,South,Online,Nail Polish Set (12pc),3,610.0,21.5,280.23,Kiran T,2023,May,2,1830.0,393.45,1436.55,840.69,595.8599999999999,41.47854234102537
BT-02087,2023-05-09,South,General Trade,Vitamin C Face Serum 30ml,5,760.0,19.8,216.22,Kiran T,2023,May,2,3800.0,752.4000000000001,3047.6,1081.1,1966.5,64.52618453865337
BT-02101,2023-05-09,Central,Salon Wholesale,Under Eye Cream 15ml,23,620.0,6.5,207.2,Suresh K,2023,May,2,14260.0,926.9,13333.1,4765.599999999999,8567.5,64.25737450405381
BT-03814,2023-05-09,Central,Pharmacy,Blush Palette,3,720.0,6.6,308.16,Vikram N,2023,May,2,2160.0,142.56,2017.44,924.48,1092.96,54.17558886509636
BT-04289,2023-05-09,West,Online,Perfume 100ml EDP,26,1870.0,36.7,795.12,Nidhi C,2023,May,2,48620.0,17843.54,30776.46,20673.12,10103.34,32.82814202803051
BT-00141,2023-05-10,South,Pharmacy,Matte Lipstick,12,360.0,23.0,140.58,Kiran T,2023,May,2,4320.0,993.6,3326.4,1686.96,1639.44,49.28571428571429
BT-00145,2023-05-10,Central,Online,Blush Palette,36,690.0,9.2,317.26,Suresh K,2023,May,2,24840.0,2285.2799999999997,22554.72,11421.36,11133.36,49.3615527038243
BT-00147,2023-05-10,Central,Pharmacy,Rose Water Toner 200ml,21,320.0,11.9,85.41,Sunita P,2023,May,2,6720.0,799.6800000000001,5920.32,1793.61,4126.71,69.70417139614075
BT-00192,2023-05-10,North,Online,Eyeshadow Palette 9-shade,19,730.0,6.6,297.47,Rohit K,2023,May,2,13870.0,915.4200000000001,12954.58,5651.93,7302.65,56.37118301017864
BT-00708,2023-05-10,North,Salon Wholesale,Lip Gloss,14,200.0,11.4,65.0,Deepa S,2023,May,2,2800.0,319.2,2480.8,910.0,1570.8000000000002,63.318284424379236
BT-01039,2023-05-10,West,General Trade,BB Cream 30ml,10,670.0,38.2,277.25,Rahul D,2023,May,2,6700.0,2559.4,4140.6,2772.5,1368.1000000000004,33.041105153842445
BT-01084,2023-05-10,East,Pharmacy,Hair Serum 100ml,3,440.0,7.4,175.43,Meena G,2023,May,2,1320.0,97.68,1222.32,526.29,696.03,56.943353622619284
BT-01523,2023-05-10,Central,Modern Trade,Blush Palette,7,560.0,11.9,214.98,Suresh K,2023,May,2,3920.0,466.48,3453.52,1504.86,1948.66,56.42532836062916
BT-02169,2023-05-10,East,Pharmacy,Under Eye Cream 15ml,34,750.0,9.8,280.43,Sneha B,2023,May,2,25500.0,2499.0,23001.0,9534.62,13466.38,58.54693274205469
BT-02292,2023-05-10,South,General Trade,BB Cream 30ml,22,630.0,21.9,247.09,Kiran T,2023,May,2,13860.0,3035.3399999999997,10824.66,5435.9800000000005,5388.679999999999,49.78151738715118
BT-02879,2023-05-10,South,Salon Wholesale,Night Repair Cream 50ml,24,1160.0,22.0,427.0,Priya R,2023,May,2,27840.0,6124.8,21715.2,10248.0,11467.2,52.807250221043326
BT-02973,2023-05-10,North,Online,Night Repair Cream 50ml,12,1140.0,10.5,398.32,Rohit K,2023,May,2,13680.0,1436.3999999999999,12243.6,4779.84,7463.76,60.9605018131922
BT-03087,2023-05-10,West,Modern Trade,Hydrating Moisturiser 50ml,48,350.0,28.1,114.98,Priya S,2023,May,2,16800.0,4720.8,12079.2,5519.04,6560.160000000001,54.30955692429963
BT-03159,2023-05-10,North,Online,Perfume 100ml EDP,59,1910.0,6.1,814.04,Deepa S,2023,May,2,112690.0,6874.09,105815.91,48028.36,57787.55,54.61140011932043
BT-03463,2023-05-10,Central,Online,SPF 50 Sunscreen 100g,16,450.0,11.9,200.66,Vikram N,2023,May,2,7200.0,856.8000000000001,6343.2,3210.56,3132.64,49.385798965821664
BT-03912,2023-05-10,South,Pharmacy,Rose Water Toner 200ml,6,360.0,25.5,86.22,Kiran T,2023,May,2,2160.0,550.8,1609.2,517.3199999999999,1091.88,67.85234899328859
BT-03989,2023-05-10,South,Modern Trade,Lip Gloss,43,220.0,18.7,71.37,Anand V,2023,May,2,9460.0,1769.02,7690.98,3068.9100000000003,4622.07,60.09728279100973
BT-04684,2023-05-10,East,Pharmacy,Nail Polish Set (12pc),40,410.0,13.5,172.65,Meena G,2023,May,2,16400.0,2214.0,14186.0,6906.0,7280.0,51.31820104328211
BT-04768,2023-05-10,South,Modern Trade,Face Wash 100ml,25,270.0,19.4,72.44,Kiran T,2023,May,2,6750.0,1309.4999999999998,5440.5,1811.0,3629.5,66.71261832552156
BT-00240,2023-05-11,West,Modern Trade,Micellar Cleansing Water,55,290.0,27.6,85.41,Nidhi C,2023,May,2,15950.0,4402.200000000001,11547.8,4697.55,6850.249999999999,59.32082301390741
BT-00363,2023-05-11,Central,Modern Trade,Kajal Eye Pencil,24,140.0,8.6,46.73,Vikram N,2023,May,2,3360.0,288.96,3071.04,1121.52,1949.52,63.480775242263206
BT-00812,2023-05-11,Central,General Trade,Kajal Eye Pencil,47,210.0,12.5,57.96,Vikram N,2023,May,2,9870.0,1233.75,8636.25,2724.12,5912.13,68.45714285714286
BT-00962,2023-05-11,North,Modern Trade,Hair Oil 200ml,30,380.0,12.8,147.52,Anjali M,2023,May,2,11400.0,1459.2,9940.8,4425.6,5515.199999999999,55.48044422984065
BT-01275,2023-05-11,West,Online,SPF 50 Sunscreen 100g,8,330.0,25.7,120.15,Rahul D,2023,May,2,2640.0,678.48,1961.52,961.2,1000.3199999999999,50.997185855866874
BT-02114,2023-05-11,Central,Modern Trade,SPF 50 Sunscreen 100g,60,380.0,7.7,157.89,Suresh K,2023,May,2,22800.0,1755.6,21044.4,9473.4,11571.000000000002,54.983748645720475
BT-02635,2023-05-11,East,General Trade,Rose Water Toner 200ml,54,330.0,11.5,72.67,Pooja N,2023,May,2,17820.0,2049.3,15770.7,3924.1800000000003,11846.52,75.11727443930833
BT-02883,2023-05-11,East,Pharmacy,Kajal Eye Pencil,32,140.0,15.3,45.98,Sneha B,2023,May,2,4480.0,685.4399999999999,3794.56,1471.36,2323.2,61.224489795918366
BT-03697,2023-05-11,North,Modern Trade,Face Wash 100ml,27,280.0,13.4,87.25,Anjali M,2023,May,2,7560.0,1013.0400000000001,6546.96,2355.75,4191.21,64.01765094028373
BT-03887,2023-05-11,East,Salon Wholesale,Vitamin C Face Serum 30ml,55,670.0,8.2,210.58,Sneha B,2023,May,2,36850.0,3021.7,33828.3,11581.900000000001,22246.4,65.76268981887947
BT-03925,2023-05-11,South,General Trade,BB Cream 30ml,25,680.0,16.0,225.9,Anand V,2023,May,2,17000.0,2720.0,14280.0,5647.5,8632.5,60.45168067226891
BT-03959,2023-05-11,West,Modern Trade,Micellar Cleansing Water,6,360.0,30.6,107.35,Priya S,2023,May,2,2160.0,660.96,1499.04,644.0999999999999,854.94,57.03250080051233
BT-04053,2023-05-11,Central,Pharmacy,Hair Serum 100ml,7,510.0,9.8,200.89,Vikram N,2023,May,2,3570.0,349.86,3220.14,1406.23,1813.9099999999999,56.330159558280066
BT-04402,2023-05-11,North,Modern Trade,Blush Palette,7,720.0,6.0,301.32,Deepa S,2023,May,2,5040.0,302.4,4737.6,2109.24,2628.3600000000006,55.47872340425533
BT-04762,2023-05-11,East,Pharmacy,SPF 50 Sunscreen 100g,45,520.0,9.3,225.21,Meena G,2023,May,2,23400.0,2176.2000000000003,21223.8,10134.45,11089.349999999999,52.24959715036892
BT-04827,2023-05-11,North,Pharmacy,Rose Water Toner 200ml,34,250.0,11.6,57.62,Deepa S,2023,May,2,8500.0,985.9999999999999,7514.0,1959.08,5554.92,73.92760180995475
BT-00291,2023-05-12,West,Online,Vitamin C Face Serum 30ml,38,750.0,32.8,242.18,Priya S,2023,May,2,28500.0,9347.999999999998,19152.0,9202.84,9949.16,51.948412698412696
BT-01164,2023-05-12,South,Salon Wholesale,Rose Water Toner 200ml,12,340.0,21.3,93.4,Anand V,2023,May,2,4080.0,869.04,3210.96,1120.8000000000002,2090.16,65.09455116226923
BT-01320,2023-05-12,West,Modern Trade,Matte Lipstick,44,450.0,30.8,154.98,Rahul D,2023,May,2,19800.0,6098.4,13701.6,6819.12,6882.4800000000005,50.23121387283237
BT-01589,2023-05-12,East,Online,Kajal Eye Pencil,43,160.0,15.6,43.55,Meena G,2023,May,2,6880.0,1073.28,5806.72,1872.6499999999999,3934.0700000000006,67.75029620853081
BT-02250,2023-05-12,Central,Salon Wholesale,Kajal Eye Pencil,27,230.0,12.4,65.66,Suresh K,2023,May,2,6210.0,770.04,5439.96,1772.82,3667.1400000000003,67.41115743498115
BT-02691,2023-05-12,Central,Pharmacy,Hair Serum 100ml,38,610.0,9.9,214.54,Vikram N,2023,May,2,23180.0,2294.82,20885.18,8152.5199999999995,12732.66,60.965047943086915
BT-03212,2023-05-12,South,General Trade,Mascara,54,400.0,27.8,142.28,Priya R,2023,May,2,21600.0,6004.8,15595.2,7683.12,7912.080000000001,50.73407202216067
BT-03330,2023-05-12,West,Salon Wholesale,Lip Gloss,7,190.0,29.5,56.73,Priya S,2023,May,2,1330.0,392.34999999999997,937.6500000000001,397.10999999999996,540.5400000000002,57.648376259798454
BT-03365,2023-05-12,South,General Trade,SPF 50 Sunscreen 100g,24,570.0,26.8,208.62,Priya R,2023,May,2,13680.0,3666.2400000000002,10013.76,5006.88,5006.88,50.0
BT-03682,2023-05-12,Central,Pharmacy,Under Eye Cream 15ml,12,850.0,8.0,297.75,Vikram N,2023,May,2,10200.0,816.0,9384.0,3573.0,5811.0,61.92455242966752
BT-03715,2023-05-12,South,General Trade,Vitamin C Face Serum 30ml,31,740.0,15.4,246.94,Kiran T,2023,May,2,22940.0,3532.7599999999998,19407.24,7655.14,11752.100000000002,60.55523608715099
BT-03928,2023-05-12,East,General Trade,Hair Serum 100ml,59,490.0,5.2,178.85,Pooja N,2023,May,2,28910.0,1503.3200000000002,27406.68,10552.15,16854.53,61.49789029535865
BT-03995,2023-05-12,North,Pharmacy,Perfume 100ml EDP,53,2170.0,9.2,1061.78,Deepa S,2023,May,2,115010.0,10580.92,104429.08,56274.34,48154.740000000005,46.112385553908936
BT-04073,2023-05-12,Central,General Trade,Eyeshadow Palette 9-shade,14,790.0,10.5,387.81,Sunita P,2023,May,2,11060.0,1161.3,9898.7,5429.34,4469.360000000001,45.15097942154021
BT-04154,2023-05-12,North,Pharmacy,Night Repair Cream 50ml,8,1120.0,8.3,442.62,Deepa S,2023,May,2,8960.0,743.6800000000001,8216.32,3540.96,4675.36,56.90333385262502
BT-04693,2023-05-12,West,Modern Trade,Blush Palette,52,800.0,29.9,306.72,Rahul D,2023,May,2,41600.0,12438.4,29161.6,15949.440000000002,13212.159999999996,45.30670470756062
BT-04925,2023-05-12,East,Modern Trade,Matte Lipstick,25,340.0,7.2,113.15,Pooja N,2023,May,2,8500.0,612.0000000000001,7888.0,2828.75,5059.25,64.1385649087221
BT-04978,2023-05-12,Central,Modern Trade,Nail Polish Set (12pc),9,460.0,9.8,201.71,Suresh K,2023,May,2,4140.0,405.72,3734.2799999999997,1815.39,1918.8899999999996,51.38580931263858
BT-00498,2023-05-13,West,Online,Blush Palette,30,740.0,22.7,342.4,Rahul D,2023,May,2,22200.0,5039.4,17160.6,10272.0,6888.5999999999985,40.14195307856368
BT-00681,2023-05-13,West,Modern Trade,Mascara,12,460.0,26.2,175.63,Nidhi C,2023,May,2,5520.0,1446.24,4073.76,2107.56,1966.2000000000003,48.264993519500415
BT-00742,2023-05-13,Central,Salon Wholesale,Night Repair Cream 50ml,16,770.0,9.6,259.11,Sunita P,2023,May,2,12320.0,1182.72,11137.28,4145.76,6991.52,62.775830364325934
BT-00991,2023-05-13,West,Pharmacy,Hydrating Moisturiser 50ml,25,450.0,31.3,135.09,Priya S,2023,May,2,11250.0,3521.25,7728.75,3377.25,4351.5,56.30276564774381
BT-01303,2023-05-13,East,General Trade,Micellar Cleansing Water,31,350.0,7.9,123.52,Sneha B,2023,May,2,10850.0,857.15,9992.85,3829.12,6163.7300000000005,61.681402202574844
BT-01586,2023-05-13,North,Modern Trade,Night Repair Cream 50ml,20,730.0,5.5,261.85,Deepa S,2023,May,2,14600.0,803.0,13797.0,5237.0,8560.0,62.042473001377104
BT-02093,2023-05-13,Central,Modern Trade,Hydrating Moisturiser 50ml,50,450.0,6.7,136.03,Vikram N,2023,May,2,22500.0,1507.5,20992.5,6801.5,14191.0,67.60033345242348
BT-02173,2023-05-13,North,Pharmacy,Vitamin C Face Serum 30ml,30,650.0,5.1,197.8,Anjali M,2023,May,2,19500.0,994.4999999999999,18505.5,5934.0,12571.5,67.93385750182378
BT-02235,2023-05-13,North,Online,Blush Palette,24,490.0,8.2,199.09,Rohit K,2023,May,2,11760.0,964.3199999999998,10795.68,4778.16,6017.52,55.7400738073007
BT-03493,2023-05-13,Central,General Trade,Vitamin C Face Serum 30ml,34,760.0,10.8,229.52,Vikram N,2023,May,2,25840.0,2790.7200000000003,23049.28,7803.68,15245.599999999999,66.14349775784754
BT-03694,2023-05-13,South,General Trade,Hydrating Moisturiser 50ml,42,530.0,30.2,179.62,Priya R,2023,May,2,22260.0,6722.5199999999995,15537.48,7544.04,7993.44,51.446180461696486
BT-03711,2023-05-13,East,Online,Mascara,58,540.0,8.6,218.86,Sneha B,2023,May,2,31320.0,2693.52,28626.48,12693.880000000001,15932.599999999999,55.65686036145554
BT-03965,2023-05-13,West,Pharmacy,SPF 50 Sunscreen 100g,28,510.0,40.2,190.13,Nidhi C,2023,May,2,14280.0,5740.56,8539.439999999999,5323.639999999999,3215.7999999999993,37.65820709554725
BT-04255,2023-05-13,North,Modern Trade,Rose Water Toner 200ml,41,310.0,9.5,76.07,Deepa S,2023,May,2,12710.0,1207.45,11502.55,3118.87,8383.68,72.88540367135984
BT-04339,2023-05-13,East,Salon Wholesale,Eyeshadow Palette 9-shade,56,640.0,13.3,263.87,Pooja N,2023,May,2,35840.0,4766.72,31073.28,14776.720000000001,16296.559999999998,52.445573817762394
BT-04659,2023-05-13,North,Online,Hydrating Moisturiser 50ml,8,580.0,10.9,209.5,Anjali M,2023,May,2,4640.0,505.76,4134.24,1676.0,2458.24,59.46050543751693
BT-01830,2023-05-14,East,General Trade,Under Eye Cream 15ml,28,900.0,9.5,275.58,Sneha B,2023,May,2,25200.0,2394.0,22806.0,7716.24,15089.76,66.1657458563536
BT-01971,2023-05-14,North,Modern Trade,Face Wash 100ml,13,240.0,11.5,69.94,Rohit K,2023,May,2,3120.0,358.8,2761.2,909.22,1851.9799999999998,67.07156308851225
BT-02159,2023-05-14,Central,Pharmacy,Mascara,36,360.0,13.3,147.06,Suresh K,2023,May,2,12960.0,1723.68,11236.32,5294.16,5942.16,52.88350634371396
BT-02225,2023-05-14,South,Salon Wholesale,Hair Oil 200ml,2,240.0,19.7,91.85,Kiran T,2023,May,2,480.0,94.55999999999999,385.44,183.7,201.74,52.340182648401836
BT-02421,2023-05-14,Central,Online,Hair Serum 100ml,54,450.0,5.6,165.28,Vikram N,2023,May,2,24300.0,1360.8,22939.2,8925.12,14014.08,61.09227871939736
BT-03038,2023-05-14,South,General Trade,Mascara,29,580.0,19.7,203.64,Anand V,2023,May,2,16820.0,3313.5399999999995,13506.460000000001,5905.5599999999995,7600.9000000000015,56.27603383862242
BT-03273,2023-05-14,South,General Trade,Under Eye Cream 15ml,42,600.0,25.3,206.4,Kiran T,2023,May,2,25200.0,6375.6,18824.4,8668.800000000001,10155.6,53.949129852744306
BT-03321,2023-05-14,West,Salon Wholesale,BB Cream 30ml,43,620.0,33.1,258.79,Nidhi C,2023,May,2,26660.0,8824.460000000001,17835.54,11127.970000000001,6707.57,37.607888519215
BT-03929,2023-05-14,South,Salon Wholesale,Hydrating Moisturiser 50ml,26,490.0,21.3,149.25,Priya R,2023,May,2,12740.0,2713.62,10026.380000000001,3880.5,6145.880000000001,61.29709825480383
BT-03968,2023-05-14,North,Modern Trade,Hair Serum 100ml,40,420.0,8.6,176.06,Deepa S,2023,May,2,16800.0,1444.8,15355.2,7042.4,8312.800000000001,54.13670938835053
BT-00176,2023-05-15,North,General Trade,Compact Powder,29,460.0,9.5,155.43,Anjali M,2023,May,2,13340.0,1267.3,12072.7,4507.47,7565.2300000000005,62.66394427095844
BT-00397,2023-05-15,South,Online,Vitamin C Face Serum 30ml,47,610.0,18.0,180.74,Kiran T,2023,May,2,28670.0,5160.599999999999,23509.4,8494.78,15014.62,63.86645341863255
BT-00828,2023-05-15,South,Modern Trade,Vitamin C Face Serum 30ml,17,700.0,22.9,237.79,Anand V,2023,May,2,11900.0,2725.1,9174.9,4042.43,5132.469999999999,55.94033722438391
BT-01121,2023-05-15,South,Pharmacy,Lip Gloss,10,220.0,22.6,76.21,Anand V,2023,May,2,2200.0,497.2,1702.8,762.0999999999999,940.7,55.244303500117454
BT-01234,2023-05-15,West,Salon Wholesale,BB Cream 30ml,29,640.0,41.4,227.84,Priya S,2023,May,2,18560.0,7683.839999999999,10876.16,6607.36,4268.8,39.249146757679185
BT-01381,2023-05-15,West,Modern Trade,Under Eye Cream 15ml,42,870.0,32.6,321.99,Priya S,2023,May,2,36540.0,11912.04,24627.96,13523.58,11104.38,45.08850915788397
BT-01671,2023-05-15,Central,General Trade,SPF 50 Sunscreen 100g,44,380.0,4.8,144.36,Sunita P,2023,May,2,16720.0,802.5600000000001,15917.44,6351.84,9565.6,60.09509066784609
BT-01792,2023-05-15,Central,Pharmacy,Nail Polish Set (12pc),39,660.0,6.5,280.37,Sunita P,2023,May,2,25740.0,1673.1000000000001,24066.9,10934.43,13132.470000000001,54.56652082320532
BT-03211,2023-05-15,North,Pharmacy,Kajal Eye Pencil,45,150.0,11.2,42.49,Deepa S,2023,May,2,6750.0,755.9999999999999,5994.0,1912.0500000000002,4081.95,68.1006006006006
BT-03422,2023-05-15,East,Salon Wholesale,Hair Oil 200ml,17,230.0,15.9,84.71,Meena G,2023,May,2,3910.0,621.69,3288.31,1440.07,1848.24,56.206379568836276
BT-03642,2023-05-15,South,Pharmacy,BB Cream 30ml,18,670.0,26.6,221.23,Priya R,2023,May,2,12060.0,3207.96,8852.04,3982.14,4869.9000000000015,55.014437350034584
BT-03739,2023-05-15,East,General Trade,Kajal Eye Pencil,4,210.0,13.9,70.92,Meena G,2023,May,2,840.0,116.76,723.24,283.68,439.56,60.77650572424091
BT-04119,2023-05-15,East,Online,Lip Gloss,41,260.0,7.3,88.45,Meena G,2023,May,2,10660.0,778.18,9881.82,3626.4500000000003,6255.369999999999,63.301800680441445
BT-04156,2023-05-15,Central,Modern Trade,SPF 50 Sunscreen 100g,18,470.0,7.6,187.15,Vikram N,2023,May,2,8460.0,642.96,7817.04,3368.7000000000003,4448.34,56.90568296951276
BT-04621,2023-05-15,West,Modern Trade,Eyeshadow Palette 9-shade,28,880.0,26.4,403.83,Nidhi C,2023,May,2,24640.0,6504.96,18135.04,11307.24,6827.800000000001,37.64976531620554
BT-04814,2023-05-15,Central,Pharmacy,Hydrating Moisturiser 50ml,17,380.0,13.4,119.81,Suresh K,2023,May,2,6460.0,865.6400000000001,5594.36,2036.77,3557.5899999999997,63.59243952838215
BT-01540,2023-05-16,West,Salon Wholesale,Under Eye Cream 15ml,44,580.0,31.5,209.44,Nidhi C,2023,May,2,25520.0,8038.8,17481.2,9215.36,8265.84,47.28416813491065
BT-02228,2023-05-16,North,General Trade,Hydrating Moisturiser 50ml,58,600.0,8.9,213.36,Deepa S,2023,May,2,34800.0,3097.2000000000003,31702.8,12374.880000000001,19327.92,60.96597145993413
BT-03488,2023-05-16,Central,Salon Wholesale,BB Cream 30ml,30,460.0,8.8,193.15,Vikram N,2023,May,2,13800.0,1214.4,12585.6,5794.5,6791.1,53.95928680396644
BT-03863,2023-05-16,East,Online,Vitamin C Face Serum 30ml,5,710.0,12.3,207.11,Pooja N,2023,May,2,3550.0,436.65000000000003,3113.35,1035.5500000000002,2077.7999999999997,66.73840075802592
BT-04042,2023-05-16,East,General Trade,Perfume 100ml EDP,19,1780.0,16.9,911.36,Meena G,2023,May,2,33820.0,5715.579999999999,28104.420000000002,17315.84,10788.580000000002,38.38748495788207
BT-04153,2023-05-16,North,Online,Perfume 100ml EDP,31,1980.0,10.3,921.89,Anjali M,2023,May,2,61380.0,6322.14,55057.86,28578.59,26479.27,48.09353287614157
BT-04207,2023-05-16,West,Pharmacy,Hydrating Moisturiser 50ml,31,580.0,26.8,223.36,Nidhi C,2023,May,2,17980.0,4818.64,13161.36,6924.160000000001,6237.2,47.39023930657621
BT-04815,2023-05-16,North,Salon Wholesale,Hair Serum 100ml,58,500.0,13.4,189.45,Anjali M,2023,May,2,29000.0,3886.0000000000005,25114.0,10988.099999999999,14125.900000000001,56.247113163972294
BT-00251,2023-05-17,Central,Modern Trade,SPF 50 Sunscreen 100g,28,430.0,5.2,162.15,Sunita P,2023,May,2,12040.0,626.08,11413.92,4540.2,6873.72,60.222254930821315
BT-00274,2023-05-17,North,Pharmacy,Rose Water Toner 200ml,60,330.0,6.2,86.92,Deepa S,2023,May,2,19800.0,1227.6,18572.4,5215.2,13357.2,71.91962266589132
BT-00619,2023-05-17,North,General Trade,Under Eye Cream 15ml,25,650.0,10.6,207.61,Anjali M,2023,May,2,16250.0,1722.5,14527.5,5190.25,9337.25,64.27293064876957
BT-00689,2023-05-17,South,Online,Micellar Cleansing Water,5,470.0,13.1,142.13,Anand V,2023,May,2,2350.0,307.85,2042.15,710.65,1331.5,65.2008912175893
BT-00706,2023-05-17,East,Modern Trade,Compact Powder,44,410.0,8.4,139.44,Meena G,2023,May,2,18040.0,1515.3600000000001,16524.64,6135.36,10389.279999999999,62.871445308339545
BT-01136,2023-05-17,North,Modern Trade,Kajal Eye Pencil,58,210.0,9.1,68.08,Rohit K,2023,May,2,12180.0,1108.3799999999999,11071.62,3948.64,7122.980000000001,64.33548116716435
BT-01199,2023-05-17,West,Modern Trade,Compact Powder,51,430.0,33.4,168.95,Priya S,2023,May,2,21930.0,7324.619999999999,14605.380000000001,8616.449999999999,5988.930000000002,41.004958446818925
BT-01382,2023-05-17,South,General Trade,Face Wash 100ml,17,250.0,25.2,77.08,Priya R,2023,May,2,4250.0,1071.0,3179.0,1310.36,1868.64,58.78074866310161
BT-01569,2023-05-17,West,Salon Wholesale,SPF 50 Sunscreen 100g,29,430.0,30.7,152.69,Priya S,2023,May,2,12470.0,3828.29,8641.71,4428.01,4213.699999999999,48.76002550421154
BT-01658,2023-05-17,West,General Trade,Perfume 100ml EDP,40,2610.0,42.6,1079.76,Priya S,2023,May,2,104400.0,44474.4,59925.6,43190.4,16735.199999999997,27.926629019984777
BT-01677,2023-05-17,North,Salon Wholesale,Matte Lipstick,49,300.0,13.8,107.52,Anjali M,2023,May,2,14700.0,2028.6000000000001,12671.4,5268.48,7402.92,58.422273781902554
BT-02100,2023-05-17,South,Salon Wholesale,Rose Water Toner 200ml,26,290.0,14.2,66.93,Anand V,2023,May,2,7540.0,1070.6799999999998,6469.32,1740.1800000000003,4729.139999999999,73.10103689414034
BT-02868,2023-05-17,Central,Pharmacy,Mascara,8,440.0,7.1,183.92,Vikram N,2023,May,2,3520.0,249.92,3270.08,1471.36,1798.72,55.00538213132401
BT-03379,2023-05-17,North,Modern Trade,Face Wash 100ml,12,240.0,14.5,78.5,Rohit K,2023,May,2,2880.0,417.59999999999997,2462.4,942.0,1520.4,61.74463937621832
BT-03527,2023-05-17,East,Salon Wholesale,Lip Gloss,27,190.0,13.5,56.75,Meena G,2023,May,2,5130.0,692.5500000000001,4437.45,1532.25,2905.2,65.4700334651658
BT-03864,2023-05-17,Central,Online,BB Cream 30ml,55,470.0,12.6,175.73,Suresh K,2023,May,2,25850.0,3257.1,22592.9,9665.15,12927.750000000002,57.22040995179902
BT-04092,2023-05-17,West,General Trade,Face Wash 100ml,38,290.0,33.8,95.58,Nidhi C,2023,May,2,11020.0,3724.7599999999998,7295.24,3632.04,3663.2,50.21356391290759
BT-04196,2023-05-17,West,Pharmacy,Night Repair Cream 50ml,55,990.0,31.9,390.56,Rahul D,2023,May,2,54450.0,17369.55,37080.45,21480.8,15599.649999999998,42.06974295080022
BT-04506,2023-05-17,Central,Pharmacy,Compact Powder,49,480.0,7.2,161.9,Vikram N,2023,May,2,23520.0,1693.4400000000003,21826.56,7933.1,13893.460000000001,63.65391522988506
BT-00058,2023-05-18,North,Modern Trade,Night Repair Cream 50ml,30,680.0,8.3,239.97,Anjali M,2023,May,2,20400.0,1693.2,18706.8,7199.1,11507.699999999999,61.51613317082558
BT-01124,2023-05-18,Central,Online,Compact Powder,19,380.0,6.1,149.45,Suresh K,2023,May,2,7220.0,440.42,6779.58,2839.5499999999997,3940.03,58.11613698783701
BT-01319,2023-05-18,East,Salon Wholesale,Mascara,35,510.0,12.8,225.06,Sneha B,2023,May,2,17850.0,2284.8,15565.2,7877.1,7688.1,49.3928764166217
BT-01745,2023-05-18,North,Salon Wholesale,Mascara,43,460.0,11.4,206.26,Rohit K,2023,May,2,19780.0,2254.92,17525.08,8869.18,8655.900000000001,49.39150063794288
BT-02429,2023-05-18,South,General Trade,Hydrating Moisturiser 50ml,46,380.0,19.9,125.06,Anand V,2023,May,2,17480.0,3478.5199999999995,14001.48,5752.76,8248.72,58.91320060450752
BT-02756,2023-05-18,North,General Trade,Blush Palette,37,760.0,13.6,349.83,Rohit K,2023,May,2,28120.0,3824.32,24295.68,12943.71,11351.970000000001,46.724232456140356
BT-03295,2023-05-18,Central,Salon Wholesale,BB Cream 30ml,36,460.0,7.0,172.64,Suresh K,2023,May,2,16560.0,1159.2,15400.8,6215.039999999999,9185.76,59.64469378214119
BT-03828,2023-05-18,East,Pharmacy,Night Repair Cream 50ml,2,1100.0,14.4,359.04,Meena G,2023,May,2,2200.0,316.8,1883.2,718.08,1165.12,61.86915887850467
BT-04487,2023-05-18,South,Modern Trade,Blush Palette,25,490.0,26.4,221.97,Priya R,2023,May,2,12250.0,3234.0,9016.0,5549.25,3466.75,38.45108695652174
BT-00053,2023-05-19,West,Modern Trade,Blush Palette,24,750.0,41.9,287.77,Nidhi C,2023,May,2,18000.0,7542.0,10458.0,6906.48,3551.5200000000004,33.95983935742972
BT-00317,2023-05-19,North,Pharmacy,Blush Palette,49,740.0,8.5,329.89,Anjali M,2023,May,2,36260.0,3082.1000000000004,33177.9,16164.609999999999,17013.29,51.27898390193473
BT-00831,2023-05-19,East,Pharmacy,Compact Powder,52,370.0,15.3,117.03,Sneha B,2023,May,2,19240.0,2943.72,16296.28,6085.56,10210.720000000001,62.65675356584448
BT-01330,2023-05-19,South,Salon Wholesale,Face Wash 100ml,60,290.0,18.6,76.33,Anand V,2023,May,2,17400.0,3236.4000000000005,14163.599999999999,4579.8,9583.8,67.66500042362111
BT-01990,2023-05-19,West,Pharmacy,Hair Oil 200ml,38,270.0,43.4,89.1,Priya S,2023,May,2,10260.0,4452.84,5807.16,3385.7999999999997,2421.36,41.69611307420495
BT-02804,2023-05-19,West,Modern Trade,Compact Powder,28,370.0,23.3,138.27,Rahul D,2023,May,2,10360.0,2413.88,7946.12,3871.5600000000004,4074.5599999999995,51.27735297226822
BT-02899,2023-05-19,West,Modern Trade,Matte Lipstick,5,320.0,25.9,111.52,Nidhi C,2023,May,2,1600.0,414.40000000000003,1185.6,557.6,627.9999999999999,52.9689608636977
BT-03629,2023-05-19,North,Pharmacy,Lip Gloss,16,290.0,4.5,100.8,Deepa S,2023,May,2,4640.0,208.79999999999998,4431.2,1612.8,2818.3999999999996,63.60353854486369
BT-04109,2023-05-19,North,General Trade,Blush Palette,50,600.0,11.4,267.12,Anjali M,2023,May,2,30000.0,3420.0,26580.0,13356.0,13224.0,49.75169300225733
BT-04273,2023-05-19,East,Salon Wholesale,Face Wash 100ml,29,240.0,10.5,78.72,Pooja N,2023,May,2,6960.0,730.8,6229.2,2282.88,3946.3199999999997,63.351955307262564
BT-04373,2023-05-19,Central,Online,Hydrating Moisturiser 50ml,35,430.0,9.9,162.45,Suresh K,2023,May,2,15050.0,1489.95,13560.05,5685.75,7874.299999999999,58.06984487520326
BT-04418,2023-05-19,Central,Modern Trade,Lip Gloss,44,180.0,11.7,54.83,Sunita P,2023,May,2,7920.0,926.64,6993.36,2412.52,4580.84,65.50270542343023
BT-04431,2023-05-19,East,Modern Trade,Under Eye Cream 15ml,3,690.0,11.6,254.06,Meena G,2023,May,2,2070.0,240.11999999999998,1829.88,762.1800000000001,1067.7,58.348088399239295
BT-04544,2023-05-19,West,Pharmacy,Hair Serum 100ml,26,570.0,29.5,234.84,Priya S,2023,May,2,14820.0,4371.9,10448.1,6105.84,4342.26,41.56028368794326
BT-04620,2023-05-19,East,General Trade,Rose Water Toner 200ml,31,280.0,8.3,73.08,Sneha B,2023,May,2,8680.0,720.44,7959.5599999999995,2265.48,5694.08,71.53762268266085
BT-00047,2023-05-20,South,General Trade,Kajal Eye Pencil,4,230.0,20.5,74.89,Priya R,2023,May,2,920.0,188.6,731.4,299.56,431.84,59.04293136450642
BT-00108,2023-05-20,North,General Trade,Eyeshadow Palette 9-shade,23,960.0,11.6,409.15,Rohit K,2023,May,2,22080.0,2561.2799999999997,19518.72,9410.449999999999,10108.270000000002,51.78756598793365
BT-00211,2023-05-20,West,Pharmacy,Lip Gloss,57,260.0,39.5,86.42,Rahul D,2023,May,2,14820.0,5853.900000000001,8966.099999999999,4925.9400000000005,4040.159999999998,45.06039415130323
BT-00408,2023-05-20,South,Online,BB Cream 30ml,47,470.0,15.4,153.64,Anand V,2023,May,2,22090.0,3401.86,18688.14,7221.079999999999,11467.060000000001,61.36009255067654
BT-01551,2023-05-20,South,General Trade,Nail Polish Set (12pc),10,480.0,21.5,211.49,Priya R,2023,May,2,4800.0,1032.0,3768.0,2114.9,1653.1,43.87208067940552
BT-01895,2023-05-20,Central,General Trade,Vitamin C Face Serum 30ml,31,540.0,6.0,187.38,Vikram N,2023,May,2,16740.0,1004.4,15735.6,5808.78,9926.82,63.085106382978715
BT-02024,2023-05-20,East,Salon Wholesale,Compact Powder,59,460.0,13.0,182.44,Sneha B,2023,May,2,27140.0,3528.2000000000003,23611.8,10763.96,12847.84,54.41279360319841
BT-02245,2023-05-20,West,Modern Trade,Hydrating Moisturiser 50ml,16,370.0,29.1,139.79,Priya S,2023,May,2,5920.0,1722.7200000000003,4197.28,2236.64,1960.6399999999999,46.71215644417337
BT-02426,2023-05-20,South,Modern Trade,Hair Serum 100ml,2,650.0,22.2,258.76,Anand V,2023,May,2,1300.0,288.6,1011.4,517.52,493.88,48.831322918726514
BT-02654,2023-05-20,West,Pharmacy,Nail Polish Set (12pc),57,610.0,35.3,268.1,Priya S,2023,May,2,34770.0,12273.81,22496.190000000002,15281.7,7214.490000000002,32.06983049129653
BT-03003,2023-05-20,North,General Trade,Under Eye Cream 15ml,26,600.0,14.8,226.5,Rohit K,2023,May,2,15600.0,2308.8,13291.2,5889.0,7402.200000000001,55.6924882629108
BT-03439,2023-05-20,West,General Trade,Matte Lipstick,58,360.0,31.1,124.06,Rahul D,2023,May,2,20880.0,6493.68,14386.32,7195.4800000000005,7190.839999999999,49.983873568779224
BT-03777,2023-05-20,South,Modern Trade,Rose Water Toner 200ml,55,260.0,25.5,59.25,Kiran T,2023,May,2,14300.0,3646.5,10653.5,3258.75,7394.75,69.41146102219928
BT-04147,2023-05-20,Central,Pharmacy,Nail Polish Set (12pc),55,420.0,8.9,184.13,Vikram N,2023,May,2,23100.0,2055.9,21044.1,10127.15,10916.949999999999,51.8765354659976
BT-04291,2023-05-20,Central,Online,Eyeshadow Palette 9-shade,14,900.0,11.7,376.65,Suresh K,2023,May,2,12600.0,1474.1999999999998,11125.8,5273.099999999999,5852.7,52.60475651189128
BT-04808,2023-05-20,East,Online,Nail Polish Set (12pc),2,640.0,11.3,291.97,Pooja N,2023,May,2,1280.0,144.64000000000001,1135.36,583.94,551.4199999999998,48.5678551296505
BT-00078,2023-05-21,Central,Salon Wholesale,Matte Lipstick,56,290.0,4.8,111.22,Sunita P,2023,May,2,16240.0,779.52,15460.48,6228.32,9232.16,59.71457548536656
BT-00422,2023-05-21,East,Online,Night Repair Cream 50ml,27,830.0,8.5,274.9,Pooja N,2023,May,2,22410.0,1904.8500000000001,20505.15,7422.299999999999,13082.850000000002,63.80275199157286
BT-00538,2023-05-21,South,General Trade,Kajal Eye Pencil,21,160.0,22.1,47.9,Priya R,2023,May,2,3360.0,742.5600000000001,2617.44,1005.9,1611.54,61.56931964056482
BT-00774,2023-05-21,West,Salon Wholesale,Micellar Cleansing Water,13,450.0,40.3,155.56,Nidhi C,2023,May,2,5850.0,2357.5499999999997,3492.4500000000003,2022.28,1470.1700000000003,42.095663502698685
BT-00932,2023-05-21,East,Modern Trade,Under Eye Cream 15ml,46,590.0,8.8,203.61,Sneha B,2023,May,2,27140.0,2388.32,24751.68,9366.060000000001,15385.619999999999,62.159901873327385
BT-01399,2023-05-21,East,Online,BB Cream 30ml,10,650.0,13.2,221.91,Pooja N,2023,May,2,6500.0,858.0,5642.0,2219.1,3422.9,60.66820276497696
BT-01578,2023-05-21,South,Salon Wholesale,BB Cream 30ml,52,470.0,15.5,197.21,Anand V,2023,May,2,24440.0,3788.2,20651.8,10254.92,10396.88,50.34369885433715
BT-01891,2023-05-21,South,General Trade,Mascara,39,390.0,24.7,147.77,Priya R,2023,May,2,15210.0,3756.87,11453.130000000001,5763.030000000001,5690.1,49.68161541866721
BT-02646,2023-05-21,Central,General Trade,Eyeshadow Palette 9-shade,32,830.0,8.2,366.53,Vikram N,2023,May,2,26560.0,2177.9199999999996,24382.08,11728.96,12653.120000000003,51.89516234874137
BT-02752,2023-05-21,South,Salon Wholesale,Rose Water Toner 200ml,4,250.0,15.1,72.35,Anand V,2023,May,2,1000.0,151.0,849.0,289.4,559.6,65.91283863368669
BT-02888,2023-05-21,East,Salon Wholesale,SPF 50 Sunscreen 100g,31,570.0,4.2,246.64,Pooja N,2023,May,2,17670.0,742.1400000000001,16927.86,7645.839999999999,9282.02,54.832802256162324
BT-02925,2023-05-21,North,Online,Blush Palette,55,520.0,7.1,234.1,Rohit K,2023,May,2,28600.0,2030.6,26569.4,12875.5,13693.900000000001,51.54011757886893
BT-03520,2023-05-21,North,Modern Trade,Eyeshadow Palette 9-shade,16,880.0,9.9,419.67,Anjali M,2023,May,2,14080.0,1393.92,12686.08,6714.72,5971.36,47.070174553526385
BT-03760,2023-05-21,South,Pharmacy,Nail Polish Set (12pc),14,410.0,25.1,189.46,Kiran T,2023,May,2,5740.0,1440.74,4299.26,2652.44,1646.8200000000002,38.30473151193461
BT-03907,2023-05-21,South,Modern Trade,Hair Serum 100ml,11,530.0,19.9,193.56,Kiran T,2023,May,2,5830.0,1160.1699999999998,4669.83,2129.16,2540.67,54.40604904247049
BT-04202,2023-05-21,Central,Modern Trade,Nail Polish Set (12pc),21,560.0,5.8,259.34,Sunita P,2023,May,2,11760.0,682.0799999999999,11077.92,5446.139999999999,5631.780000000001,50.83788292387019
BT-04218,2023-05-21,East,Pharmacy,Face Wash 100ml,50,230.0,8.1,64.81,Sneha B,2023,May,2,11500.0,931.5,10568.5,3240.5,7328.0,69.33812745422718
BT-00222,2023-05-22,North,Online,SPF 50 Sunscreen 100g,48,470.0,10.1,199.47,Rohit K,2023,May,2,22560.0,2278.56,20281.44,9574.56,10706.88,52.7915177620524
BT-00321,2023-05-22,East,Modern Trade,Lip Gloss,13,180.0,13.5,59.96,Meena G,2023,May,2,2340.0,315.90000000000003,2024.1,779.48,1244.62,61.490044958253044
BT-00760,2023-05-22,East,General Trade,Micellar Cleansing Water,24,410.0,10.3,127.18,Sneha B,2023,May,2,9840.0,1013.5200000000001,8826.48,3052.32,5774.16,65.41860401881611
BT-01063,2023-05-22,North,General Trade,Eyeshadow Palette 9-shade,40,790.0,4.8,344.36,Deepa S,2023,May,2,31600.0,1516.8,30083.2,13774.400000000001,16308.8,54.21231783852781
BT-01449,2023-05-22,North,Online,Blush Palette,8,730.0,12.8,325.58,Rohit K,2023,May,2,5840.0,747.52,5092.48,2604.64,2487.8399999999997,48.85321100917431
BT-01859,2023-05-22,East,General Trade,Vitamin C Face Serum 30ml,46,670.0,10.8,235.24,Sneha B,2023,May,2,30820.0,3328.5600000000004,27491.44,10821.04,16670.399999999998,60.63851147848203
BT-02996,2023-05-22,North,Modern Trade,Compact Powder,33,310.0,10.4,95.88,Rohit K,2023,May,2,10230.0,1063.92,9166.08,3164.04,6002.04,65.48099078341014
BT-04243,2023-05-22,North,Online,BB Cream 30ml,24,500.0,8.3,174.9,Deepa S,2023,May,2,12000.0,996.0,11004.0,4197.6,6806.4,61.853871319520174
BT-04529,2023-05-22,East,Pharmacy,Rose Water Toner 200ml,37,360.0,14.9,85.64,Meena G,2023,May,2,13320.0,1984.6799999999998,11335.32,3168.68,8166.639999999999,72.04595900248074
BT-04633,2023-05-22,South,Online,Mascara,17,340.0,22.3,147.05,Priya R,2023,May,2,5780.0,1288.94,4491.0599999999995,2499.8500000000004,1991.2099999999991,44.337194337194326
BT-04712,2023-05-22,Central,Modern Trade,Nail Polish Set (12pc),32,570.0,6.1,264.48,Suresh K,2023,May,2,18240.0,1112.6399999999999,17127.36,8463.36,8664.0,50.58572949946751
BT-04864,2023-05-22,West,General Trade,Perfume 100ml EDP,59,1210.0,32.6,579.23,Rahul D,2023,May,2,71390.0,23273.14,48116.86,34174.57,13942.29,28.9758932731687
BT-04949,2023-05-22,Central,Online,Eyeshadow Palette 9-shade,36,720.0,10.9,355.32,Suresh K,2023,May,2,25920.0,2825.28,23094.72,12791.52,10303.2,44.612794612794616
BT-00555,2023-05-23,North,General Trade,Nail Polish Set (12pc),41,380.0,7.7,178.79,Rohit K,2023,May,2,15580.0,1199.66,14380.34,7330.389999999999,7049.950000000001,49.02491874322861
BT-00672,2023-05-23,South,General Trade,Matte Lipstick,52,370.0,24.0,145.89,Anand V,2023,May,2,19240.0,4617.599999999999,14622.400000000001,7586.279999999999,7036.120000000003,48.11877667140826
BT-01411,2023-05-23,North,General Trade,Hydrating Moisturiser 50ml,21,370.0,10.8,139.64,Rohit K,2023,May,2,7770.0,839.1600000000001,6930.84,2932.4399999999996,3998.4000000000005,57.68997697248819
BT-02258,2023-05-23,South,Pharmacy,Rose Water Toner 200ml,2,280.0,28.7,68.12,Priya R,2023,May,2,560.0,160.72,399.28,136.24,263.03999999999996,65.87858144660387
BT-02410,2023-05-23,South,Salon Wholesale,Hydrating Moisturiser 50ml,9,390.0,13.8,138.8,Anand V,2023,May,2,3510.0,484.38000000000005,3025.62,1249.2,1776.4199999999998,58.712594443452915
BT-02764,2023-05-23,West,Salon Wholesale,BB Cream 30ml,9,480.0,32.2,171.02,Rahul D,2023,May,2,4320.0,1391.04,2928.96,1539.18,1389.78,47.449606686332345
BT-03073,2023-05-23,North,General Trade,Hydrating Moisturiser 50ml,28,460.0,10.6,183.31,Rohit K,2023,May,2,12880.0,1365.28,11514.72,5132.68,6382.039999999999,55.42505592841162
BT-03124,2023-05-23,Central,General Trade,SPF 50 Sunscreen 100g,6,520.0,7.0,217.52,Sunita P,2023,May,2,3120.0,218.40000000000003,2901.6,1305.1200000000001,1596.4799999999998,55.02067824648469
BT-03324,2023-05-23,Central,Modern Trade,Kajal Eye Pencil,52,180.0,10.5,54.49,Vikram N,2023,May,2,9360.0,982.8,8377.2,2833.48,5543.720000000001,66.17628801986345
BT-03611,2023-05-23,South,Pharmacy,Night Repair Cream 50ml,33,690.0,19.9,265.17,Kiran T,2023,May,2,22770.0,4531.23,18238.77,8750.61,9488.16,52.021929110351195
BT-03826,2023-05-23,Central,Modern Trade,BB Cream 30ml,31,690.0,8.5,274.55,Suresh K,2023,May,2,21390.0,1818.15,19571.85,8511.050000000001,11060.799999999997,56.51381959293577
BT-04225,2023-05-23,West,General Trade,Kajal Eye Pencil,14,170.0,40.1,55.27,Priya S,2023,May,2,2380.0,954.3800000000001,1425.62,773.7800000000001,651.8399999999998,45.72326426396935
BT-04336,2023-05-23,West,Online,Kajal Eye Pencil,40,220.0,38.8,69.85,Priya S,2023,May,2,8800.0,3414.3999999999996,5385.6,2794.0,2591.6000000000004,48.12091503267974
BT-04423,2023-05-23,West,Pharmacy,Lip Gloss,38,230.0,26.5,67.3,Rahul D,2023,May,2,8740.0,2316.1,6423.9,2557.4,3866.4999999999995,60.18929310854776
BT-04447,2023-05-23,North,Modern Trade,Vitamin C Face Serum 30ml,3,740.0,13.0,214.67,Rohit K,2023,May,2,2220.0,288.6,1931.4,644.01,1287.39,66.65579372475925
BT-00074,2023-05-24,East,Pharmacy,SPF 50 Sunscreen 100g,58,350.0,7.7,139.93,Pooja N,2023,May,2,20300.0,1563.1,18736.9,8115.9400000000005,10620.960000000001,56.684723726977246
BT-00104,2023-05-24,South,Online,Kajal Eye Pencil,7,160.0,31.4,41.98,Priya R,2023,May,2,1120.0,351.68,768.3199999999999,293.85999999999996,474.46,61.75291545189504
BT-00183,2023-05-24,South,Online,Kajal Eye Pencil,15,230.0,18.0,57.8,Anand V,2023,May,2,3450.0,621.0,2829.0,867.0,1962.0,69.35312831389183
BT-00452,2023-05-24,West,Salon Wholesale,Matte Lipstick,57,350.0,37.3,131.46,Priya S,2023,May,2,19950.0,7441.35,12508.65,7493.22,5015.429999999999,40.0956937799043
BT-00755,2023-05-24,West,Modern Trade,Night Repair Cream 50ml,19,1070.0,41.3,368.94,Priya S,2023,May,2,20330.0,8396.289999999999,11933.710000000001,7009.86,4923.850000000001,41.26001050804822
BT-01250,2023-05-24,North,Pharmacy,Compact Powder,13,270.0,4.4,100.47,Deepa S,2023,May,2,3510.0,154.44000000000003,3355.56,1306.11,2049.45,61.076243607624356
BT-01365,2023-05-24,South,General Trade,BB Cream 30ml,40,580.0,24.8,186.88,Kiran T,2023,May,2,23200.0,5753.6,17446.4,7475.2,9971.2,57.153338224504765
BT-01944,2023-05-24,Central,Pharmacy,Blush Palette,13,820.0,6.3,375.23,Vikram N,2023,May,2,10660.0,671.58,9988.42,4877.99,5110.43,51.16354738787516
BT-02043,2023-05-24,North,Modern Trade,Matte Lipstick,59,470.0,8.2,171.08,Rohit K,2023,May,2,27730.0,2273.8599999999997,25456.14,10093.720000000001,15362.419999999998,60.34858387799563
BT-02659,2023-05-24,Central,General Trade,Blush Palette,55,700.0,13.8,280.28,Suresh K,2023,May,2,38500.0,5313.0,33187.0,15415.399999999998,17771.600000000002,53.54988399071926
BT-03131,2023-05-24,South,Pharmacy,Face Wash 100ml,56,240.0,25.5,76.37,Priya R,2023,May,2,13440.0,3427.2000000000003,10012.8,4276.72,5736.079999999999,57.287472035794174
BT-03312,2023-05-24,North,Modern Trade,Matte Lipstick,28,470.0,9.2,170.42,Rohit K,2023,May,2,13160.0,1210.72,11949.28,4771.759999999999,7177.520000000001,60.06654794263756
BT-03356,2023-05-24,South,General Trade,Under Eye Cream 15ml,36,720.0,19.4,263.45,Kiran T,2023,May,2,25920.0,5028.48,20891.52,9484.199999999999,11407.320000000002,54.602633030052395
BT-03778,2023-05-24,South,General Trade,BB Cream 30ml,3,690.0,15.9,223.15,Kiran T,2023,May,2,2070.0,329.13,1740.87,669.45,1071.4199999999998,61.54508952420341
BT-04229,2023-05-24,West,General Trade,Matte Lipstick,59,500.0,35.9,188.75,Nidhi C,2023,May,2,29500.0,10590.5,18909.5,11136.25,7773.25,41.107644305772226
BT-04650,2023-05-24,South,Pharmacy,Under Eye Cream 15ml,46,710.0,20.9,205.4,Priya R,2023,May,2,32660.0,6825.94,25834.06,9448.4,16385.660000000003,63.42657716208758
BT-00260,2023-05-25,North,General Trade,Blush Palette,55,700.0,14.5,272.3,Rohit K,2023,May,2,38500.0,5582.5,32917.5,14976.5,17941.0,54.50292397660819
BT-00873,2023-05-25,East,General Trade,Under Eye Cream 15ml,2,730.0,15.5,214.4,Sneha B,2023,May,2,1460.0,226.3,1233.7,428.8,804.9000000000001,65.24276566426198
BT-00921,2023-05-25,North,General Trade,Nail Polish Set (12pc),19,460.0,4.7,220.11,Deepa S,2023,May,2,8740.0,410.78,8329.22,4182.09,4147.129999999999,49.79013641133263
BT-00936,2023-05-25,West,Pharmacy,Rose Water Toner 200ml,37,370.0,30.9,108.45,Priya S,2023,May,2,13690.0,4230.21,9459.79,4012.65,5447.140000000001,57.58203934759651
BT-01009,2023-05-25,North,General Trade,Hair Oil 200ml,11,290.0,7.9,108.52,Anjali M,2023,May,2,3190.0,252.01,2937.99,1193.72,1744.2699999999998,59.36950091729379
BT-01173,2023-05-25,North,Online,Under Eye Cream 15ml,28,810.0,4.7,293.06,Deepa S,2023,May,2,22680.0,1065.96,21614.04,8205.68,13408.36,62.03541771922324
BT-02211,2023-05-25,West,Salon Wholesale,Hair Serum 100ml,10,400.0,42.1,157.8,Priya S,2023,May,2,4000.0,1684.0000000000002,2316.0,1578.0,738.0,31.865284974093267
BT-02419,2023-05-25,West,Pharmacy,Hydrating Moisturiser 50ml,39,460.0,30.3,179.26,Priya S,2023,May,2,17940.0,5435.82,12504.18,6991.139999999999,5513.040000000001,44.08957644563659
BT-02484,2023-05-25,North,Modern Trade,Perfume 100ml EDP,43,2510.0,7.9,1108.67,Anjali M,2023,May,2,107930.0,8526.47,99403.53,47672.810000000005,51730.719999999994,52.04112972647953
BT-03594,2023-05-25,East,Salon Wholesale,Perfume 100ml EDP,53,2760.0,15.7,1351.57,Meena G,2023,May,2,146280.0,22965.96,123314.04000000001,71633.20999999999,51680.830000000016,41.909931748242144
BT-03880,2023-05-25,Central,Online,Hydrating Moisturiser 50ml,26,510.0,7.3,195.59,Vikram N,2023,May,2,13260.0,967.9799999999999,12292.02,5085.34,7206.68,58.62893161579626
BT-04000,2023-05-25,East,Online,Micellar Cleansing Water,10,380.0,10.6,134.79,Meena G,2023,May,2,3800.0,402.8,3397.2,1347.8999999999999,2049.3,60.32320734722714
BT-04807,2023-05-25,East,Online,SPF 50 Sunscreen 100g,59,400.0,13.9,163.48,Pooja N,2023,May,2,23600.0,3280.4,20319.6,9645.32,10674.279999999999,52.53193960511033
BT-00868,2023-05-26,West,Modern Trade,Eyeshadow Palette 9-shade,36,780.0,27.3,382.82,Nidhi C,2023,May,2,28080.0,7665.84,20414.16,13781.52,6632.639999999999,32.49038902408916
BT-01013,2023-05-26,East,Salon Wholesale,Compact Powder,26,460.0,10.1,150.7,Meena G,2023,May,2,11960.0,1207.9599999999998,10752.04,3918.2,6833.840000000001,63.558543308990664
BT-01265,2023-05-26,West,General Trade,Perfume 100ml EDP,40,2380.0,39.5,1223.32,Rahul D,2023,May,2,95200.0,37604.0,57596.0,48932.799999999996,8663.200000000004,15.041322314049593
BT-01474,2023-05-26,South,Modern Trade,Rose Water Toner 200ml,5,250.0,15.2,72.25,Anand V,2023,May,2,1250.0,190.0,1060.0,361.25,698.75,65.91981132075472
BT-01529,2023-05-26,South,Modern Trade,Perfume 100ml EDP,52,1880.0,28.1,938.87,Priya R,2023,May,2,97760.0,27470.56,70289.44,48821.24,21468.200000000004,30.54256798745303
BT-01982,2023-05-26,Central,General Trade,Micellar Cleansing Water,14,290.0,12.5,102.05,Suresh K,2023,May,2,4060.0,507.5,3552.5,1428.7,2123.8,59.7832512315271
BT-02392,2023-05-26,South,Salon Wholesale,Blush Palette,54,500.0,21.8,210.0,Anand V,2023,May,2,27000.0,5886.0,21114.0,11340.0,9774.0,46.29156010230179
BT-02566,2023-05-26,East,Salon Wholesale,Matte Lipstick,45,350.0,14.3,121.34,Meena G,2023,May,2,15750.0,2252.2500000000005,13497.75,5460.3,8037.45,59.54659109851642
BT-03607,2023-05-26,West,Modern Trade,Night Repair Cream 50ml,41,800.0,26.1,321.84,Nidhi C,2023,May,2,32800.0,8560.800000000001,24239.199999999997,13195.439999999999,11043.759999999998,45.56156968876861
BT-03708,2023-05-26,West,General Trade,Face Wash 100ml,22,230.0,28.6,58.83,Nidhi C,2023,May,2,5060.0,1447.16,3612.84,1294.26,2318.58,64.17610522469856
BT-03746,2023-05-26,East,Modern Trade,Mascara,21,480.0,7.6,186.1,Pooja N,2023,May,2,10080.0,766.0799999999999,9313.92,3908.1,5405.82,58.040223665223664
BT-03831,2023-05-26,North,Salon Wholesale,Under Eye Cream 15ml,60,620.0,6.5,214.64,Anjali M,2023,May,2,37200.0,2418.0,34782.0,12878.4,21903.6,62.97395204416076
BT-03892,2023-05-26,Central,Modern Trade,Night Repair Cream 50ml,15,690.0,8.8,244.88,Vikram N,2023,May,2,10350.0,910.8000000000001,9439.2,3673.2,5766.000000000001,61.08568522756166
BT-04204,2023-05-26,East,Online,Nail Polish Set (12pc),11,380.0,4.0,164.54,Pooja N,2023,May,2,4180.0,167.20000000000002,4012.8,1809.9399999999998,2202.8600000000006,54.89583333333334
BT-04335,2023-05-26,North,Pharmacy,Micellar Cleansing Water,13,340.0,7.2,111.69,Anjali M,2023,May,2,4420.0,318.24,4101.76,1451.97,2649.79,64.60129310344827
BT-04369,2023-05-26,Central,Modern Trade,Vitamin C Face Serum 30ml,10,520.0,8.8,180.02,Vikram N,2023,May,2,5200.0,457.6,4742.4,1800.2,2942.2,62.04031713900135
BT-04988,2023-05-26,South,Online,SPF 50 Sunscreen 100g,33,530.0,28.2,202.67,Priya R,2023,May,2,17490.0,4932.179999999999,12557.82,6688.11,5869.71,46.741472644137275
BT-00949,2023-05-27,South,Salon Wholesale,Mascara,27,330.0,21.1,135.83,Kiran T,2023,May,2,8910.0,1880.0100000000002,7029.99,3667.4100000000003,3362.5799999999995,47.83193148212159
BT-01202,2023-05-27,Central,Online,Micellar Cleansing Water,10,290.0,12.4,98.69,Vikram N,2023,May,2,2900.0,359.6,2540.4,986.9,1553.5,61.15178712013856
BT-01219,2023-05-27,Central,General Trade,Mascara,27,420.0,9.2,153.47,Sunita P,2023,May,2,11340.0,1043.28,10296.72,4143.69,6153.03,59.7571848122509
BT-01475,2023-05-27,Central,General Trade,Micellar Cleansing Water,54,380.0,6.7,124.03,Sunita P,2023,May,2,20520.0,1374.8400000000001,19145.16,6697.62,12447.54,65.01664128166075
BT-01803,2023-05-27,Central,General Trade,Face Wash 100ml,18,190.0,11.3,51.41,Suresh K,2023,May,2,3420.0,386.46000000000004,3033.54,925.3799999999999,2108.16,69.49504539251171
BT-02126,2023-05-27,North,Pharmacy,Lip Gloss,7,250.0,8.6,73.85,Rohit K,2023,May,2,1750.0,150.5,1599.5,516.9499999999999,1082.5500000000002,67.68052516411379
BT-02271,2023-05-27,South,Pharmacy,Mascara,48,460.0,24.4,188.14,Kiran T,2023,May,2,22080.0,5387.5199999999995,16692.48,9030.72,7661.76,45.8994708994709
BT-02742,2023-05-27,South,Pharmacy,Hydrating Moisturiser 50ml,3,590.0,24.9,198.18,Anand V,2023,May,2,1770.0,440.73,1329.27,594.54,734.73,55.2731950619513
BT-03515,2023-05-27,South,Pharmacy,Blush Palette,50,620.0,21.0,291.65,Anand V,2023,May,2,31000.0,6510.0,24490.0,14582.499999999998,9907.500000000002,40.45528787260107
BT-03788,2023-05-27,Central,Pharmacy,Hair Serum 100ml,2,670.0,10.8,239.99,Suresh K,2023,May,2,1340.0,144.72000000000003,1195.28,479.98,715.3,59.843718626597955
BT-04352,2023-05-27,East,Pharmacy,Perfume 100ml EDP,26,2200.0,16.9,1056.66,Meena G,2023,May,2,57200.0,9666.8,47533.2,27473.160000000003,20060.039999999994,42.20216606498194
BT-00008,2023-05-28,West,Salon Wholesale,Under Eye Cream 15ml,40,910.0,26.1,292.84,Nidhi C,2023,May,2,36400.0,9500.4,26899.6,11713.599999999999,15186.0,56.45437106871478
BT-00013,2023-05-28,North,Modern Trade,Mascara,10,510.0,8.6,225.27,Anjali M,2023,May,2,5100.0,438.59999999999997,4661.4,2252.7000000000003,2408.6999999999994,51.67331702921868
BT-00169,2023-05-28,East,Salon Wholesale,Eyeshadow Palette 9-shade,41,880.0,11.9,354.73,Pooja N,2023,May,2,36080.0,4293.52,31786.48,14543.93,17242.55,54.244917965122276
BT-00724,2023-05-28,South,Salon Wholesale,Under Eye Cream 15ml,28,600.0,17.0,206.46,Kiran T,2023,May,2,16800.0,2856.0,13944.0,5780.88,8163.12,58.54216867469879
BT-01108,2023-05-28,West,General Trade,Vitamin C Face Serum 30ml,52,640.0,43.3,189.76,Priya S,2023,May,2,33280.0,14410.24,18869.760000000002,9867.52,9002.240000000002,47.70723104056438
BT-01142,2023-05-28,East,General Trade,Vitamin C Face Serum 30ml,21,630.0,12.4,187.36,Pooja N,2023,May,2,13230.0,1640.52,11589.48,3934.5600000000004,7654.919999999999,66.05059070812494
BT-02001,2023-05-28,West,Modern Trade,Night Repair Cream 50ml,53,1160.0,23.8,455.53,Rahul D,2023,May,2,61480.0,14632.240000000002,46847.759999999995,24143.09,22704.669999999995,48.4647931939542
BT-02553,2023-05-28,South,Pharmacy,Hair Serum 100ml,9,670.0,16.7,272.02,Kiran T,2023,May,2,6030.0,1007.0099999999999,5022.99,2448.18,2574.81,51.26050420168068
BT-02824,2023-05-28,East,Modern Trade,Hair Serum 100ml,28,490.0,11.9,203.74,Pooja N,2023,May,2,13720.0,1632.68,12087.32,5704.72,6382.599999999999,52.80409553151567
BT-03478,2023-05-28,South,Modern Trade,BB Cream 30ml,4,470.0,24.4,169.44,Kiran T,2023,May,2,1880.0,458.71999999999997,1421.28,677.76,743.52,52.31340763255656
BT-04905,2023-05-28,Central,Salon Wholesale,Mascara,15,490.0,10.3,172.72,Sunita P,2023,May,2,7350.0,757.0500000000001,6592.95,2590.8,4002.1499999999996,60.70347871590107
BT-00071,2023-05-29,North,Salon Wholesale,Nail Polish Set (12pc),47,530.0,7.7,226.1,Deepa S,2023,May,2,24910.0,1918.07,22991.93,10626.699999999999,12365.230000000001,53.78073958993439
BT-00077,2023-05-29,West,Online,Kajal Eye Pencil,18,160.0,34.3,55.98,Priya S,2023,May,2,2880.0,987.8399999999999,1892.16,1007.64,884.5200000000001,46.74657534246576
BT-00811,2023-05-29,East,Modern Trade,Eyeshadow Palette 9-shade,38,850.0,6.5,382.58,Meena G,2023,May,2,32300.0,2099.5,30200.5,14538.039999999999,15662.460000000001,51.86159169550173
BT-01748,2023-05-29,West,Pharmacy,Nail Polish Set (12pc),40,660.0,26.8,273.17,Nidhi C,2023,May,2,26400.0,7075.200000000001,19324.8,10926.800000000001,8397.999999999998,43.45711210465308
BT-01928,2023-05-29,South,General Trade,Hydrating Moisturiser 50ml,5,420.0,19.6,158.72,Kiran T,2023,May,2,2100.0,411.6,1688.4,793.6,894.8000000000001,52.99692016109927
BT-02075,2023-05-29,East,Salon Wholesale,Nail Polish Set (12pc),59,590.0,11.1,237.36,Meena G,2023,May,2,34810.0,3863.91,30946.09,14004.240000000002,16941.85,54.7463346742674
BT-02125,2023-05-29,North,Salon Wholesale,Eyeshadow Palette 9-shade,4,790.0,12.0,363.4,Rohit K,2023,May,2,3160.0,379.2,2780.8,1453.6,1327.2000000000003,47.727272727272734
BT-02360,2023-05-29,North,Pharmacy,Hair Serum 100ml,51,640.0,7.7,272.7,Rohit K,2023,May,2,32640.0,2513.2799999999997,30126.72,13907.699999999999,16219.020000000002,53.835996749729155
BT-03598,2023-05-29,West,Salon Wholesale,Lip Gloss,17,260.0,35.4,83.62,Priya S,2023,May,2,4420.0,1564.6799999999998,2855.32,1421.54,1433.7800000000002,50.21433674684449
BT-04386,2023-05-29,East,Pharmacy,Under Eye Cream 15ml,6,800.0,12.3,232.4,Sneha B,2023,May,2,4800.0,590.4000000000001,4209.6,1394.4,2815.2000000000003,66.87571265678449
BT-00034,2023-05-30,South,Modern Trade,Vitamin C Face Serum 30ml,34,550.0,22.6,165.39,Kiran T,2023,May,2,18700.0,4226.2,14473.8,5623.259999999999,8850.54,61.14869626497534
BT-00098,2023-05-30,East,Online,Lip Gloss,49,320.0,5.7,102.3,Sneha B,2023,May,2,15680.0,893.76,14786.24,5012.7,9773.54,66.0988865323436
BT-00794,2023-05-30,North,Pharmacy,Under Eye Cream 15ml,48,660.0,6.0,245.12,Deepa S,2023,May,2,31680.0,1900.8,29779.2,11765.76,18013.440000000002,60.49000644745326
BT-01487,2023-05-30,South,General Trade,Under Eye Cream 15ml,10,840.0,19.5,255.95,Anand V,2023,May,2,8400.0,1638.0,6762.0,2559.5,4202.5,62.14877255249927
BT-02229,2023-05-30,North,Modern Trade,Lip Gloss,34,180.0,12.6,53.8,Anjali M,2023,May,2,6120.0,771.12,5348.88,1829.1999999999998,3519.6800000000003,65.80218662598526
BT-02304,2023-05-30,North,Pharmacy,Hair Oil 200ml,47,380.0,10.5,144.97,Anjali M,2023,May,2,17860.0,1875.3,15984.7,6813.59,9171.11,57.374301675977655
BT-03429,2023-05-30,South,Pharmacy,Hydrating Moisturiser 50ml,52,360.0,19.1,126.83,Anand V,2023,May,2,18720.0,3575.52,15144.48,6595.16,8549.32,56.45172366433182
BT-04096,2023-05-30,West,Salon Wholesale,Rose Water Toner 200ml,50,300.0,28.8,67.29,Rahul D,2023,May,2,15000.0,4320.000000000001,10680.0,3364.5000000000005,7315.5,68.49719101123596
BT-04389,2023-05-30,East,Salon Wholesale,Kajal Eye Pencil,39,130.0,15.4,39.98,Meena G,2023,May,2,5070.0,780.78,4289.22,1559.2199999999998,2730.0000000000005,63.647935988361525
BT-04551,2023-05-30,East,Online,Kajal Eye Pencil,14,160.0,11.5,49.5,Pooja N,2023,May,2,2240.0,257.6,1982.4,693.0,1289.4,65.04237288135593
BT-04911,2023-05-30,East,Salon Wholesale,Vitamin C Face Serum 30ml,31,530.0,11.8,149.67,Sneha B,2023,May,2,16430.0,1938.7400000000002,14491.26,4639.7699999999995,9851.490000000002,67.98228725452446
BT-04948,2023-05-30,Central,Online,Compact Powder,44,290.0,6.9,99.67,Sunita P,2023,May,2,12760.0,880.44,11879.56,4385.4800000000005,7494.079999999999,63.08381791918218
BT-01152,2023-05-31,East,Salon Wholesale,Compact Powder,31,480.0,13.1,161.81,Sneha B,2023,May,2,14880.0,1949.28,12930.72,5016.11,7914.61,61.207805907173
BT-01157,2023-05-31,East,Modern Trade,Perfume 100ml EDP,59,1620.0,12.7,676.51,Sneha B,2023,May,2,95580.0,12138.66,83441.34,39914.09,43527.25,52.16508987032088
BT-02705,2023-05-31,South,Modern Trade,BB Cream 30ml,54,620.0,24.4,236.78,Priya R,2023,May,2,33480.0,8169.12,25310.88,12786.12,12524.76,49.4837002901519
BT-03508,2023-05-31,Central,Modern Trade,Mascara,34,500.0,6.4,202.6,Vikram N,2023,May,2,17000.0,1088.0,15912.0,6888.4,9023.6,56.70940170940171
BT-04292,2023-05-31,Central,General Trade,Matte Lipstick,3,340.0,9.3,109.68,Vikram N,2023,May,2,1020.0,94.86000000000001,925.14,329.04,596.0999999999999,64.4334911472858
BT-04356,2023-05-31,West,Online,Nail Polish Set (12pc),46,590.0,40.7,244.2,Nidhi C,2023,May,2,27140.0,11045.980000000001,16094.019999999999,11233.199999999999,4860.82,30.202646697344726
BT-04422,2023-05-31,West,Salon Wholesale,Under Eye Cream 15ml,57,790.0,22.4,286.69,Rahul D,2023,May,2,45030.0,10086.72,34943.28,16341.33,18601.949999999997,53.234699203967104
BT-00046,2023-06-01,West,Pharmacy,Under Eye Cream 15ml,34,910.0,26.0,338.43,Nidhi C,2023,June,2,30940.0,8044.400000000001,22895.6,11506.62,11388.979999999998,49.74309474309474
BT-00341,2023-06-01,North,Modern Trade,Vitamin C Face Serum 30ml,25,540.0,11.7,187.76,Rohit K,2023,June,2,13500.0,1579.5,11920.5,4694.0,7226.5,60.62245711169834
BT-00956,2023-06-01,North,Online,Compact Powder,18,260.0,6.4,79.53,Rohit K,2023,June,2,4680.0,299.52,4380.48,1431.54,2948.9399999999996,67.32001972386587
BT-01339,2023-06-01,East,Online,BB Cream 30ml,49,450.0,9.2,153.59,Meena G,2023,June,2,22050.0,2028.6,20021.4,7525.91,12495.490000000002,62.410670582476754
BT-01747,2023-06-01,West,General Trade,SPF 50 Sunscreen 100g,41,370.0,29.5,139.53,Priya S,2023,June,2,15170.0,4475.15,10694.85,5720.7300000000005,4974.12,46.50948821161587
BT-01874,2023-06-01,North,Online,Vitamin C Face Serum 30ml,16,480.0,7.1,160.94,Rohit K,2023,June,2,7680.0,545.28,7134.72,2575.04,4559.68,63.90832436311447
BT-02431,2023-06-01,Central,General Trade,Face Wash 100ml,7,260.0,5.3,73.06,Sunita P,2023,June,2,1820.0,96.46,1723.54,511.42,1212.12,70.32734952481519
BT-02926,2023-06-01,West,Modern Trade,Eyeshadow Palette 9-shade,47,680.0,34.1,309.88,Priya S,2023,June,2,31960.0,10898.36,21061.64,14564.36,6497.279999999999,30.84887976434883
BT-03215,2023-06-01,East,Online,Micellar Cleansing Water,6,330.0,14.2,111.31,Sneha B,2023,June,2,1980.0,281.15999999999997,1698.8400000000001,667.86,1030.98,60.687292505474325
BT-03386,2023-06-01,North,Pharmacy,Nail Polish Set (12pc),48,580.0,9.7,276.43,Anjali M,2023,June,2,27840.0,2700.4799999999996,25139.52,13268.64,11870.880000000001,47.219994653835876
BT-03567,2023-06-01,South,General Trade,Blush Palette,59,700.0,24.3,296.31,Priya R,2023,June,2,41300.0,10035.9,31264.1,17482.29,13781.809999999998,44.081902245706736
BT-03606,2023-06-01,Central,General Trade,Lip Gloss,56,300.0,11.5,85.35,Sunita P,2023,June,2,16800.0,1932.0,14868.0,4779.599999999999,10088.400000000001,67.85310734463278
BT-03649,2023-06-01,West,General Trade,BB Cream 30ml,24,650.0,32.7,261.95,Priya S,2023,June,2,15600.0,5101.2,10498.8,6286.799999999999,4212.0,40.11887072808321
BT-04548,2023-06-01,South,Salon Wholesale,Blush Palette,44,700.0,17.3,297.64,Kiran T,2023,June,2,30800.0,5328.400000000001,25471.6,13096.16,12375.439999999999,48.58524788391777
BT-00648,2023-06-02,Central,Pharmacy,Lip Gloss,12,270.0,9.3,91.48,Sunita P,2023,June,2,3240.0,301.32000000000005,2938.68,1097.76,1840.9199999999998,62.644452611376536
BT-00856,2023-06-02,North,Salon Wholesale,Nail Polish Set (12pc),30,650.0,8.7,252.0,Anjali M,2023,June,2,19500.0,1696.4999999999998,17803.5,7560.0,10243.5,57.53643946415031
BT-01007,2023-06-02,West,General Trade,Hydrating Moisturiser 50ml,8,480.0,25.3,186.34,Nidhi C,2023,June,2,3840.0,971.52,2868.48,1490.72,1377.76,48.03101294065149
BT-01741,2023-06-02,East,Modern Trade,Hydrating Moisturiser 50ml,48,450.0,13.8,151.34,Sneha B,2023,June,2,21600.0,2980.8,18619.2,7264.32,11354.880000000001,60.98478989430266
BT-02030,2023-06-02,North,Modern Trade,Vitamin C Face Serum 30ml,34,560.0,6.7,176.68,Anjali M,2023,June,2,19040.0,1275.68,17764.32,6007.12,11757.2,66.18435155412648
BT-02207,2023-06-02,Central,Online,BB Cream 30ml,33,650.0,5.9,220.03,Vikram N,2023,June,2,21450.0,1265.5500000000002,20184.45,7260.99,12923.460000000001,64.02681271969264
BT-02310,2023-06-02,West,General Trade,Face Wash 100ml,40,200.0,27.9,62.26,Nidhi C,2023,June,2,8000.0,2231.9999999999995,5768.0,2490.4,3277.6,56.82385575589459
BT-02536,2023-06-02,West,Salon Wholesale,Face Wash 100ml,33,280.0,38.1,84.98,Nidhi C,2023,June,2,9240.0,3520.44,5719.5599999999995,2804.34,2915.2199999999993,50.969305331179314
BT-02557,2023-06-02,Central,Pharmacy,Hair Oil 200ml,12,310.0,5.4,106.83,Vikram N,2023,June,2,3720.0,200.88000000000002,3519.12,1281.96,2237.16,63.57157471185978
BT-02780,2023-06-02,West,Modern Trade,Blush Palette,2,580.0,23.2,222.26,Rahul D,2023,June,2,1160.0,269.12,890.88,444.52,446.36,50.103268678160916
BT-03927,2023-06-02,West,Salon Wholesale,Hair Oil 200ml,16,260.0,27.0,98.18,Nidhi C,2023,June,2,4160.0,1123.2,3036.8,1570.88,1465.92,48.27186512118019
BT-04675,2023-06-02,Central,Online,Night Repair Cream 50ml,51,740.0,11.2,265.07,Vikram N,2023,June,2,37740.0,4226.879999999999,33513.12,13518.57,19994.550000000003,59.6618578037497
BT-00212,2023-06-03,North,General Trade,Under Eye Cream 15ml,10,760.0,10.7,272.38,Anjali M,2023,June,2,7600.0,813.1999999999999,6786.8,2723.8,4063.0,59.86621087994342
BT-01231,2023-06-03,Central,Online,Hair Serum 100ml,52,670.0,7.5,240.66,Vikram N,2023,June,2,34840.0,2613.0,32227.0,12514.32,19712.68,61.16821298910852
BT-01248,2023-06-03,Central,Pharmacy,Blush Palette,50,530.0,12.5,249.26,Suresh K,2023,June,2,26500.0,3312.5,23187.5,12463.0,10724.5,46.251212938005395
BT-01736,2023-06-03,West,Modern Trade,Night Repair Cream 50ml,41,840.0,29.1,299.8,Priya S,2023,June,2,34440.0,10022.04,24417.96,12291.800000000001,12126.159999999998,49.66082342669084
BT-01752,2023-06-03,West,Salon Wholesale,Nail Polish Set (12pc),55,400.0,32.7,153.84,Nidhi C,2023,June,2,22000.0,7194.0,14806.0,8461.2,6344.799999999999,42.852897473997025
BT-01908,2023-06-03,West,Salon Wholesale,Compact Powder,48,470.0,38.5,175.92,Nidhi C,2023,June,2,22560.0,8685.6,13874.4,8444.16,5430.24,39.13855734302024
BT-02181,2023-06-03,East,Online,Matte Lipstick,34,310.0,14.2,109.62,Meena G,2023,June,2,10540.0,1496.6799999999998,9043.32,3727.08,5316.24,58.786374915407166
BT-02420,2023-06-03,East,Salon Wholesale,Lip Gloss,38,310.0,5.8,98.39,Pooja N,2023,June,2,11780.0,683.24,11096.76,3738.82,7357.9400000000005,66.30710225327033
BT-03091,2023-06-03,South,Online,Rose Water Toner 200ml,20,380.0,18.2,90.25,Anand V,2023,June,2,7600.0,1383.2,6216.8,1805.0,4411.8,70.96577017114915
BT-03623,2023-06-03,West,Modern Trade,Lip Gloss,17,200.0,23.0,58.1,Rahul D,2023,June,2,3400.0,782.0,2618.0,987.7,1630.3,62.272727272727266
BT-04160,2023-06-03,East,General Trade,Lip Gloss,59,180.0,13.5,64.51,Pooja N,2023,June,2,10620.0,1433.7,9186.3,3806.09,5380.209999999999,58.567758509955034
BT-04499,2023-06-03,East,Salon Wholesale,Matte Lipstick,21,390.0,14.2,117.97,Sneha B,2023,June,2,8190.0,1162.9799999999998,7027.02,2477.37,4549.650000000001,64.74508397585322
BT-04849,2023-06-03,North,Salon Wholesale,Lip Gloss,10,330.0,10.8,106.26,Deepa S,2023,June,2,3300.0,356.40000000000003,2943.6,1062.6000000000001,1880.9999999999998,63.901345291479814
BT-00083,2023-06-04,East,Modern Trade,Lip Gloss,32,270.0,7.9,79.22,Pooja N,2023,June,2,8640.0,682.5600000000001,7957.44,2535.04,5422.4,68.14251819680702
BT-00402,2023-06-04,North,Modern Trade,SPF 50 Sunscreen 100g,11,450.0,8.2,191.29,Anjali M,2023,June,2,4950.0,405.8999999999999,4544.1,2104.19,2439.9100000000003,53.694020818203825
BT-00679,2023-06-04,North,Pharmacy,BB Cream 30ml,51,440.0,8.4,168.3,Anjali M,2023,June,2,22440.0,1884.96,20555.04,8583.300000000001,11971.74,58.24235807860262
BT-00787,2023-06-04,North,Salon Wholesale,Kajal Eye Pencil,34,210.0,5.2,60.37,Anjali M,2023,June,2,7140.0,371.28000000000003,6768.72,2052.58,4716.14,69.67550733373518
BT-02082,2023-06-04,Central,Modern Trade,Micellar Cleansing Water,42,310.0,6.5,90.24,Sunita P,2023,June,2,13020.0,846.3000000000001,12173.7,3790.08,8383.62,68.86665516646542
BT-02716,2023-06-04,South,General Trade,Hair Oil 200ml,8,310.0,15.4,101.59,Kiran T,2023,June,2,2480.0,381.92,2098.08,812.72,1285.36,61.26363151071455
BT-02985,2023-06-04,North,General Trade,Nail Polish Set (12pc),33,460.0,11.0,183.59,Deepa S,2023,June,2,15180.0,1669.8,13510.2,6058.47,7451.7300000000005,55.15632633121641
BT-03082,2023-06-04,South,Modern Trade,Rose Water Toner 200ml,16,270.0,26.0,73.12,Kiran T,2023,June,2,4320.0,1123.2,3196.8,1169.92,2026.88,63.4034034034034
BT-03702,2023-06-04,South,Online,Compact Powder,21,440.0,18.2,163.94,Anand V,2023,June,2,9240.0,1681.68,7558.32,3442.74,4115.58,54.45098910869082
BT-04117,2023-06-04,East,Salon Wholesale,Rose Water Toner 200ml,45,220.0,11.6,65.65,Sneha B,2023,June,2,9900.0,1148.3999999999999,8751.6,2954.2500000000005,5797.35,66.2433155080214
BT-04179,2023-06-04,West,Modern Trade,Blush Palette,19,660.0,22.6,270.07,Rahul D,2023,June,2,12540.0,2834.04,9705.96,5131.33,4574.629999999999,47.13217445775585
BT-04455,2023-06-04,South,Salon Wholesale,Hydrating Moisturiser 50ml,3,520.0,23.1,201.81,Anand V,2023,June,2,1560.0,360.36,1199.6399999999999,605.4300000000001,594.2099999999998,49.53235970791236
BT-04638,2023-06-04,Central,Pharmacy,Night Repair Cream 50ml,31,1160.0,7.2,467.6,Sunita P,2023,June,2,35960.0,2589.1200000000003,33370.88,14495.6,18875.28,56.56212841854935
BT-00307,2023-06-05,South,Salon Wholesale,Under Eye Cream 15ml,28,770.0,31.4,253.79,Priya R,2023,June,2,21560.0,6769.84,14790.16,7106.12,7684.04,51.953731399795544
BT-00374,2023-06-05,South,Online,SPF 50 Sunscreen 100g,50,410.0,16.7,178.47,Anand V,2023,June,2,20500.0,3423.4999999999995,17076.5,8923.5,8153.0,47.7439756390361
BT-00379,2023-06-05,Central,Modern Trade,Matte Lipstick,39,360.0,9.7,142.96,Suresh K,2023,June,2,14040.0,1361.8799999999999,12678.12,5575.4400000000005,7102.68,56.02313276731882
BT-00861,2023-06-05,West,Modern Trade,Hair Oil 200ml,25,350.0,36.5,127.36,Priya S,2023,June,2,8750.0,3193.75,5556.25,3184.0,2372.25,42.69516310461192
BT-01126,2023-06-05,North,Modern Trade,Hydrating Moisturiser 50ml,18,540.0,13.7,209.63,Rohit K,2023,June,2,9720.0,1331.6399999999999,8388.36,3773.34,4615.02,55.016952062143254
BT-01170,2023-06-05,North,Salon Wholesale,Micellar Cleansing Water,44,310.0,10.0,101.25,Anjali M,2023,June,2,13640.0,1364.0,12276.0,4455.0,7821.0,63.70967741935484
BT-01467,2023-06-05,East,Modern Trade,Compact Powder,57,320.0,13.0,97.44,Meena G,2023,June,2,18240.0,2371.2000000000003,15868.8,5554.08,10314.72,65.0
BT-01845,2023-06-05,Central,Online,Mascara,41,380.0,10.0,147.14,Sunita P,2023,June,2,15580.0,1558.0,14022.0,6032.74,7989.26,56.9766081871345
BT-02119,2023-06-05,West,Modern Trade,Perfume 100ml EDP,12,2560.0,31.1,1282.3,Priya S,2023,June,2,30720.0,9553.92,21166.08,15387.599999999999,5778.480000000003,27.300662191582013
BT-03640,2023-06-05,East,Modern Trade,Face Wash 100ml,13,230.0,5.8,62.24,Sneha B,2023,June,2,2990.0,173.42,2816.58,809.12,2007.46,71.27296224499216
BT-04635,2023-06-05,South,Modern Trade,Face Wash 100ml,23,200.0,19.6,65.7,Kiran T,2023,June,2,4600.0,901.6,3698.4,1511.1000000000001,2187.3,59.14179104477613
BT-04774,2023-06-05,Central,Modern Trade,Nail Polish Set (12pc),9,430.0,10.5,188.0,Suresh K,2023,June,2,3870.0,406.34999999999997,3463.65,1692.0,1771.65,51.14979862284007
BT-00604,2023-06-06,East,Pharmacy,Lip Gloss,5,300.0,9.5,91.05,Meena G,2023,June,2,1500.0,142.5,1357.5,455.25,902.25,66.46408839779005
BT-00910,2023-06-06,East,Modern Trade,Hair Oil 200ml,36,340.0,14.9,119.51,Sneha B,2023,June,2,12240.0,1823.76,10416.24,4302.360000000001,6113.879999999999,58.69565217391304
BT-00952,2023-06-06,East,General Trade,Under Eye Cream 15ml,11,610.0,13.7,206.73,Pooja N,2023,June,2,6710.0,919.2699999999999,5790.7300000000005,2274.0299999999997,3516.7000000000007,60.72982162870658
BT-01386,2023-06-06,South,Online,Night Repair Cream 50ml,45,990.0,19.0,321.06,Anand V,2023,June,2,44550.0,8464.5,36085.5,14447.7,21637.8,59.96258885147774
BT-01546,2023-06-06,South,Online,Hair Serum 100ml,18,440.0,22.7,155.14,Kiran T,2023,June,2,7920.0,1797.84,6122.16,2792.5199999999995,3329.6400000000003,54.38668705162885
BT-01715,2023-06-06,North,Salon Wholesale,Hair Oil 200ml,24,310.0,7.0,121.95,Deepa S,2023,June,2,7440.0,520.8000000000001,6919.2,2926.8,3992.3999999999996,57.70031217481789
BT-02471,2023-06-06,East,Online,SPF 50 Sunscreen 100g,49,410.0,8.4,159.78,Meena G,2023,June,2,20090.0,1687.5600000000002,18402.44,7829.22,10573.219999999998,57.45553307061454
BT-02666,2023-06-06,South,General Trade,Lip Gloss,53,240.0,21.1,83.71,Kiran T,2023,June,2,12720.0,2683.92,10036.08,4436.63,5599.45,55.793198141106885
BT-02722,2023-06-06,West,General Trade,BB Cream 30ml,27,630.0,30.1,212.18,Priya S,2023,June,2,17010.0,5120.01,11889.99,5728.860000000001,6161.129999999999,51.817789586029924
BT-02894,2023-06-06,Central,Online,Micellar Cleansing Water,10,340.0,9.0,107.44,Suresh K,2023,June,2,3400.0,306.0,3094.0,1074.4,2019.6,65.27472527472527
BT-03517,2023-06-06,East,Modern Trade,Vitamin C Face Serum 30ml,57,630.0,13.6,185.6,Meena G,2023,June,2,35910.0,4883.76,31026.239999999998,10579.199999999999,20447.04,65.9024103468548
BT-03632,2023-06-06,South,Salon Wholesale,Kajal Eye Pencil,3,180.0,14.1,46.58,Anand V,2023,June,2,540.0,76.13999999999999,463.86,139.74,324.12,69.87453110852412
BT-04522,2023-06-06,West,Salon Wholesale,SPF 50 Sunscreen 100g,43,580.0,29.2,211.64,Rahul D,2023,June,2,24940.0,7282.48,17657.52,9100.519999999999,8557.000000000002,48.46093902201443
BT-00299,2023-06-07,North,Online,Face Wash 100ml,47,280.0,5.0,76.83,Anjali M,2023,June,2,13160.0,658.0,12502.0,3611.0099999999998,8890.99,71.11654135338345
BT-01053,2023-06-07,West,Salon Wholesale,Micellar Cleansing Water,47,390.0,24.9,118.44,Rahul D,2023,June,2,18330.0,4564.17,13765.83,5566.68,8199.15,59.56161016081123
BT-01811,2023-06-07,North,General Trade,Matte Lipstick,24,440.0,11.7,159.32,Rohit K,2023,June,2,10560.0,1235.52,9324.48,3823.68,5500.799999999999,58.99310202820961
BT-01855,2023-06-07,East,General Trade,Matte Lipstick,26,420.0,7.2,127.6,Sneha B,2023,June,2,10920.0,786.2400000000001,10133.76,3317.6,6816.16,67.26190476190476
BT-02009,2023-06-07,North,General Trade,BB Cream 30ml,14,540.0,12.3,203.36,Rohit K,2023,June,2,7560.0,929.8800000000001,6630.12,2847.04,3783.08,57.0589974238777
BT-02201,2023-06-07,South,Modern Trade,Rose Water Toner 200ml,51,380.0,16.9,103.7,Kiran T,2023,June,2,19380.0,3275.22,16104.78,5288.7,10816.080000000002,67.16068148711129
BT-02522,2023-06-07,East,Salon Wholesale,Eyeshadow Palette 9-shade,7,610.0,9.3,302.19,Sneha B,2023,June,2,4270.0,397.11000000000007,3872.89,2115.33,1757.56,45.38109783649936
BT-02846,2023-06-07,North,Pharmacy,Blush Palette,5,580.0,10.0,258.39,Rohit K,2023,June,2,2900.0,290.0,2610.0,1291.9499999999998,1318.0500000000002,50.500000000000014
BT-03939,2023-06-07,Central,Modern Trade,Face Wash 100ml,34,280.0,7.2,75.52,Sunita P,2023,June,2,9520.0,685.44,8834.56,2567.68,6266.879999999999,70.935960591133
BT-04515,2023-06-07,Central,Pharmacy,Hair Serum 100ml,11,550.0,11.0,216.81,Sunita P,2023,June,2,6050.0,665.5,5384.5,2384.91,2999.59,55.70786516853933
BT-04601,2023-06-07,South,Salon Wholesale,Night Repair Cream 50ml,16,840.0,22.0,282.07,Anand V,2023,June,2,13440.0,2956.8,10483.2,4513.12,5970.080000000001,56.94902319902321
BT-00059,2023-06-08,Central,Online,Under Eye Cream 15ml,15,680.0,5.0,216.38,Vikram N,2023,June,2,10200.0,510.0,9690.0,3245.7,6444.3,66.50464396284829
BT-00851,2023-06-08,North,Modern Trade,Matte Lipstick,26,330.0,7.0,120.85,Deepa S,2023,June,2,8580.0,600.6,7979.4,3142.1,4837.299999999999,60.62235255783642
BT-01245,2023-06-08,North,Online,Perfume 100ml EDP,59,1230.0,5.7,524.96,Anjali M,2023,June,2,72570.0,4136.49,68433.51,30972.640000000003,37460.869999999995,54.74053574045814
BT-01366,2023-06-08,South,Modern Trade,Blush Palette,21,760.0,14.4,327.33,Anand V,2023,June,2,15960.0,2298.2400000000002,13661.76,6873.929999999999,6787.830000000001,49.684886866699465
BT-01843,2023-06-08,East,General Trade,Under Eye Cream 15ml,7,740.0,9.1,221.85,Pooja N,2023,June,2,5180.0,471.38,4708.62,1552.95,3155.67,67.01899919721703
BT-02186,2023-06-08,West,Online,Face Wash 100ml,53,310.0,43.0,100.13,Priya S,2023,June,2,16430.0,7064.9,9365.1,5306.889999999999,4058.210000000001,43.33333333333334
BT-02412,2023-06-08,Central,Salon Wholesale,Matte Lipstick,21,510.0,5.1,178.04,Sunita P,2023,June,2,10710.0,546.2099999999999,10163.79,3738.8399999999997,6424.950000000001,63.214115994132115
BT-03069,2023-06-08,West,Modern Trade,Vitamin C Face Serum 30ml,13,750.0,43.7,247.5,Priya S,2023,June,2,9750.0,4260.750000000001,5489.249999999999,3217.5,2271.749999999999,41.38543516873889
BT-04236,2023-06-08,West,Online,Under Eye Cream 15ml,40,800.0,31.5,268.32,Nidhi C,2023,June,2,32000.0,10080.0,21920.0,10732.8,11187.2,51.03649635036497
BT-04329,2023-06-08,Central,Online,Eyeshadow Palette 9-shade,34,960.0,11.4,474.34,Sunita P,2023,June,2,32640.0,3720.96,28919.04,16127.56,12791.480000000001,44.232035364936046
BT-04984,2023-06-08,North,Online,Compact Powder,23,350.0,8.2,134.75,Deepa S,2023,June,2,8050.0,660.0999999999999,7389.9,3099.25,4290.65,58.06100217864923
BT-00487,2023-06-09,North,Salon Wholesale,Hair Oil 200ml,50,320.0,7.4,115.42,Rohit K,2023,June,2,16000.0,1184.0000000000002,14816.0,5771.0,9045.0,61.048866090712735
BT-01254,2023-06-09,Central,Modern Trade,SPF 50 Sunscreen 100g,14,390.0,4.3,140.67,Sunita P,2023,June,2,5460.0,234.77999999999997,5225.22,1969.3799999999999,3255.84,62.310103689414035
BT-01980,2023-06-09,East,Online,Lip Gloss,17,200.0,9.4,59.22,Pooja N,2023,June,2,3400.0,319.6,3080.4,1006.74,2073.66,67.31788079470198
BT-01995,2023-06-09,East,General Trade,Night Repair Cream 50ml,2,690.0,11.7,247.02,Meena G,2023,June,2,1380.0,161.45999999999998,1218.54,494.04,724.5,59.456398640996596
BT-03164,2023-06-09,North,Modern Trade,Eyeshadow Palette 9-shade,54,920.0,13.0,433.87,Anjali M,2023,June,2,49680.0,6458.400000000001,43221.6,23428.98,19792.62,45.79335332333833
BT-03264,2023-06-09,North,Online,Night Repair Cream 50ml,51,1090.0,5.4,357.3,Deepa S,2023,June,2,55590.0,3001.86,52588.14,18222.3,34365.84,65.34903116938533
BT-04465,2023-06-09,West,Salon Wholesale,Kajal Eye Pencil,5,200.0,35.1,57.58,Nidhi C,2023,June,2,1000.0,351.00000000000006,649.0,287.9,361.1,55.639445300462256
BT-04841,2023-06-09,North,Online,Hair Serum 100ml,28,530.0,11.0,215.66,Rohit K,2023,June,2,14840.0,1632.4,13207.6,6038.48,7169.120000000001,54.28026287894849
BT-01970,2023-06-10,North,Pharmacy,Nail Polish Set (12pc),19,470.0,14.1,179.96,Rohit K,2023,June,2,8930.0,1259.1299999999999,7670.87,3419.2400000000002,4251.629999999999,55.42565576003764
BT-03519,2023-06-10,North,Online,Hair Oil 200ml,31,370.0,9.6,133.35,Rohit K,2023,June,2,11470.0,1101.1200000000001,10368.88,4133.849999999999,6235.03,60.13214541975604
BT-03624,2023-06-10,East,Pharmacy,Kajal Eye Pencil,27,230.0,12.1,73.44,Sneha B,2023,June,2,6210.0,751.41,5458.59,1982.8799999999999,3475.71,63.674135628431515
BT-03674,2023-06-10,Central,Online,Face Wash 100ml,59,190.0,4.3,54.97,Sunita P,2023,June,2,11210.0,482.03,10727.97,3243.23,7484.74,69.76846504977176
BT-03955,2023-06-10,South,Modern Trade,Nail Polish Set (12pc),57,410.0,24.3,180.73,Anand V,2023,June,2,23370.0,5678.91,17691.09,10301.609999999999,7389.480000000001,41.76950091825886
BT-04008,2023-06-10,North,Modern Trade,Hair Oil 200ml,3,260.0,7.5,85.1,Deepa S,2023,June,2,780.0,58.5,721.5,255.29999999999998,466.20000000000005,64.61538461538461
BT-04358,2023-06-10,North,Salon Wholesale,Nail Polish Set (12pc),44,500.0,13.7,237.9,Rohit K,2023,June,2,22000.0,3013.9999999999995,18986.0,10467.6,8518.4,44.8667439165701
BT-04394,2023-06-10,South,Modern Trade,SPF 50 Sunscreen 100g,11,370.0,16.1,164.17,Kiran T,2023,June,2,4070.0,655.27,3414.73,1805.87,1608.8600000000001,47.11529169216893
BT-04739,2023-06-10,East,Salon Wholesale,Face Wash 100ml,13,230.0,4.7,69.55,Pooja N,2023,June,2,2990.0,140.53,2849.47,904.15,1945.3199999999997,68.26953784387973
BT-04794,2023-06-10,West,General Trade,Kajal Eye Pencil,55,120.0,36.6,34.82,Priya S,2023,June,2,6600.0,2415.6,4184.4,1915.1,2269.2999999999997,54.23238696109358
BT-04923,2023-06-10,South,General Trade,Hair Serum 100ml,38,550.0,18.3,216.21,Priya R,2023,June,2,20900.0,3824.7,17075.3,8215.98,8859.32,51.883832202069655
BT-00131,2023-06-11,East,Salon Wholesale,SPF 50 Sunscreen 100g,5,480.0,12.0,172.13,Sneha B,2023,June,2,2400.0,288.0,2112.0,860.65,1251.35,59.24952651515151
BT-02098,2023-06-11,South,Salon Wholesale,Compact Powder,34,280.0,22.5,96.74,Anand V,2023,June,2,9520.0,2142.0,7378.0,3289.16,4088.84,55.41935483870968
BT-02202,2023-06-11,East,General Trade,Hair Serum 100ml,58,570.0,4.6,208.79,Pooja N,2023,June,2,33060.0,1520.76,31539.24,12109.82,19429.420000000002,61.60395748280555
BT-02493,2023-06-11,West,Pharmacy,Vitamin C Face Serum 30ml,41,510.0,30.1,175.49,Rahul D,2023,June,2,20910.0,6293.91,14616.09,7195.09,7421.0,50.77281270161856
BT-02500,2023-06-11,North,Online,Hair Oil 200ml,41,230.0,11.5,87.26,Rohit K,2023,June,2,9430.0,1084.45,8345.55,3577.6600000000003,4767.889999999999,57.130926062392525
BT-03110,2023-06-11,North,Online,Compact Powder,21,350.0,12.7,112.7,Rohit K,2023,June,2,7350.0,933.45,6416.55,2366.7000000000003,4049.85,63.115693012600225
BT-04007,2023-06-11,South,General Trade,SPF 50 Sunscreen 100g,18,430.0,15.9,190.32,Kiran T,2023,June,2,7740.0,1230.66,6509.34,3425.7599999999998,3083.5800000000004,47.3716229295136
BT-04505,2023-06-11,North,Online,SPF 50 Sunscreen 100g,20,480.0,13.6,206.26,Anjali M,2023,June,2,9600.0,1305.6000000000001,8294.4,4125.2,4169.2,50.26523919753087
BT-04760,2023-06-11,South,General Trade,Hair Serum 100ml,34,570.0,24.0,196.54,Kiran T,2023,June,2,19380.0,4651.2,14728.8,6682.36,8046.44,54.63065558633426
BT-04983,2023-06-11,South,Modern Trade,Hair Oil 200ml,41,340.0,27.2,134.61,Priya R,2023,June,2,13940.0,3791.6800000000003,10148.32,5519.01,4629.3099999999995,45.616515837104075
BT-00467,2023-06-12,West,Online,Micellar Cleansing Water,28,440.0,28.5,150.96,Priya S,2023,June,2,12320.0,3511.2,8808.8,4226.88,4581.919999999999,52.015257469802926
BT-00764,2023-06-12,West,Modern Trade,Hydrating Moisturiser 50ml,16,520.0,31.8,170.46,Nidhi C,2023,June,2,8320.0,2645.76,5674.24,2727.36,2946.8799999999997,51.934355966614035
BT-01221,2023-06-12,East,Salon Wholesale,Nail Polish Set (12pc),3,400.0,10.9,189.68,Pooja N,2023,June,2,1200.0,130.8,1069.2,569.04,500.1600000000001,46.77890011223345
BT-01407,2023-06-12,North,Modern Trade,Hydrating Moisturiser 50ml,30,600.0,5.5,231.9,Deepa S,2023,June,2,18000.0,990.0,17010.0,6957.0,10053.0,59.1005291005291
BT-01417,2023-06-12,North,Salon Wholesale,Face Wash 100ml,45,280.0,8.2,80.84,Rohit K,2023,June,2,12600.0,1033.1999999999998,11566.8,3637.8,7928.999999999999,68.54964207905384
BT-01720,2023-06-12,West,Pharmacy,Blush Palette,38,500.0,26.2,233.55,Rahul D,2023,June,2,19000.0,4978.0,14022.0,8874.9,5147.1,36.707317073170735
BT-01773,2023-06-12,West,Online,Nail Polish Set (12pc),47,670.0,33.6,308.13,Rahul D,2023,June,2,31490.0,10580.640000000001,20909.36,14482.11,6427.25,30.738626146376554
BT-01797,2023-06-12,West,Modern Trade,SPF 50 Sunscreen 100g,43,570.0,33.3,220.08,Rahul D,2023,June,2,24510.0,8161.829999999999,16348.170000000002,9463.44,6884.730000000001,42.11315394934112
BT-01898,2023-06-12,Central,General Trade,Eyeshadow Palette 9-shade,57,690.0,8.8,308.15,Sunita P,2023,June,2,39330.0,3461.0400000000004,35868.96,17564.55,18304.41,51.031337401474694
BT-01967,2023-06-12,West,Pharmacy,Hair Oil 200ml,14,340.0,38.8,110.4,Nidhi C,2023,June,2,4760.0,1846.8799999999999,2913.12,1545.6000000000001,1367.5199999999998,46.9434832756632
BT-02184,2023-06-12,North,Pharmacy,Face Wash 100ml,24,220.0,6.6,69.12,Anjali M,2023,June,2,5280.0,348.48,4931.52,1658.88,3272.6400000000003,66.3616897021608
BT-02424,2023-06-12,South,Pharmacy,Face Wash 100ml,18,240.0,27.7,67.32,Kiran T,2023,June,2,4320.0,1196.6399999999999,3123.36,1211.7599999999998,1911.6000000000004,61.20331950207469
BT-02673,2023-06-12,South,Modern Trade,Blush Palette,39,540.0,21.9,213.46,Priya R,2023,June,2,21060.0,4612.139999999999,16447.86,8324.94,8122.92,49.385877554891636
BT-02682,2023-06-12,North,Salon Wholesale,Lip Gloss,5,260.0,8.5,87.26,Anjali M,2023,June,2,1300.0,110.50000000000001,1189.5,436.3,753.2,63.32072299285414
BT-02939,2023-06-12,Central,Online,Hair Oil 200ml,8,300.0,6.7,91.2,Sunita P,2023,June,2,2400.0,160.8,2239.2,729.6,1509.6,67.41693461950696
BT-04974,2023-06-12,South,Salon Wholesale,Under Eye Cream 15ml,31,550.0,14.2,164.01,Anand V,2023,June,2,17050.0,2421.1,14628.9,5084.3099999999995,9544.59,65.24475524475525
BT-00521,2023-06-13,West,General Trade,Mascara,32,550.0,43.6,239.25,Priya S,2023,June,2,17600.0,7673.6,9926.4,7656.0,2270.3999999999996,22.872340425531913
BT-00747,2023-06-13,Central,Salon Wholesale,Micellar Cleansing Water,38,310.0,11.8,99.05,Vikram N,2023,June,2,11780.0,1390.0400000000002,10389.96,3763.9,6626.0599999999995,63.773681515617
BT-01185,2023-06-13,North,General Trade,Rose Water Toner 200ml,11,220.0,5.1,55.37,Anjali M,2023,June,2,2420.0,123.41999999999999,2296.58,609.0699999999999,1687.51,73.47926046556184
BT-01789,2023-06-13,South,Salon Wholesale,Perfume 100ml EDP,59,1300.0,19.5,570.05,Priya R,2023,June,2,76700.0,14956.5,61743.5,33632.95,28110.550000000003,45.527950310559014
BT-01961,2023-06-13,East,Pharmacy,Nail Polish Set (12pc),44,420.0,12.5,166.11,Meena G,2023,June,2,18480.0,2310.0,16170.0,7308.84,8861.16,54.800000000000004
BT-02284,2023-06-13,West,Online,Hair Oil 200ml,55,270.0,32.4,90.64,Priya S,2023,June,2,14850.0,4811.400000000001,10038.599999999999,4985.2,5053.399999999999,50.339688801227254
BT-02777,2023-06-13,North,Modern Trade,Eyeshadow Palette 9-shade,11,940.0,12.9,431.65,Rohit K,2023,June,2,10340.0,1333.8600000000001,9006.14,4748.15,4257.99,47.27874538925666
BT-02937,2023-06-13,West,Salon Wholesale,Compact Powder,10,410.0,28.2,144.03,Priya S,2023,June,2,4100.0,1156.1999999999998,2943.8,1440.3,1503.5000000000002,51.073442489299545
BT-02954,2023-06-13,South,Online,Kajal Eye Pencil,38,180.0,24.0,60.16,Anand V,2023,June,2,6840.0,1641.6,5198.4,2286.08,2912.3199999999997,56.0233918128655
BT-04413,2023-06-13,North,Online,Nail Polish Set (12pc),31,460.0,11.8,191.87,Deepa S,2023,June,2,14260.0,1682.68,12577.32,5947.97,6629.349999999999,52.7087646652864
BT-04630,2023-06-13,East,Pharmacy,Eyeshadow Palette 9-shade,51,940.0,14.5,401.29,Meena G,2023,June,2,47940.0,6951.299999999999,40988.7,20465.79,20522.909999999996,50.069677740450416
BT-04674,2023-06-13,East,Modern Trade,Hydrating Moisturiser 50ml,8,380.0,16.8,147.06,Meena G,2023,June,2,3040.0,510.72,2529.2799999999997,1176.48,1352.7999999999997,53.48557692307692
BT-04835,2023-06-13,South,Online,Vitamin C Face Serum 30ml,33,680.0,19.4,194.82,Kiran T,2023,June,2,22440.0,4353.36,18086.64,6429.0599999999995,11657.58,64.45409429280397
BT-00198,2023-06-14,East,General Trade,Compact Powder,32,370.0,11.9,114.14,Sneha B,2023,June,2,11840.0,1408.96,10431.04,3652.48,6778.560000000001,64.98450777678929
BT-00230,2023-06-14,South,Online,Night Repair Cream 50ml,18,820.0,17.0,337.92,Kiran T,2023,June,2,14760.0,2509.2000000000003,12250.8,6082.56,6168.239999999999,50.349691448721714
BT-00235,2023-06-14,Central,Pharmacy,Blush Palette,32,650.0,5.6,260.84,Sunita P,2023,June,2,20800.0,1164.8,19635.2,8346.88,11288.320000000002,57.49022164276402
BT-00420,2023-06-14,West,Online,Hydrating Moisturiser 50ml,26,450.0,39.5,154.26,Nidhi C,2023,June,2,11700.0,4621.5,7078.5,4010.7599999999998,3067.7400000000002,43.33884297520662
BT-00719,2023-06-14,West,Salon Wholesale,Rose Water Toner 200ml,48,330.0,35.1,95.37,Rahul D,2023,June,2,15840.0,5559.84,10280.16,4577.76,5702.4,55.46995377503852
BT-00974,2023-06-14,East,Modern Trade,Nail Polish Set (12pc),49,640.0,10.5,245.57,Sneha B,2023,June,2,31360.0,3292.7999999999997,28067.2,12032.93,16034.27,57.12814245810056
BT-01055,2023-06-14,North,Modern Trade,Kajal Eye Pencil,5,240.0,14.6,70.27,Rohit K,2023,June,2,1200.0,175.2,1024.8,351.34999999999997,673.45,65.71526151444185
BT-01119,2023-06-14,Central,Modern Trade,Hydrating Moisturiser 50ml,9,410.0,6.6,148.17,Vikram N,2023,June,2,3690.0,243.54000000000002,3446.46,1333.53,2112.9300000000003,61.30725440016713
BT-01338,2023-06-14,North,Salon Wholesale,Mascara,46,440.0,10.2,163.77,Anjali M,2023,June,2,20240.0,2064.48,18175.52,7533.42,10642.1,58.55183235472767
BT-01563,2023-06-14,North,Salon Wholesale,Blush Palette,56,620.0,8.1,285.7,Anjali M,2023,June,2,34720.0,2812.32,31907.68,15999.199999999999,15908.480000000001,49.85783986801924
BT-01768,2023-06-14,Central,General Trade,Lip Gloss,42,320.0,10.3,105.6,Vikram N,2023,June,2,13440.0,1384.3200000000002,12055.68,4435.2,7620.4800000000005,63.21070234113713
BT-02134,2023-06-14,North,Modern Trade,Nail Polish Set (12pc),21,410.0,13.9,184.95,Rohit K,2023,June,2,8610.0,1196.7900000000002,7413.21,3883.95,3529.26,47.60771649528342
BT-02187,2023-06-14,North,Modern Trade,Face Wash 100ml,43,320.0,10.3,90.14,Deepa S,2023,June,2,13760.0,1417.2800000000002,12342.72,3876.02,8466.699999999999,68.59671125975473
BT-02545,2023-06-14,East,Online,Compact Powder,53,450.0,14.4,162.45,Sneha B,2023,June,2,23850.0,3434.4000000000005,20415.6,8609.849999999999,11805.75,57.82710280373832
BT-02680,2023-06-14,East,Modern Trade,Face Wash 100ml,3,190.0,11.6,48.6,Meena G,2023,June,2,570.0,66.11999999999999,503.88,145.8,358.08,71.06453917599428
BT-02761,2023-06-14,Central,General Trade,Matte Lipstick,48,370.0,9.9,121.43,Suresh K,2023,June,2,17760.0,1758.24,16001.76,5828.64,10173.119999999999,63.57500674925758
BT-03157,2023-06-14,Central,General Trade,Face Wash 100ml,57,180.0,13.4,50.65,Suresh K,2023,June,2,10260.0,1374.8400000000001,8885.16,2887.0499999999997,5998.110000000001,67.50705671028997
BT-03383,2023-06-14,North,General Trade,Matte Lipstick,51,430.0,6.2,159.79,Deepa S,2023,June,2,21930.0,1359.66,20570.34,8149.29,12421.05,60.383299449595874
BT-03639,2023-06-14,South,General Trade,Perfume 100ml EDP,60,1570.0,22.1,769.3,Kiran T,2023,June,2,94200.0,20818.2,73381.8,46158.0,27223.800000000003,37.09884467265726
BT-04004,2023-06-14,South,General Trade,SPF 50 Sunscreen 100g,14,330.0,16.0,118.4,Anand V,2023,June,2,4620.0,739.2,3880.8,1657.6000000000001,2223.2,57.28715728715728
BT-04325,2023-06-14,Central,General Trade,Lip Gloss,26,250.0,10.8,73.17,Sunita P,2023,June,2,6500.0,702.0000000000001,5798.0,1902.42,3895.58,67.18834080717488
BT-04608,2023-06-14,East,Online,Eyeshadow Palette 9-shade,43,880.0,14.6,371.45,Sneha B,2023,June,2,37840.0,5524.639999999999,32315.36,15972.35,16343.01,50.573504364487974
BT-00290,2023-06-15,Central,General Trade,BB Cream 30ml,55,600.0,6.9,211.56,Vikram N,2023,June,2,33000.0,2277.0,30723.0,11635.8,19087.2,62.12674543501612
BT-00395,2023-06-15,East,Modern Trade,Lip Gloss,52,320.0,7.2,108.38,Meena G,2023,June,2,16640.0,1198.0800000000002,15441.92,5635.76,9806.16,63.503502155172406
BT-00554,2023-06-15,West,General Trade,Kajal Eye Pencil,55,140.0,29.0,45.98,Rahul D,2023,June,2,7700.0,2233.0,5467.0,2528.8999999999996,2938.1000000000004,53.74245472837023
BT-01026,2023-06-15,North,Online,BB Cream 30ml,7,620.0,12.0,258.23,Anjali M,2023,June,2,4340.0,520.8,3819.2,1807.6100000000001,2011.5899999999997,52.67045454545454
BT-01273,2023-06-15,South,Pharmacy,Kajal Eye Pencil,41,130.0,24.5,33.59,Anand V,2023,June,2,5330.0,1305.85,4024.15,1377.19,2646.96,65.77687213448803
BT-01558,2023-06-15,North,Salon Wholesale,Compact Powder,55,480.0,6.8,155.9,Rohit K,2023,June,2,26400.0,1795.2,24604.8,8574.5,16030.3,65.15110872675251
BT-01612,2023-06-15,West,Online,Hair Serum 100ml,7,480.0,29.7,187.2,Priya S,2023,June,2,3360.0,997.92,2362.08,1310.3999999999999,1051.68,44.52347083926031
BT-01702,2023-06-15,South,Pharmacy,Blush Palette,47,680.0,16.1,295.73,Anand V,2023,June,2,31960.0,5145.56,26814.44,13899.310000000001,12915.129999999997,48.16483208301198
BT-01796,2023-06-15,East,Pharmacy,BB Cream 30ml,52,610.0,15.5,241.56,Meena G,2023,June,2,31720.0,4916.6,26803.4,12561.12,14242.28,53.13609467455621
BT-02107,2023-06-15,West,Salon Wholesale,Hair Serum 100ml,43,530.0,24.1,193.72,Nidhi C,2023,June,2,22790.0,5492.39,17297.61,8329.96,8967.650000000001,51.84328933303504
BT-02137,2023-06-15,South,Modern Trade,Mascara,2,550.0,18.6,219.23,Kiran T,2023,June,2,1100.0,204.60000000000002,895.4,438.46,456.94,51.03194103194103
BT-02332,2023-06-15,East,Salon Wholesale,Eyeshadow Palette 9-shade,46,840.0,14.9,342.38,Sneha B,2023,June,2,38640.0,5757.36,32882.64,15749.48,17133.16,52.103967321358624
BT-02450,2023-06-15,East,General Trade,Hair Oil 200ml,8,270.0,10.1,105.49,Sneha B,2023,June,2,2160.0,218.16,1941.84,843.92,1097.92,56.5401886870185
BT-03427,2023-06-15,South,Modern Trade,Hair Serum 100ml,33,500.0,20.4,203.35,Priya R,2023,June,2,16500.0,3366.0,13134.0,6710.55,6423.45,48.90703517587939
BT-03717,2023-06-15,West,Modern Trade,Vitamin C Face Serum 30ml,42,640.0,28.7,186.43,Priya S,2023,June,2,26880.0,7714.5599999999995,19165.440000000002,7830.06,11335.380000000001,59.14489831697054
BT-04121,2023-06-15,West,Online,Hair Oil 200ml,48,310.0,36.0,119.07,Priya S,2023,June,2,14880.0,5356.8,9523.2,5715.36,3807.840000000001,39.98487903225808
BT-04259,2023-06-15,South,General Trade,Hair Serum 100ml,42,660.0,24.4,233.44,Priya R,2023,June,2,27720.0,6763.68,20956.32,9804.48,11151.84,53.214686548019884
BT-04576,2023-06-15,West,Pharmacy,Blush Palette,60,660.0,39.1,275.35,Nidhi C,2023,June,2,39600.0,15483.6,24116.4,16521.0,7595.4000000000015,31.494750460267706
BT-00113,2023-06-16,North,Pharmacy,Mascara,12,570.0,11.1,255.82,Deepa S,2023,June,2,6840.0,759.24,6080.76,3069.84,3010.92,49.515521086180016
BT-00337,2023-06-16,East,Modern Trade,Night Repair Cream 50ml,30,920.0,9.0,309.86,Sneha B,2023,June,2,27600.0,2484.0,25116.0,9295.800000000001,15820.199999999999,62.988533205924504
BT-00660,2023-06-16,South,Salon Wholesale,Compact Powder,27,350.0,24.2,121.91,Priya R,2023,June,2,9450.0,2286.9,7163.1,3291.5699999999997,3871.5300000000007,54.04824726724463
BT-00973,2023-06-16,South,Salon Wholesale,Nail Polish Set (12pc),15,490.0,23.1,212.76,Kiran T,2023,June,2,7350.0,1697.8500000000001,5652.15,3191.3999999999996,2460.75,43.536530346859166
BT-01070,2023-06-16,Central,Online,Hydrating Moisturiser 50ml,32,580.0,10.3,190.88,Sunita P,2023,June,2,18560.0,1911.68,16648.32,6108.16,10540.16,63.31065236612463
BT-01464,2023-06-16,West,Online,Perfume 100ml EDP,53,1340.0,36.5,624.98,Rahul D,2023,June,2,71020.0,25922.3,45097.7,33123.94,11973.759999999995,26.550711011869776
BT-02010,2023-06-16,East,Modern Trade,Hydrating Moisturiser 50ml,5,460.0,14.9,171.99,Sneha B,2023,June,2,2300.0,342.7,1957.3,859.95,1097.35,56.064476574873545
BT-02041,2023-06-16,East,Pharmacy,Rose Water Toner 200ml,4,250.0,9.0,59.58,Meena G,2023,June,2,1000.0,90.0,910.0,238.32,671.6800000000001,73.81098901098902
BT-02341,2023-06-16,East,Salon Wholesale,Vitamin C Face Serum 30ml,3,720.0,5.0,219.1,Pooja N,2023,June,2,2160.0,108.0,2052.0,657.3,1394.7,67.96783625730994
BT-02346,2023-06-16,West,Pharmacy,Hydrating Moisturiser 50ml,39,400.0,25.0,154.24,Nidhi C,2023,June,2,15600.0,3900.0,11700.0,6015.360000000001,5684.639999999999,48.58666666666666
BT-02541,2023-06-16,East,General Trade,Matte Lipstick,16,430.0,15.1,148.31,Sneha B,2023,June,2,6880.0,1038.8799999999999,5841.12,2372.96,3468.16,59.37491439997808
BT-02619,2023-06-16,West,Modern Trade,Vitamin C Face Serum 30ml,57,600.0,31.1,205.86,Rahul D,2023,June,2,34200.0,10636.2,23563.8,11734.02,11829.779999999999,50.20319303338171
BT-02762,2023-06-16,West,Online,Mascara,31,520.0,40.2,185.22,Nidhi C,2023,June,2,16120.0,6480.240000000001,9639.759999999998,5741.82,3897.9399999999987,40.43606894777463
BT-02895,2023-06-16,Central,General Trade,Nail Polish Set (12pc),17,460.0,7.2,201.2,Suresh K,2023,June,2,7820.0,563.0400000000001,7256.96,3420.3999999999996,3836.5600000000004,52.867316341829095
BT-03453,2023-06-16,South,Pharmacy,Lip Gloss,19,250.0,20.2,72.8,Priya R,2023,June,2,4750.0,959.4999999999999,3790.5,1383.2,2407.3,63.50877192982457
BT-04043,2023-06-16,East,Online,Hydrating Moisturiser 50ml,22,440.0,11.5,171.95,Sneha B,2023,June,2,9680.0,1113.2,8566.8,3782.8999999999996,4783.9,55.84232152028762
BT-04189,2023-06-16,East,Pharmacy,Night Repair Cream 50ml,25,1170.0,9.3,400.37,Pooja N,2023,June,2,29250.0,2720.2500000000005,26529.75,10009.25,16520.5,62.2716007501013
BT-00181,2023-06-17,Central,Modern Trade,Compact Powder,14,320.0,12.6,127.84,Vikram N,2023,June,2,4480.0,564.48,3915.52,1789.76,2125.76,54.29061784897026
BT-00384,2023-06-17,East,General Trade,Vitamin C Face Serum 30ml,57,700.0,12.1,218.68,Sneha B,2023,June,2,39900.0,4827.9,35072.1,12464.76,22607.339999999997,64.45961319681456
BT-00449,2023-06-17,South,Online,BB Cream 30ml,26,470.0,18.8,181.19,Kiran T,2023,June,2,12220.0,2297.36,9922.64,4710.94,5211.7,52.523320406665974
BT-00649,2023-06-17,South,Salon Wholesale,Compact Powder,39,390.0,14.9,148.24,Anand V,2023,June,2,15210.0,2266.29,12943.71,5781.360000000001,7162.3499999999985,55.33459881285967
BT-00832,2023-06-17,North,Online,Lip Gloss,23,190.0,7.0,67.34,Deepa S,2023,June,2,4370.0,305.90000000000003,4064.1,1548.8200000000002,2515.2799999999997,61.890209394453876
BT-00835,2023-06-17,North,Pharmacy,Hydrating Moisturiser 50ml,55,380.0,7.7,140.83,Rohit K,2023,June,2,20900.0,1609.3,19290.7,7745.650000000001,11545.05,59.84775047043394
BT-01767,2023-06-17,South,Modern Trade,BB Cream 30ml,38,490.0,14.1,169.29,Anand V,2023,June,2,18620.0,2625.4199999999996,15994.58,6433.0199999999995,9561.560000000001,59.78000047516097
BT-01827,2023-06-17,Central,Online,Eyeshadow Palette 9-shade,12,750.0,10.5,317.25,Suresh K,2023,June,2,9000.0,945.0,8055.0,3807.0,4248.0,52.737430167597765
BT-01878,2023-06-17,East,Salon Wholesale,Night Repair Cream 50ml,51,940.0,15.9,380.7,Meena G,2023,June,2,47940.0,7622.46,40317.54,19415.7,20901.84,51.843043995243754
BT-02132,2023-06-17,South,Online,Rose Water Toner 200ml,33,270.0,22.7,66.12,Anand V,2023,June,2,8910.0,2022.5699999999997,6887.43,2181.96,4705.47,68.31967802213597
BT-03007,2023-06-17,West,Modern Trade,Under Eye Cream 15ml,13,880.0,36.6,257.49,Nidhi C,2023,June,2,11440.0,4187.04,7252.96,3347.37,3905.59,53.84822196730714
BT-03229,2023-06-17,North,Online,Rose Water Toner 200ml,29,310.0,9.4,87.73,Anjali M,2023,June,2,8990.0,845.06,8144.9400000000005,2544.17,5600.77,68.76379690949227
BT-03940,2023-06-17,East,Modern Trade,Under Eye Cream 15ml,8,870.0,14.4,314.5,Meena G,2023,June,2,6960.0,1002.2400000000001,5957.76,2516.0,3441.76,57.76936298206037
BT-04473,2023-06-17,East,Salon Wholesale,Face Wash 100ml,15,240.0,11.4,69.12,Meena G,2023,June,2,3600.0,410.40000000000003,3189.6,1036.8000000000002,2152.7999999999997,67.49435665914221
BT-04744,2023-06-17,East,Modern Trade,Hair Serum 100ml,54,670.0,8.3,258.62,Meena G,2023,June,2,36180.0,3002.94,33177.06,13965.48,19211.579999999998,57.906215921483096
BT-04934,2023-06-17,South,Modern Trade,Blush Palette,31,690.0,25.9,298.63,Priya R,2023,June,2,21390.0,5540.01,15849.99,9257.53,6592.459999999999,41.59283381251344
BT-00025,2023-06-18,South,Pharmacy,Hair Oil 200ml,42,260.0,22.5,103.61,Anand V,2023,June,2,10920.0,2457.0,8463.0,4351.62,4111.38,48.58064516129033
BT-00161,2023-06-18,South,Salon Wholesale,Under Eye Cream 15ml,40,630.0,30.7,216.15,Priya R,2023,June,2,25200.0,7736.4,17463.6,8646.0,8817.599999999999,50.49130763416477
BT-00429,2023-06-18,Central,Modern Trade,Compact Powder,57,280.0,11.0,94.61,Vikram N,2023,June,2,15960.0,1755.6,14204.4,5392.7699999999995,8811.630000000001,62.03451043338685
BT-01122,2023-06-18,South,Online,Hair Oil 200ml,2,320.0,21.2,119.97,Kiran T,2023,June,2,640.0,135.68,504.32,239.94,264.38,52.423064720812185
BT-01262,2023-06-18,West,General Trade,BB Cream 30ml,59,670.0,41.0,233.09,Nidhi C,2023,June,2,39530.0,16207.3,23322.7,13752.31,9570.390000000001,41.03465722236277
BT-01902,2023-06-18,North,Modern Trade,Hair Serum 100ml,25,420.0,9.4,148.85,Deepa S,2023,June,2,10500.0,987.0,9513.0,3721.25,5791.75,60.88247661095343
BT-02238,2023-06-18,North,Salon Wholesale,Kajal Eye Pencil,50,200.0,10.0,59.62,Anjali M,2023,June,2,10000.0,1000.0,9000.0,2981.0,6019.0,66.87777777777778
BT-03329,2023-06-18,West,General Trade,Hair Serum 100ml,22,570.0,25.8,224.3,Rahul D,2023,June,2,12540.0,3235.32,9304.68,4934.6,4370.08,46.96647278573793
BT-00485,2023-06-19,West,Pharmacy,Matte Lipstick,30,340.0,29.3,112.37,Nidhi C,2023,June,2,10200.0,2988.6,7211.4,3371.1000000000004,3840.2999999999993,53.25318246110324
BT-00732,2023-06-19,East,Online,Vitamin C Face Serum 30ml,27,550.0,14.4,164.72,Sneha B,2023,June,2,14850.0,2138.4,12711.6,4447.44,8264.16,65.01274426508071
BT-00908,2023-06-19,Central,Pharmacy,Hydrating Moisturiser 50ml,48,610.0,8.6,219.97,Suresh K,2023,June,2,29280.0,2518.08,26761.92,10558.56,16203.359999999999,60.54632851454605
BT-01572,2023-06-19,South,Salon Wholesale,Blush Palette,26,510.0,26.6,204.0,Priya R,2023,June,2,13260.0,3527.1600000000003,9732.84,5304.0,4428.84,45.50408719346049
BT-01625,2023-06-19,Central,Modern Trade,Under Eye Cream 15ml,10,670.0,12.0,214.13,Sunita P,2023,June,2,6700.0,804.0,5896.0,2141.3,3754.7,63.68215739484396
BT-01659,2023-06-19,Central,Online,Mascara,21,520.0,7.2,229.89,Suresh K,2023,June,2,10920.0,786.2400000000001,10133.76,4827.69,5306.070000000001,52.360328249336874
BT-01831,2023-06-19,West,Salon Wholesale,Compact Powder,7,480.0,29.4,145.78,Nidhi C,2023,June,2,3360.0,987.8399999999999,2372.16,1020.46,1351.6999999999998,56.98182247403211
BT-02236,2023-06-19,North,Modern Trade,Rose Water Toner 200ml,8,310.0,6.9,72.29,Anjali M,2023,June,2,2480.0,171.12,2308.88,578.32,1730.56,74.95235785315823
BT-02466,2023-06-19,East,General Trade,Vitamin C Face Serum 30ml,42,650.0,12.8,188.24,Meena G,2023,June,2,27300.0,3494.4,23805.6,7906.08,15899.519999999999,66.78899082568807
BT-02473,2023-06-19,West,Online,Hair Oil 200ml,41,400.0,34.3,152.32,Rahul D,2023,June,2,16400.0,5625.2,10774.8,6245.12,4529.679999999999,42.03957382039574
BT-02907,2023-06-19,Central,Pharmacy,Hair Serum 100ml,4,520.0,5.7,193.02,Vikram N,2023,June,2,2080.0,118.56,1961.44,772.08,1189.3600000000001,60.63708295945837
BT-03537,2023-06-19,West,Pharmacy,BB Cream 30ml,34,630.0,31.4,256.41,Rahul D,2023,June,2,21420.0,6725.88,14694.119999999999,8717.94,5976.1799999999985,40.67055393586005
BT-03673,2023-06-19,South,General Trade,Hair Oil 200ml,55,300.0,18.4,94.8,Kiran T,2023,June,2,16500.0,3036.0,13464.0,5214.0,8250.0,61.274509803921575
BT-04328,2023-06-19,North,General Trade,Kajal Eye Pencil,47,180.0,10.0,48.87,Deepa S,2023,June,2,8460.0,846.0,7614.0,2296.89,5317.110000000001,69.83333333333334
BT-04400,2023-06-19,Central,General Trade,SPF 50 Sunscreen 100g,45,410.0,13.4,146.21,Suresh K,2023,June,2,18450.0,2472.3,15977.7,6579.450000000001,9398.25,58.82104433053568
BT-04766,2023-06-19,North,General Trade,Hair Serum 100ml,30,640.0,11.3,234.62,Anjali M,2023,June,2,19200.0,2169.6,17030.4,7038.6,9991.800000000001,58.67037767756482
BT-00228,2023-06-20,North,Pharmacy,Eyeshadow Palette 9-shade,57,820.0,11.8,396.14,Deepa S,2023,June,2,46740.0,5515.320000000001,41224.68,22579.98,18644.7,45.22703390299209
BT-00728,2023-06-20,North,General Trade,Compact Powder,10,410.0,10.6,130.71,Anjali M,2023,June,2,4100.0,434.59999999999997,3665.4,1307.1000000000001,2358.3,64.339499099689
BT-00802,2023-06-20,East,Salon Wholesale,Perfume 100ml EDP,21,2160.0,16.8,1094.69,Meena G,2023,June,2,45360.0,7620.4800000000005,37739.52,22988.49,14751.029999999995,39.086427172364665
BT-01670,2023-06-20,South,Modern Trade,Hair Oil 200ml,10,380.0,28.0,149.45,Priya R,2023,June,2,3800.0,1064.0,2736.0,1494.5,1241.5,45.376461988304094
BT-02122,2023-06-20,Central,Online,Hair Oil 200ml,49,370.0,6.7,141.12,Sunita P,2023,June,2,18130.0,1214.71,16915.29,6914.88,10000.41,59.12053532632311
BT-02376,2023-06-20,South,Salon Wholesale,Face Wash 100ml,60,200.0,31.0,62.76,Priya R,2023,June,2,12000.0,3720.0,8280.0,3765.6,4514.4,54.521739130434774
BT-03009,2023-06-20,South,Salon Wholesale,BB Cream 30ml,42,470.0,20.3,169.67,Anand V,2023,June,2,19740.0,4007.2200000000003,15732.779999999999,7126.139999999999,8606.64,54.70514429109159
BT-03362,2023-06-20,East,General Trade,Face Wash 100ml,50,320.0,8.0,87.2,Pooja N,2023,June,2,16000.0,1280.0,14720.0,4360.0,10360.0,70.38043478260869
BT-03551,2023-06-20,East,Salon Wholesale,Under Eye Cream 15ml,44,880.0,16.2,317.68,Meena G,2023,June,2,38720.0,6272.64,32447.36,13977.92,18469.440000000002,56.92124105011934
BT-04012,2023-06-20,West,Online,Perfume 100ml EDP,13,1330.0,28.7,537.05,Nidhi C,2023,June,2,17290.0,4962.23,12327.77,6981.65,5346.120000000001,43.36648071792384
BT-04191,2023-06-20,West,Modern Trade,Rose Water Toner 200ml,43,230.0,32.0,67.02,Rahul D,2023,June,2,9890.0,3164.8,6725.2,2881.8599999999997,3843.34,57.148337595907925
BT-04459,2023-06-20,South,General Trade,Under Eye Cream 15ml,57,660.0,12.6,228.89,Anand V,2023,June,2,37620.0,4740.12,32879.88,13046.73,19833.149999999998,60.320019416129256
BT-04647,2023-06-20,South,Salon Wholesale,Rose Water Toner 200ml,2,310.0,19.4,75.21,Priya R,2023,June,2,620.0,120.27999999999999,499.72,150.42,349.30000000000007,69.89914352037142
BT-00179,2023-06-21,East,Modern Trade,Micellar Cleansing Water,31,410.0,12.7,131.45,Sneha B,2023,June,2,12710.0,1614.17,11095.83,4074.95,7020.88,63.2749420277708
BT-00375,2023-06-21,South,Salon Wholesale,Compact Powder,5,410.0,20.7,159.24,Anand V,2023,June,2,2050.0,424.34999999999997,1625.65,796.2,829.45,51.02266785593454
BT-00703,2023-06-21,North,Online,Hair Serum 100ml,5,410.0,9.9,164.7,Deepa S,2023,June,2,2050.0,202.95000000000002,1847.05,823.5,1023.55,55.41539211174575
BT-01298,2023-06-21,Central,Online,Hair Serum 100ml,6,490.0,10.9,200.02,Vikram N,2023,June,2,2940.0,320.46,2619.54,1200.1200000000001,1419.4199999999998,54.18584942394465
BT-01699,2023-06-21,South,Pharmacy,Under Eye Cream 15ml,22,880.0,24.7,309.94,Kiran T,2023,June,2,19360.0,4781.92,14578.08,6818.68,7759.4,53.22648798744416
BT-02204,2023-06-21,West,Online,Hydrating Moisturiser 50ml,43,450.0,35.8,157.05,Priya S,2023,June,2,19350.0,6927.299999999999,12422.7,6753.150000000001,5669.55,45.638629283489095
BT-02223,2023-06-21,South,Modern Trade,Mascara,36,580.0,16.0,242.96,Kiran T,2023,June,2,20880.0,3340.8,17539.2,8746.56,8792.640000000001,50.13136288998359
BT-03167,2023-06-21,Central,Online,Night Repair Cream 50ml,32,880.0,9.0,297.0,Vikram N,2023,June,2,28160.0,2534.4,25625.6,9504.0,16121.599999999999,62.91208791208791
BT-03346,2023-06-21,West,General Trade,Matte Lipstick,46,360.0,30.1,129.53,Priya S,2023,June,2,16560.0,4984.5599999999995,11575.44,5958.38,5617.06,48.52567159434113
BT-04246,2023-06-21,West,General Trade,Hydrating Moisturiser 50ml,20,610.0,37.4,242.6,Priya S,2023,June,2,12200.0,4562.8,7637.2,4852.0,2785.2,36.4688629340596
BT-04695,2023-06-21,North,Modern Trade,Nail Polish Set (12pc),28,420.0,6.6,194.17,Rohit K,2023,June,2,11760.0,776.1600000000001,10983.84,5436.759999999999,5547.080000000001,50.50219231161416
BT-04951,2023-06-21,North,Online,Lip Gloss,6,220.0,11.0,70.86,Deepa S,2023,June,2,1320.0,145.2,1174.8,425.15999999999997,749.64,63.8100102145046
BT-04992,2023-06-21,South,Pharmacy,Compact Powder,25,320.0,26.6,98.62,Kiran T,2023,June,2,8000.0,2128.0,5872.0,2465.5,3406.5,58.01260217983651
BT-00751,2023-06-22,East,Modern Trade,Eyeshadow Palette 9-shade,25,610.0,5.8,282.06,Sneha B,2023,June,2,15250.0,884.4999999999999,14365.5,7051.5,7314.0,50.91364727994153
BT-00883,2023-06-22,West,Online,BB Cream 30ml,11,450.0,38.1,176.53,Nidhi C,2023,June,2,4950.0,1885.95,3064.05,1941.83,1122.2200000000003,36.62538143959792
BT-01162,2023-06-22,North,General Trade,Vitamin C Face Serum 30ml,49,490.0,4.8,165.57,Deepa S,2023,June,2,24010.0,1152.48,22857.52,8112.929999999999,14744.59,64.50651689247128
BT-01310,2023-06-22,North,Online,Micellar Cleansing Water,21,320.0,12.3,99.97,Anjali M,2023,June,2,6720.0,826.5600000000001,5893.44,2099.37,3794.0699999999997,64.37785062713797
BT-01940,2023-06-22,Central,General Trade,Blush Palette,24,520.0,7.1,212.06,Vikram N,2023,June,2,12480.0,886.0799999999999,11593.92,5089.4400000000005,6504.48,56.102508901217185
BT-02039,2023-06-22,East,Online,Matte Lipstick,35,500.0,8.7,190.1,Meena G,2023,June,2,17500.0,1522.5,15977.5,6653.5,9324.0,58.35706462212487
BT-02195,2023-06-22,North,General Trade,Under Eye Cream 15ml,60,740.0,5.3,240.57,Deepa S,2023,June,2,44400.0,2353.2,42046.8,14434.199999999999,27612.600000000006,65.6711093353121
BT-02206,2023-06-22,East,Pharmacy,Blush Palette,5,750.0,6.3,354.6,Meena G,2023,June,2,3750.0,236.25,3513.75,1773.0,1740.75,49.54108858057631
BT-02334,2023-06-22,South,Modern Trade,Mascara,15,550.0,30.9,209.06,Priya R,2023,June,2,8250.0,2549.25,5700.75,3135.9,2564.85,44.99144849361926
BT-02437,2023-06-22,South,Salon Wholesale,Hydrating Moisturiser 50ml,10,390.0,20.9,135.45,Anand V,2023,June,2,3900.0,815.1,3084.9,1354.5,1730.4,56.092579986385296
BT-02441,2023-06-22,West,Pharmacy,Blush Palette,18,720.0,38.9,330.91,Priya S,2023,June,2,12960.0,5041.4400000000005,7918.5599999999995,5956.38,1962.1799999999994,24.779505364611744
BT-02570,2023-06-22,South,Salon Wholesale,Perfume 100ml EDP,15,2780.0,19.9,1136.19,Anand V,2023,June,2,41700.0,8298.3,33401.7,17042.850000000002,16358.849999999995,48.97610001886131
BT-02589,2023-06-22,West,General Trade,Compact Powder,17,420.0,34.0,126.13,Rahul D,2023,June,2,7140.0,2427.6000000000004,4712.4,2144.21,2568.1899999999996,54.49855699855699
BT-02647,2023-06-22,West,General Trade,Blush Palette,56,810.0,37.3,385.96,Nidhi C,2023,June,2,45360.0,16919.28,28440.72,21613.76,6826.960000000003,24.004174296571968
BT-03812,2023-06-22,Central,Salon Wholesale,Micellar Cleansing Water,2,450.0,8.4,140.72,Suresh K,2023,June,2,900.0,75.60000000000001,824.4,281.44,542.96,65.86123241145076
BT-04123,2023-06-22,North,Online,Vitamin C Face Serum 30ml,47,780.0,7.1,219.88,Deepa S,2023,June,2,36660.0,2602.8599999999997,34057.14,10334.36,23722.78,69.65581960199827
BT-04186,2023-06-22,Central,General Trade,Lip Gloss,19,320.0,7.7,94.08,Suresh K,2023,June,2,6080.0,468.15999999999997,5611.84,1787.52,3824.32,68.14734561213434
BT-04221,2023-06-22,South,Online,Hydrating Moisturiser 50ml,18,560.0,22.0,184.18,Priya R,2023,June,2,10080.0,2217.6,7862.4,3315.2400000000002,4547.16,57.83424908424909
BT-04264,2023-06-22,South,Salon Wholesale,Mascara,8,490.0,24.2,195.41,Anand V,2023,June,2,3920.0,948.64,2971.36,1563.28,1408.0800000000002,47.38840127079856
BT-04312,2023-06-22,Central,Online,Matte Lipstick,2,450.0,12.9,158.09,Vikram N,2023,June,2,900.0,116.10000000000001,783.9,316.18,467.71999999999997,59.66577369562444
BT-00087,2023-06-23,Central,General Trade,Nail Polish Set (12pc),50,400.0,6.2,190.72,Sunita P,2023,June,2,20000.0,1240.0,18760.0,9536.0,9224.0,49.16844349680171
BT-00403,2023-06-23,West,Salon Wholesale,Lip Gloss,43,330.0,39.5,115.7,Priya S,2023,June,2,14190.0,5605.05,8584.95,4975.1,3609.8500000000004,42.04858502379164
BT-00933,2023-06-23,West,Online,Night Repair Cream 50ml,21,850.0,33.2,335.41,Nidhi C,2023,June,2,17850.0,5926.200000000001,11923.8,7043.610000000001,4880.189999999999,40.928143712574844
BT-00984,2023-06-23,West,Online,BB Cream 30ml,49,540.0,26.1,223.13,Rahul D,2023,June,2,26460.0,6906.06,19553.94,10933.369999999999,8620.57,44.086102340500176
BT-01206,2023-06-23,South,Salon Wholesale,Micellar Cleansing Water,24,300.0,24.0,85.53,Anand V,2023,June,2,7200.0,1728.0,5472.0,2052.7200000000003,3419.2799999999997,62.48684210526315
BT-01403,2023-06-23,East,Online,Hair Serum 100ml,13,410.0,11.0,174.41,Pooja N,2023,June,2,5330.0,586.3,4743.7,2267.33,2476.37,52.203343381748425
BT-01427,2023-06-23,East,General Trade,Micellar Cleansing Water,10,390.0,13.6,127.84,Meena G,2023,June,2,3900.0,530.4000000000001,3369.6,1278.4,2091.2,62.06077872744539
BT-01808,2023-06-23,Central,Modern Trade,Under Eye Cream 15ml,29,720.0,13.5,250.56,Suresh K,2023,June,2,20880.0,2818.8,18061.2,7266.24,10794.960000000001,59.76878612716763
BT-02091,2023-06-23,South,Salon Wholesale,Rose Water Toner 200ml,38,360.0,16.1,81.79,Kiran T,2023,June,2,13680.0,2202.48,11477.52,3108.0200000000004,8369.5,72.92080519136537
BT-03505,2023-06-23,North,Pharmacy,BB Cream 30ml,25,420.0,6.0,172.75,Deepa S,2023,June,2,10500.0,630.0,9870.0,4318.75,5551.25,56.24366767983789
BT-03759,2023-06-23,West,Salon Wholesale,Night Repair Cream 50ml,12,840.0,40.4,289.72,Priya S,2023,June,2,10080.0,4072.3199999999997,6007.68,3476.6400000000003,2531.04,42.13007350591243
BT-04500,2023-06-23,Central,Salon Wholesale,Face Wash 100ml,22,300.0,6.6,96.18,Sunita P,2023,June,2,6600.0,435.6,6164.4,2115.96,4048.4399999999996,65.6745182012848
BT-04520,2023-06-23,East,Online,Lip Gloss,40,280.0,7.3,92.37,Sneha B,2023,June,2,11200.0,817.5999999999999,10382.4,3694.8,6687.599999999999,64.41285251964864
BT-04777,2023-06-23,North,Salon Wholesale,Eyeshadow Palette 9-shade,46,690.0,6.8,279.8,Rohit K,2023,June,2,31740.0,2158.32,29581.68,12870.800000000001,16710.879999999997,56.49063880077128
BT-04924,2023-06-23,South,General Trade,Nail Polish Set (12pc),27,390.0,23.4,151.05,Priya R,2023,June,2,10530.0,2464.02,8065.98,4078.3500000000004,3987.629999999999,49.437638079935724
BT-00209,2023-06-24,South,General Trade,Under Eye Cream 15ml,32,840.0,25.8,311.81,Priya R,2023,June,2,26880.0,6935.04,19944.96,9977.92,9967.039999999999,49.97272493903221
BT-00312,2023-06-24,West,Online,Rose Water Toner 200ml,53,240.0,34.7,54.58,Rahul D,2023,June,2,12720.0,4413.84,8306.16,2892.74,5413.42,65.17355793772333
BT-00515,2023-06-24,West,Modern Trade,Eyeshadow Palette 9-shade,41,660.0,29.3,282.68,Rahul D,2023,June,2,27060.0,7928.58,19131.42,11589.880000000001,7541.539999999997,39.419656251339404
BT-01048,2023-06-24,North,Salon Wholesale,Perfume 100ml EDP,45,1430.0,13.8,692.98,Rohit K,2023,June,2,64350.0,8880.300000000001,55469.7,31184.100000000002,24285.599999999995,43.78174030146187
BT-01524,2023-06-24,Central,Online,Perfume 100ml EDP,21,1940.0,9.3,867.37,Suresh K,2023,June,2,40740.0,3788.8200000000006,36951.18,18214.77,18736.41,50.70585025972106
BT-02053,2023-06-24,South,General Trade,Rose Water Toner 200ml,23,250.0,17.4,74.0,Kiran T,2023,June,2,5750.0,1000.4999999999999,4749.5,1702.0,3047.5,64.16464891041163
BT-02218,2023-06-24,Central,Pharmacy,Hydrating Moisturiser 50ml,57,560.0,8.7,170.41,Vikram N,2023,June,2,31920.0,2777.04,29142.96,9713.369999999999,19429.59,66.66992645908309
BT-02336,2023-06-24,East,Pharmacy,Rose Water Toner 200ml,23,350.0,14.0,93.31,Sneha B,2023,June,2,8050.0,1127.0,6923.0,2146.13,4776.87,69.0
BT-02715,2023-06-24,North,Online,Mascara,3,460.0,8.9,199.13,Deepa S,2023,June,2,1380.0,122.82000000000001,1257.18,597.39,659.7900000000001,52.4817448575383
BT-03200,2023-06-24,South,Online,Night Repair Cream 50ml,20,810.0,28.4,288.76,Priya R,2023,June,2,16200.0,4600.799999999999,11599.2,5775.2,5824.000000000001,50.21035933512656
BT-04318,2023-06-24,East,Modern Trade,Eyeshadow Palette 9-shade,20,940.0,8.1,377.79,Meena G,2023,June,2,18800.0,1522.8,17277.2,7555.8,9721.400000000001,56.26721922533745
BT-04507,2023-06-24,East,Pharmacy,Hair Serum 100ml,25,560.0,15.0,192.25,Sneha B,2023,June,2,14000.0,2100.0,11900.0,4806.25,7093.75,59.61134453781513
BT-04645,2023-06-24,South,Online,Micellar Cleansing Water,19,350.0,25.5,100.97,Priya R,2023,June,2,6650.0,1695.75,4954.25,1918.43,3035.8199999999997,61.2770853307766
BT-04772,2023-06-24,North,General Trade,Vitamin C Face Serum 30ml,45,760.0,12.8,267.29,Rohit K,2023,June,2,34200.0,4377.6,29822.4,12028.050000000001,17794.35,59.66773297923707
BT-00082,2023-06-25,South,Salon Wholesale,Hydrating Moisturiser 50ml,20,430.0,24.6,170.97,Kiran T,2023,June,2,8600.0,2115.6000000000004,6484.4,3419.4,3064.9999999999995,47.267287644192216
BT-00545,2023-06-25,East,Modern Trade,Under Eye Cream 15ml,52,570.0,6.8,161.59,Sneha B,2023,June,2,29640.0,2015.5200000000002,27624.48,8402.68,19221.8,69.58248625856487
BT-00874,2023-06-25,East,General Trade,Kajal Eye Pencil,9,180.0,8.3,46.57,Pooja N,2023,June,2,1620.0,134.46,1485.54,419.13,1066.4099999999999,71.78601720586452
BT-00885,2023-06-25,West,General Trade,Night Repair Cream 50ml,21,1100.0,37.0,372.68,Rahul D,2023,June,2,23100.0,8547.0,14553.0,7826.28,6726.72,46.22222222222223
BT-01174,2023-06-25,Central,Pharmacy,Micellar Cleansing Water,35,320.0,6.2,95.23,Vikram N,2023,June,2,11200.0,694.4,10505.6,3333.05,7172.55,68.27358742004265
BT-01430,2023-06-25,West,Salon Wholesale,Hair Serum 100ml,3,390.0,25.0,143.32,Rahul D,2023,June,2,1170.0,292.5,877.5,429.96,447.54,51.001709401709405
BT-01514,2023-06-25,West,Pharmacy,Lip Gloss,17,210.0,30.9,67.96,Nidhi C,2023,June,2,3570.0,1103.1299999999999,2466.87,1155.32,1311.55,53.16656329680932
BT-01913,2023-06-25,North,Pharmacy,Hydrating Moisturiser 50ml,3,390.0,9.6,124.22,Deepa S,2023,June,2,1170.0,112.32000000000001,1057.68,372.65999999999997,685.0200000000001,64.76628091672339
BT-01960,2023-06-25,Central,Modern Trade,Lip Gloss,19,280.0,10.6,92.34,Suresh K,2023,June,2,5320.0,563.92,4756.08,1754.46,3001.62,63.11121764141898
BT-02864,2023-06-25,West,Online,Rose Water Toner 200ml,11,340.0,24.5,88.37,Rahul D,2023,June,2,3740.0,916.3,2823.7,972.07,1851.6299999999997,65.57460070120763
BT-03042,2023-06-25,East,Salon Wholesale,Blush Palette,44,750.0,9.9,295.42,Pooja N,2023,June,2,33000.0,3267.0,29733.0,12998.480000000001,16734.519999999997,56.28264890862004
BT-03716,2023-06-25,East,Modern Trade,Under Eye Cream 15ml,10,670.0,9.6,199.59,Meena G,2023,June,2,6700.0,643.2,6056.8,1995.9,4060.9,67.04695548804649
BT-04102,2023-06-25,West,General Trade,Blush Palette,17,560.0,40.4,262.7,Nidhi C,2023,June,2,9520.0,3846.08,5673.92,4465.9,1208.0200000000004,21.290747842761274
BT-04230,2023-06-25,East,General Trade,Matte Lipstick,56,480.0,9.4,163.34,Meena G,2023,June,2,26880.0,2526.72,24353.28,9147.04,15206.239999999998,62.440213392200135
BT-04372,2023-06-25,East,Pharmacy,Eyeshadow Palette 9-shade,2,720.0,6.8,335.23,Sneha B,2023,June,2,1440.0,97.92,1342.08,670.46,671.6199999999999,50.043216499761556
BT-04527,2023-06-25,West,Modern Trade,Eyeshadow Palette 9-shade,53,690.0,42.7,303.46,Priya S,2023,June,2,36570.0,15615.390000000001,20954.61,16083.38,4871.230000000001,23.24657915370413
BT-04981,2023-06-25,East,Modern Trade,Rose Water Toner 200ml,13,370.0,14.4,109.0,Sneha B,2023,June,2,4810.0,692.6400000000001,4117.36,1417.0,2700.3599999999997,65.5847436221268
BT-00238,2023-06-26,South,Online,Under Eye Cream 15ml,19,740.0,12.3,209.72,Anand V,2023,June,2,14060.0,1729.38,12330.619999999999,3984.68,8345.939999999999,67.68467441215445
BT-00388,2023-06-26,North,Salon Wholesale,Compact Powder,36,410.0,13.8,129.27,Rohit K,2023,June,2,14760.0,2036.88,12723.119999999999,4653.72,8069.399999999999,63.423122630298224
BT-01021,2023-06-26,North,Pharmacy,SPF 50 Sunscreen 100g,21,390.0,13.4,138.53,Anjali M,2023,June,2,8190.0,1097.46,7092.54,2909.13,4183.41,58.98324154675194
BT-01393,2023-06-26,Central,Online,Hydrating Moisturiser 50ml,36,560.0,10.2,201.04,Vikram N,2023,June,2,20160.0,2056.3199999999997,18103.68,7237.44,10866.240000000002,60.02227171492206
BT-01438,2023-06-26,Central,Modern Trade,SPF 50 Sunscreen 100g,10,410.0,9.3,153.42,Sunita P,2023,June,2,4100.0,381.30000000000007,3718.7,1534.1999999999998,2184.5,58.74364697340469
BT-02175,2023-06-26,West,General Trade,BB Cream 30ml,59,690.0,28.5,253.44,Priya S,2023,June,2,40710.0,11602.349999999999,29107.65,14952.96,14154.690000000002,48.628762541806026
BT-02329,2023-06-26,East,Salon Wholesale,BB Cream 30ml,2,480.0,15.7,198.34,Meena G,2023,June,2,960.0,150.72,809.28,396.68,412.59999999999997,50.983590351917755
BT-02629,2023-06-26,West,Pharmacy,Micellar Cleansing Water,59,390.0,39.1,114.46,Rahul D,2023,June,2,23010.0,8996.91,14013.09,6753.139999999999,7259.950000000001,51.80834491179319
BT-03153,2023-06-26,South,General Trade,Hydrating Moisturiser 50ml,21,490.0,19.9,178.26,Priya R,2023,June,2,10290.0,2047.7099999999998,8242.29,3743.46,4498.830000000001,54.58228235114271
BT-03871,2023-06-26,Central,General Trade,SPF 50 Sunscreen 100g,53,330.0,8.2,118.54,Suresh K,2023,June,2,17490.0,1434.1799999999998,16055.82,6282.62,9773.2,60.87013930151186
BT-04779,2023-06-26,East,Pharmacy,Rose Water Toner 200ml,48,260.0,13.6,57.46,Meena G,2023,June,2,12480.0,1697.2800000000002,10782.72,2758.08,8024.639999999999,74.42129629629629
BT-00830,2023-06-27,South,Salon Wholesale,Night Repair Cream 50ml,11,1100.0,14.3,413.49,Anand V,2023,June,2,12100.0,1730.3000000000002,10369.7,4548.39,5821.31,56.13768961493582
BT-01328,2023-06-27,East,General Trade,Rose Water Toner 200ml,45,310.0,7.9,76.72,Pooja N,2023,June,2,13950.0,1102.05,12847.95,3452.4,9395.550000000001,73.12878708276418
BT-01863,2023-06-27,West,Modern Trade,Hair Serum 100ml,20,500.0,26.1,168.3,Nidhi C,2023,June,2,10000.0,2610.0,7390.0,3366.0,4024.0,54.451962110960764
BT-02011,2023-06-27,East,Salon Wholesale,Vitamin C Face Serum 30ml,23,640.0,15.3,188.1,Meena G,2023,June,2,14720.0,2252.16,12467.84,4326.3,8141.54,65.30032467532467
BT-02017,2023-06-27,Central,Salon Wholesale,Matte Lipstick,26,350.0,11.6,116.73,Sunita P,2023,June,2,9100.0,1055.6,8044.4,3034.98,5009.42,62.272139625080804
BT-02232,2023-06-27,West,Online,Matte Lipstick,21,300.0,24.2,112.68,Nidhi C,2023,June,2,6300.0,1524.6,4775.4,2366.28,2409.1199999999994,50.448548812664896
BT-02265,2023-06-27,Central,Pharmacy,Face Wash 100ml,36,230.0,12.1,60.67,Vikram N,2023,June,2,8280.0,1001.88,7278.12,2184.12,5094.0,69.99060196864025
BT-02609,2023-06-27,South,Modern Trade,Rose Water Toner 200ml,17,280.0,25.4,70.78,Kiran T,2023,June,2,4760.0,1209.04,3550.96,1203.26,2347.7,66.11451551129835
BT-02655,2023-06-27,North,Pharmacy,Hair Serum 100ml,34,530.0,14.5,209.67,Rohit K,2023,June,2,18020.0,2612.8999999999996,15407.1,7128.78,8278.32,53.73055279708705
BT-03128,2023-06-27,North,Salon Wholesale,Compact Powder,48,370.0,5.3,141.86,Anjali M,2023,June,2,17760.0,941.28,16818.72,6809.280000000001,10009.44,59.513684751277154
BT-03471,2023-06-27,North,Pharmacy,SPF 50 Sunscreen 100g,9,580.0,14.4,220.63,Rohit K,2023,June,2,5220.0,751.6800000000001,4468.32,1985.67,2482.6499999999996,55.561150499516586
BT-03585,2023-06-27,Central,Salon Wholesale,Lip Gloss,35,330.0,9.5,118.67,Vikram N,2023,June,2,11550.0,1097.25,10452.75,4153.45,6299.3,60.26452368993805
BT-03773,2023-06-27,North,General Trade,Nail Polish Set (12pc),36,600.0,11.7,235.68,Anjali M,2023,June,2,21600.0,2527.2,19072.8,8484.48,10588.32,55.51528878822197
BT-04020,2023-06-27,Central,Salon Wholesale,Rose Water Toner 200ml,16,280.0,9.3,83.83,Sunita P,2023,June,2,4480.0,416.64000000000004,4063.36,1341.28,2722.08,66.99086470310284
BT-01186,2023-06-28,Central,Pharmacy,Face Wash 100ml,15,220.0,11.6,71.92,Vikram N,2023,June,2,3300.0,382.79999999999995,2917.2,1078.8,1838.3999999999999,63.0193336075689
BT-01823,2023-06-28,West,Online,Lip Gloss,60,190.0,28.2,66.88,Priya S,2023,June,2,11400.0,3214.7999999999997,8185.200000000001,4012.7999999999997,4172.4000000000015,50.97493036211701
BT-02197,2023-06-28,South,Online,Lip Gloss,52,290.0,27.3,93.58,Kiran T,2023,June,2,15080.0,4116.84,10963.16,4866.16,6097.0,55.613527486600574
BT-02922,2023-06-28,Central,General Trade,Hydrating Moisturiser 50ml,24,410.0,12.1,162.03,Suresh K,2023,June,2,9840.0,1190.6399999999999,8649.36,3888.7200000000003,4760.64,55.040372929326566
BT-03583,2023-06-28,Central,General Trade,Perfume 100ml EDP,11,2470.0,7.8,1037.89,Vikram N,2023,June,2,27170.0,2119.26,25050.739999999998,11416.79,13633.949999999997,54.425338333318685
BT-03602,2023-06-28,East,Online,Eyeshadow Palette 9-shade,15,960.0,12.4,394.37,Meena G,2023,June,2,14400.0,1785.6,12614.4,5915.55,6698.849999999999,53.104785007610346
BT-03710,2023-06-28,Central,Online,Night Repair Cream 50ml,22,1080.0,12.4,345.82,Suresh K,2023,June,2,23760.0,2946.24,20813.760000000002,7608.04,13205.720000000001,63.447065787248434
BT-03767,2023-06-28,East,Pharmacy,Kajal Eye Pencil,42,200.0,11.8,67.14,Meena G,2023,June,2,8400.0,991.2,7408.8,2819.88,4588.92,61.93877551020408
BT-04037,2023-06-28,Central,Salon Wholesale,Mascara,4,360.0,11.7,142.56,Sunita P,2023,June,2,1440.0,168.48,1271.52,570.24,701.28,55.1528878822197
BT-04144,2023-06-28,Central,Online,Lip Gloss,59,280.0,6.3,94.56,Vikram N,2023,June,2,16520.0,1040.76,15479.24,5579.04,9900.2,63.95792041469737
BT-04530,2023-06-28,Central,Online,SPF 50 Sunscreen 100g,45,460.0,4.4,170.38,Sunita P,2023,June,2,20700.0,910.8000000000001,19789.2,7667.099999999999,12122.100000000002,61.2561397125705
BT-04632,2023-06-28,Central,Salon Wholesale,Eyeshadow Palette 9-shade,36,860.0,10.1,369.54,Sunita P,2023,June,2,30960.0,3126.9599999999996,27833.04,13303.44,14529.6,52.20270584887601
BT-00168,2023-06-29,East,Online,Face Wash 100ml,18,310.0,6.5,96.35,Meena G,2023,June,2,5580.0,362.7,5217.3,1734.3,3483.0,66.75866827669485
BT-00481,2023-06-29,South,Modern Trade,Compact Powder,58,440.0,30.3,174.28,Priya R,2023,June,2,25520.0,7732.5599999999995,17787.440000000002,10108.24,7679.200000000003,43.17203599843486
BT-00690,2023-06-29,Central,Salon Wholesale,Vitamin C Face Serum 30ml,59,690.0,10.3,203.2,Suresh K,2023,June,2,40710.0,4193.13,36516.87,11988.8,24528.070000000003,67.16914675326774
BT-00922,2023-06-29,North,Salon Wholesale,Matte Lipstick,38,320.0,7.5,125.79,Deepa S,2023,June,2,12160.0,912.0,11248.0,4780.02,6467.98,57.50337837837838
BT-01184,2023-06-29,North,Online,Vitamin C Face Serum 30ml,41,770.0,5.6,252.87,Anjali M,2023,June,2,31570.0,1767.9199999999998,29802.08,10367.67,19434.410000000003,65.21158925819944
BT-02031,2023-06-29,East,Online,Matte Lipstick,8,470.0,10.9,173.81,Meena G,2023,June,2,3760.0,409.84,3350.16,1390.48,1959.6799999999998,58.49511665114502
BT-02283,2023-06-29,West,Salon Wholesale,Kajal Eye Pencil,18,200.0,35.2,56.38,Priya S,2023,June,2,3600.0,1267.2,2332.8,1014.84,1317.96,56.49691358024691
BT-03277,2023-06-29,North,Online,Blush Palette,41,560.0,11.2,248.25,Rohit K,2023,June,2,22960.0,2571.5199999999995,20388.48,10178.25,10210.23,50.078426640926644
BT-03665,2023-06-29,North,Online,Vitamin C Face Serum 30ml,10,580.0,4.3,173.01,Deepa S,2023,June,2,5800.0,249.39999999999998,5550.6,1730.1,3820.5000000000005,68.83039671386878
BT-03844,2023-06-29,Central,Pharmacy,Matte Lipstick,39,440.0,8.8,142.03,Suresh K,2023,June,2,17160.0,1510.0800000000002,15649.92,5539.17,10110.75,64.60576156299841
BT-04201,2023-06-29,South,Pharmacy,Face Wash 100ml,11,240.0,23.1,77.28,Priya R,2023,June,2,2640.0,609.84,2030.1599999999999,850.08,1180.08,58.12743823146944
BT-04463,2023-06-29,East,Modern Trade,Matte Lipstick,14,460.0,10.8,171.07,Meena G,2023,June,2,6440.0,695.5200000000001,5744.48,2394.98,3349.4999999999995,58.308149736790796
BT-04863,2023-06-29,Central,General Trade,Face Wash 100ml,8,300.0,9.0,77.07,Vikram N,2023,June,2,2400.0,216.0,2184.0,616.56,1567.44,71.76923076923077
BT-00244,2023-06-30,South,General Trade,Hydrating Moisturiser 50ml,5,590.0,30.7,226.38,Priya R,2023,June,2,2950.0,905.65,2044.35,1131.9,912.4499999999998,44.63276836158192
BT-00627,2023-06-30,East,General Trade,Compact Powder,38,460.0,10.0,183.91,Pooja N,2023,June,2,17480.0,1748.0,15732.0,6988.58,8743.42,55.57729468599034
BT-00951,2023-06-30,North,Pharmacy,Under Eye Cream 15ml,60,670.0,10.4,195.1,Anjali M,2023,June,2,40200.0,4180.8,36019.2,11706.0,24313.199999999997,67.50066631130063
BT-01516,2023-06-30,South,General Trade,Blush Palette,4,600.0,15.8,270.78,Kiran T,2023,June,2,2400.0,379.2,2020.8,1083.12,937.6800000000001,46.40142517814727
BT-02337,2023-06-30,Central,Salon Wholesale,Hair Oil 200ml,53,330.0,6.9,115.47,Sunita P,2023,June,2,17490.0,1206.8100000000002,16283.19,6119.91,10163.28,62.415779709012796
BT-02965,2023-06-30,South,Pharmacy,Rose Water Toner 200ml,8,250.0,23.4,72.92,Kiran T,2023,June,2,2000.0,468.0,1532.0,583.36,948.64,61.92167101827676
BT-02971,2023-06-30,East,Salon Wholesale,Vitamin C Face Serum 30ml,37,520.0,10.0,166.45,Pooja N,2023,June,2,19240.0,1924.0,17316.0,6158.65,11157.35,64.43376068376068
BT-04381,2023-06-30,Central,Salon Wholesale,Nail Polish Set (12pc),6,480.0,8.0,182.54,Vikram N,2023,June,2,2880.0,230.4,2649.6,1095.24,1554.36,58.66394927536231
BT-00407,2023-07-01,Central,Pharmacy,Blush Palette,55,650.0,12.3,269.69,Vikram N,2023,July,3,35750.0,4397.25,31352.75,14832.95,16519.8,52.69011490220156
BT-00519,2023-07-01,South,General Trade,Micellar Cleansing Water,21,300.0,21.6,100.59,Anand V,2023,July,3,6300.0,1360.8000000000002,4939.2,2112.39,2826.81,57.232142857142854
BT-00646,2023-07-01,West,Online,Matte Lipstick,48,380.0,28.3,140.26,Rahul D,2023,July,3,18240.0,5161.920000000001,13078.079999999998,6732.48,6345.5999999999985,48.5208837994568
BT-01336,2023-07-01,East,Pharmacy,Face Wash 100ml,20,260.0,13.0,73.55,Pooja N,2023,July,3,5200.0,676.0,4524.0,1471.0,3053.0,67.48452696728559
BT-01499,2023-07-01,Central,General Trade,Hair Serum 100ml,38,530.0,5.7,201.45,Vikram N,2023,July,3,20140.0,1147.98,18992.02,7655.099999999999,11336.920000000002,59.69307108985775
BT-01501,2023-07-01,East,Modern Trade,Blush Palette,19,700.0,16.4,279.44,Meena G,2023,July,3,13300.0,2181.2,11118.8,5309.36,5809.44,52.2488038277512
BT-01600,2023-07-01,East,General Trade,Micellar Cleansing Water,58,290.0,11.1,85.03,Sneha B,2023,July,3,16820.0,1867.02,14952.98,4931.74,10021.24,67.01834684457546
BT-02021,2023-07-01,Central,Pharmacy,Perfume 100ml EDP,11,2170.0,6.4,971.51,Vikram N,2023,July,3,23870.0,1527.68,22342.32,10686.61,11655.71,52.16875418488321
BT-02448,2023-07-01,Central,Pharmacy,Rose Water Toner 200ml,39,380.0,6.4,99.79,Sunita P,2023,July,3,14820.0,948.48,13871.52,3891.8100000000004,9979.71,71.94388214125055
BT-02733,2023-07-01,Central,Salon Wholesale,SPF 50 Sunscreen 100g,48,430.0,10.4,189.59,Vikram N,2023,July,3,20640.0,2146.5600000000004,18493.44,9100.32,9393.119999999999,50.79163205980066
BT-02994,2023-07-01,East,Modern Trade,Matte Lipstick,13,500.0,13.8,167.85,Meena G,2023,July,3,6500.0,897.0000000000001,5603.0,2182.0499999999997,3420.9500000000003,61.05568445475639
BT-03946,2023-07-01,West,Modern Trade,Night Repair Cream 50ml,13,1180.0,37.2,465.04,Priya S,2023,July,3,15340.0,5706.4800000000005,9633.52,6045.52,3588.0,37.244953038972255
BT-04736,2023-07-01,West,Pharmacy,Eyeshadow Palette 9-shade,44,830.0,39.5,378.31,Priya S,2023,July,3,36520.0,14425.400000000001,22094.6,16645.64,5448.959999999999,24.66195359952205
BT-00126,2023-07-02,West,Pharmacy,Rose Water Toner 200ml,28,290.0,37.6,86.91,Rahul D,2023,July,3,8120.0,3053.12,5066.88,2433.48,2633.4,51.97281167108754
BT-00150,2023-07-02,East,Pharmacy,Hair Serum 100ml,36,450.0,11.4,175.01,Sneha B,2023,July,3,16200.0,1846.8,14353.2,6300.36,8052.840000000001,56.10484073238025
BT-00262,2023-07-02,East,Online,Micellar Cleansing Water,35,470.0,13.7,134.28,Pooja N,2023,July,3,16450.0,2253.6499999999996,14196.35,4699.8,9496.55,66.89430733956263
BT-00864,2023-07-02,East,Pharmacy,Hair Oil 200ml,54,360.0,16.1,110.99,Meena G,2023,July,3,19440.0,3129.84,16310.16,5993.46,10316.7,63.253211495166205
BT-01139,2023-07-02,North,General Trade,Hair Serum 100ml,45,610.0,4.8,254.98,Deepa S,2023,July,3,27450.0,1317.6000000000001,26132.4,11474.1,14658.300000000001,56.09243697478992
BT-02182,2023-07-02,East,Pharmacy,Hair Oil 200ml,28,300.0,14.4,113.88,Meena G,2023,July,3,8400.0,1209.6000000000001,7190.4,3188.64,4001.7599999999998,55.654205607476634
BT-02394,2023-07-02,North,Salon Wholesale,Rose Water Toner 200ml,54,310.0,10.2,85.31,Anjali M,2023,July,3,16740.0,1707.4799999999998,15032.52,4606.74,10425.78,69.35483870967742
BT-02661,2023-07-02,South,Online,Mascara,14,540.0,30.7,210.22,Priya R,2023,July,3,7560.0,2320.92,5239.08,2943.08,2296.0,43.82448826893272
BT-03166,2023-07-02,West,General Trade,Rose Water Toner 200ml,42,300.0,24.0,72.48,Rahul D,2023,July,3,12600.0,3024.0,9576.0,3044.1600000000003,6531.84,68.21052631578948
BT-03794,2023-07-02,North,Online,Micellar Cleansing Water,59,350.0,12.0,117.7,Anjali M,2023,July,3,20650.0,2478.0,18172.0,6944.3,11227.7,61.78571428571429
BT-04234,2023-07-02,East,Salon Wholesale,Blush Palette,39,560.0,11.2,268.74,Sneha B,2023,July,3,21840.0,2446.08,19393.92,10480.86,8913.059999999998,45.958011583011576
BT-04248,2023-07-02,Central,Salon Wholesale,Compact Powder,44,350.0,5.7,125.55,Sunita P,2023,July,3,15400.0,877.8000000000001,14522.2,5524.2,8998.0,61.96030904408423
BT-00015,2023-07-03,Central,Salon Wholesale,Perfume 100ml EDP,45,2610.0,13.7,1091.24,Suresh K,2023,July,3,117450.0,16090.649999999998,101359.35,49105.8,52253.55,51.55276745559241
BT-01045,2023-07-03,North,Salon Wholesale,Blush Palette,17,740.0,4.7,283.49,Deepa S,2023,July,3,12580.0,591.26,11988.74,4819.33,7169.41,59.801196789654284
BT-01537,2023-07-03,North,Pharmacy,Mascara,57,520.0,10.7,185.17,Anjali M,2023,July,3,29640.0,3171.48,26468.52,10554.689999999999,15913.830000000002,60.12361099147214
BT-02121,2023-07-03,West,Salon Wholesale,BB Cream 30ml,59,670.0,31.0,255.34,Rahul D,2023,July,3,39530.0,12254.3,27275.7,15065.06,12210.640000000001,44.76746701276228
BT-02820,2023-07-03,West,Pharmacy,Rose Water Toner 200ml,42,300.0,39.2,72.87,Nidhi C,2023,July,3,12600.0,4939.2,7660.8,3060.54,4600.26,60.04934210526316
BT-03062,2023-07-03,Central,Pharmacy,BB Cream 30ml,43,710.0,5.7,274.06,Sunita P,2023,July,3,30530.0,1740.21,28789.79,11784.58,17005.21,59.06680805938493
BT-03284,2023-07-03,West,Modern Trade,Nail Polish Set (12pc),37,510.0,30.9,211.09,Priya S,2023,July,3,18870.0,5830.83,13039.17,7810.33,5228.84,40.101018699809885
BT-03400,2023-07-03,Central,Pharmacy,Hair Oil 200ml,34,230.0,11.9,76.36,Vikram N,2023,July,3,7820.0,930.58,6889.42,2596.24,4293.18,62.315550510783204
BT-03445,2023-07-03,West,Salon Wholesale,BB Cream 30ml,18,490.0,26.4,178.26,Nidhi C,2023,July,3,8820.0,2328.48,6491.52,3208.68,3282.8400000000006,50.571206743567
BT-04361,2023-07-03,Central,Online,Nail Polish Set (12pc),50,540.0,10.6,254.18,Vikram N,2023,July,3,27000.0,2862.0,24138.0,12709.0,11429.0,47.348579004059985
BT-04510,2023-07-03,North,Online,Compact Powder,35,260.0,13.6,95.84,Rohit K,2023,July,3,9100.0,1237.6000000000001,7862.4,3354.4,4508.0,57.33618233618234
BT-04870,2023-07-03,Central,General Trade,Perfume 100ml EDP,23,1760.0,8.8,753.46,Vikram N,2023,July,3,40480.0,3562.2400000000002,36917.76,17329.58,19588.18,53.05896132376395
BT-00353,2023-07-04,East,Salon Wholesale,Hair Oil 200ml,35,270.0,8.4,88.05,Pooja N,2023,July,3,9450.0,793.8000000000001,8656.2,3081.75,5574.450000000001,64.39835031538088
BT-00458,2023-07-04,North,Modern Trade,Compact Powder,12,410.0,4.7,123.2,Deepa S,2023,July,3,4920.0,231.24,4688.76,1478.4,3210.36,68.46927545875668
BT-00499,2023-07-04,Central,Pharmacy,Hair Serum 100ml,18,670.0,11.1,279.79,Sunita P,2023,July,3,12060.0,1338.66,10721.34,5036.22,5685.12,53.0262075449524
BT-00720,2023-07-04,East,Online,Night Repair Cream 50ml,48,1020.0,15.1,426.67,Meena G,2023,July,3,48960.0,7392.96,41567.04,20480.16,21086.88,50.72980900251738
BT-02224,2023-07-04,East,General Trade,Mascara,21,490.0,6.6,207.12,Pooja N,2023,July,3,10290.0,679.14,9610.86,4349.52,5261.34,54.743696193680904
BT-02314,2023-07-04,North,Online,Blush Palette,18,800.0,6.1,340.24,Deepa S,2023,July,3,14400.0,878.4,13521.6,6124.32,7397.280000000001,54.70713525026625
BT-02445,2023-07-04,Central,Salon Wholesale,BB Cream 30ml,59,590.0,5.6,215.82,Vikram N,2023,July,3,34810.0,1949.36,32860.64,12733.38,20127.260000000002,61.25035909221489
BT-02998,2023-07-04,South,Modern Trade,Rose Water Toner 200ml,7,350.0,20.9,103.85,Anand V,2023,July,3,2450.0,512.05,1937.95,726.9499999999999,1211.0,62.48871229907892
BT-03102,2023-07-04,South,Pharmacy,Mascara,13,400.0,20.3,147.8,Priya R,2023,July,3,5200.0,1055.6000000000001,4144.4,1921.4,2222.9999999999995,53.63864491844416
BT-03866,2023-07-04,East,Online,Matte Lipstick,12,400.0,7.8,123.68,Sneha B,2023,July,3,4800.0,374.4,4425.6,1484.16,2941.4400000000005,66.46420824295012
BT-03881,2023-07-04,North,General Trade,Matte Lipstick,17,280.0,7.2,95.26,Deepa S,2023,July,3,4760.0,342.72,4417.28,1619.42,2797.8599999999997,63.33897783251231
BT-03909,2023-07-04,Central,Online,Nail Polish Set (12pc),58,590.0,10.2,248.21,Vikram N,2023,July,3,34220.0,3490.4399999999996,30729.56,14396.18,16333.380000000001,53.15201389151033
BT-04112,2023-07-04,South,Pharmacy,Rose Water Toner 200ml,11,320.0,24.3,74.08,Kiran T,2023,July,3,3520.0,855.36,2664.64,814.88,1849.7599999999998,69.41875825627476
BT-04185,2023-07-04,West,General Trade,Rose Water Toner 200ml,54,350.0,31.6,99.5,Priya S,2023,July,3,18900.0,5972.4,12927.6,5373.0,7554.6,58.43776106934002
BT-04216,2023-07-04,North,Pharmacy,Nail Polish Set (12pc),57,480.0,6.7,188.06,Rohit K,2023,July,3,27360.0,1833.1200000000001,25526.88,10719.42,14807.460000000001,58.007324044301534
BT-04809,2023-07-04,South,General Trade,BB Cream 30ml,6,580.0,16.1,237.8,Anand V,2023,July,3,3480.0,560.28,2919.7200000000003,1426.8000000000002,1492.92,51.132300357568525
BT-00236,2023-07-05,North,General Trade,Hydrating Moisturiser 50ml,38,500.0,7.2,175.85,Deepa S,2023,July,3,19000.0,1368.0000000000002,17632.0,6682.3,10949.7,62.101293103448285
BT-00552,2023-07-05,North,Online,Hair Oil 200ml,6,250.0,6.0,87.35,Anjali M,2023,July,3,1500.0,90.0,1410.0,524.0999999999999,885.9000000000001,62.829787234042556
BT-00606,2023-07-05,North,Pharmacy,Blush Palette,45,720.0,8.2,329.4,Deepa S,2023,July,3,32400.0,2656.7999999999997,29743.2,14822.999999999998,14920.200000000003,50.16339869281047
BT-01120,2023-07-05,East,Pharmacy,Matte Lipstick,7,370.0,9.1,124.02,Meena G,2023,July,3,2590.0,235.69,2354.31,868.14,1486.17,63.12550173936313
BT-01196,2023-07-05,South,Salon Wholesale,BB Cream 30ml,33,710.0,26.6,256.95,Kiran T,2023,July,3,23430.0,6232.38,17197.62,8479.35,8718.269999999999,50.69463100126646
BT-01497,2023-07-05,North,Modern Trade,Under Eye Cream 15ml,12,710.0,9.6,232.74,Deepa S,2023,July,3,8520.0,817.9200000000001,7702.08,2792.88,4909.2,63.738626448959245
BT-01805,2023-07-05,West,General Trade,Eyeshadow Palette 9-shade,40,640.0,35.7,290.24,Priya S,2023,July,3,25600.0,9139.2,16460.8,11609.6,4851.199999999999,29.471228615863136
BT-01821,2023-07-05,North,Salon Wholesale,Rose Water Toner 200ml,20,250.0,6.7,65.85,Anjali M,2023,July,3,5000.0,335.0,4665.0,1317.0,3348.0,71.7684887459807
BT-01907,2023-07-05,East,Online,Face Wash 100ml,39,180.0,10.2,58.32,Meena G,2023,July,3,7020.0,716.04,6303.96,2274.48,4029.48,63.91982182628062
BT-02109,2023-07-05,Central,Pharmacy,Hair Oil 200ml,7,300.0,12.4,112.35,Vikram N,2023,July,3,2100.0,260.4,1839.6,786.4499999999999,1053.15,57.248858447488594
BT-02871,2023-07-05,East,Online,Matte Lipstick,15,280.0,8.3,87.16,Sneha B,2023,July,3,4200.0,348.6,3851.4,1307.3999999999999,2544.0,66.05390247702134
BT-03060,2023-07-05,East,Pharmacy,Night Repair Cream 50ml,2,890.0,14.5,364.01,Meena G,2023,July,3,1780.0,258.09999999999997,1521.9,728.02,793.8800000000001,52.16374269005848
BT-03187,2023-07-05,East,Modern Trade,Micellar Cleansing Water,18,380.0,6.3,129.66,Sneha B,2023,July,3,6840.0,430.92,6409.08,2333.88,4075.2,63.58478908049206
BT-03535,2023-07-05,South,Online,Hair Serum 100ml,43,490.0,12.4,209.08,Anand V,2023,July,3,21070.0,2612.68,18457.32,8990.44,9466.88,51.2906532476004
BT-04616,2023-07-05,North,Online,Nail Polish Set (12pc),41,640.0,9.8,273.47,Rohit K,2023,July,3,26240.0,2571.52,23668.48,11212.27,12456.21,52.62784090909091
BT-04788,2023-07-05,Central,Salon Wholesale,Eyeshadow Palette 9-shade,33,840.0,11.7,391.86,Sunita P,2023,July,3,27720.0,3243.24,24476.760000000002,12931.380000000001,11545.380000000001,47.1687429218573
BT-04845,2023-07-05,West,General Trade,Nail Polish Set (12pc),2,500.0,33.7,201.25,Nidhi C,2023,July,3,1000.0,337.0,663.0,402.5,260.5,39.29110105580694
BT-04858,2023-07-05,Central,Pharmacy,Night Repair Cream 50ml,13,730.0,6.9,242.43,Suresh K,2023,July,3,9490.0,654.8100000000001,8835.19,3151.59,5683.6,64.32912025661022
BT-00020,2023-07-06,Central,Online,SPF 50 Sunscreen 100g,41,330.0,13.0,135.76,Suresh K,2023,July,3,13530.0,1758.9,11771.1,5566.16,6204.9400000000005,52.7133402995472
BT-00021,2023-07-06,South,Pharmacy,Perfume 100ml EDP,32,1400.0,26.0,726.88,Kiran T,2023,July,3,44800.0,11648.0,33152.0,23260.16,9891.84,29.83783783783784
BT-00272,2023-07-06,East,Online,BB Cream 30ml,8,580.0,6.8,210.71,Meena G,2023,July,3,4640.0,315.52000000000004,4324.48,1685.68,2638.7999999999993,61.020053278081974
BT-00963,2023-07-06,South,Pharmacy,Vitamin C Face Serum 30ml,22,490.0,24.0,146.51,Priya R,2023,July,3,10780.0,2587.2,8192.8,3223.22,4969.58,60.65789473684211
BT-01957,2023-07-06,Central,General Trade,Under Eye Cream 15ml,20,770.0,10.3,247.79,Vikram N,2023,July,3,15400.0,1586.2,13813.8,4955.8,8858.0,64.12428151558586
BT-01988,2023-07-06,South,Online,Compact Powder,28,270.0,23.0,98.63,Anand V,2023,July,3,7560.0,1738.8000000000002,5821.2,2761.64,3059.56,52.55892255892256
BT-02115,2023-07-06,Central,Pharmacy,Kajal Eye Pencil,16,150.0,11.4,48.38,Sunita P,2023,July,3,2400.0,273.6,2126.4,774.08,1352.3200000000002,63.5966892400301
BT-02770,2023-07-06,North,General Trade,Nail Polish Set (12pc),39,650.0,5.0,292.04,Anjali M,2023,July,3,25350.0,1267.5,24082.5,11389.560000000001,12692.939999999999,52.70607287449393
BT-03257,2023-07-06,Central,General Trade,Micellar Cleansing Water,42,380.0,10.7,119.32,Vikram N,2023,July,3,15960.0,1707.72,14252.28,5011.44,9240.84,64.83762597984322
BT-03483,2023-07-06,East,Salon Wholesale,Perfume 100ml EDP,9,1760.0,13.6,828.26,Meena G,2023,July,3,15840.0,2154.2400000000002,13685.76,7454.34,6231.42,45.53214436026936
BT-03658,2023-07-06,West,General Trade,Nail Polish Set (12pc),35,470.0,29.8,193.26,Nidhi C,2023,July,3,16450.0,4902.099999999999,11547.900000000001,6764.099999999999,4783.800000000002,41.42571376613931
BT-03997,2023-07-06,South,General Trade,Lip Gloss,15,330.0,23.2,117.71,Kiran T,2023,July,3,4950.0,1148.3999999999999,3801.6000000000004,1765.6499999999999,2035.9500000000005,53.55508207070708
BT-04113,2023-07-06,North,Modern Trade,Vitamin C Face Serum 30ml,21,780.0,10.4,224.17,Deepa S,2023,July,3,16380.0,1703.5200000000002,14676.48,4707.57,9968.91,67.92439331501832
BT-04955,2023-07-06,South,Online,Vitamin C Face Serum 30ml,60,530.0,26.6,171.46,Kiran T,2023,July,3,31800.0,8458.800000000001,23341.199999999997,10287.6,13053.599999999997,55.92514523674874
BT-00045,2023-07-07,South,Online,Compact Powder,3,330.0,21.0,122.2,Kiran T,2023,July,3,990.0,207.9,782.1,366.6,415.5,53.12619869581895
BT-00546,2023-07-07,East,General Trade,Face Wash 100ml,6,260.0,13.7,68.35,Pooja N,2023,July,3,1560.0,213.71999999999997,1346.28,410.09999999999997,936.1800000000001,69.53828326945361
BT-01227,2023-07-07,Central,Modern Trade,Hydrating Moisturiser 50ml,16,450.0,8.0,172.8,Sunita P,2023,July,3,7200.0,576.0,6624.0,2764.8,3859.2,58.26086956521739
BT-01458,2023-07-07,South,Salon Wholesale,Micellar Cleansing Water,29,390.0,23.7,119.46,Kiran T,2023,July,3,11310.0,2680.47,8629.53,3464.3399999999997,5165.1900000000005,59.85482407500756
BT-02196,2023-07-07,East,Modern Trade,Blush Palette,8,500.0,15.7,205.15,Meena G,2023,July,3,4000.0,628.0,3372.0,1641.2,1730.8,51.32858837485171
BT-03258,2023-07-07,North,Online,Rose Water Toner 200ml,51,300.0,9.3,68.7,Anjali M,2023,July,3,15300.0,1422.9,13877.1,3503.7000000000003,10373.4,74.75192943770672
BT-03465,2023-07-07,East,Online,Under Eye Cream 15ml,15,710.0,10.0,204.2,Meena G,2023,July,3,10650.0,1065.0,9585.0,3063.0,6522.0,68.04381846635368
BT-03555,2023-07-07,Central,Salon Wholesale,Night Repair Cream 50ml,31,740.0,11.9,263.96,Vikram N,2023,July,3,22940.0,2729.86,20210.14,8182.759999999999,12027.380000000001,59.51161149799062
BT-03706,2023-07-07,South,Online,Hair Oil 200ml,9,300.0,22.2,106.29,Anand V,2023,July,3,2700.0,599.4,2100.6,956.61,1143.9899999999998,54.46015424164523
BT-03851,2023-07-07,East,Modern Trade,Hair Serum 100ml,47,490.0,15.6,193.65,Meena G,2023,July,3,23030.0,3592.68,19437.32,9101.550000000001,10335.769999999999,53.174871844472385
BT-03904,2023-07-07,East,General Trade,Face Wash 100ml,43,230.0,7.7,64.56,Meena G,2023,July,3,9890.0,761.53,9128.47,2776.08,6352.389999999999,69.58877007866597
BT-04792,2023-07-07,West,Modern Trade,Eyeshadow Palette 9-shade,25,960.0,30.0,453.22,Nidhi C,2023,July,3,24000.0,7200.0,16800.0,11330.5,5469.5,32.55654761904762
BT-00351,2023-07-08,East,Salon Wholesale,Micellar Cleansing Water,32,410.0,5.4,143.17,Pooja N,2023,July,3,13120.0,708.4800000000001,12411.52,4581.44,7830.080000000001,63.087196411076164
BT-01333,2023-07-08,South,General Trade,Blush Palette,34,740.0,20.8,343.36,Anand V,2023,July,3,25160.0,5233.280000000001,19926.72,11674.24,8252.480000000001,41.41414141414142
BT-01574,2023-07-08,East,General Trade,Rose Water Toner 200ml,47,270.0,5.9,63.29,Sneha B,2023,July,3,12690.0,748.71,11941.29,2974.63,8966.66,75.08954225213523
BT-02022,2023-07-08,South,Online,Face Wash 100ml,11,250.0,20.3,77.77,Anand V,2023,July,3,2750.0,558.25,2191.75,855.4699999999999,1336.2800000000002,60.96863237139273
BT-02110,2023-07-08,Central,Salon Wholesale,SPF 50 Sunscreen 100g,60,450.0,12.0,195.66,Suresh K,2023,July,3,27000.0,3240.0,23760.0,11739.6,12020.4,50.590909090909086
BT-02339,2023-07-08,Central,Pharmacy,Night Repair Cream 50ml,35,770.0,7.0,254.41,Sunita P,2023,July,3,26950.0,1886.5000000000002,25063.5,8904.35,16159.15,64.47283898896802
BT-03667,2023-07-08,East,Pharmacy,Night Repair Cream 50ml,26,920.0,10.0,358.8,Pooja N,2023,July,3,23920.0,2392.0,21528.0,9328.800000000001,12199.199999999999,56.666666666666664
BT-03984,2023-07-08,Central,Salon Wholesale,Rose Water Toner 200ml,39,340.0,11.8,94.32,Suresh K,2023,July,3,13260.0,1564.68,11695.32,3678.4799999999996,8016.84,68.54741896758703
BT-04512,2023-07-08,Central,Modern Trade,Matte Lipstick,14,470.0,8.5,172.3,Sunita P,2023,July,3,6580.0,559.3000000000001,6020.7,2412.2000000000003,3608.4999999999995,59.93489129171026
BT-04783,2023-07-08,West,General Trade,Hair Serum 100ml,56,630.0,32.6,241.29,Priya S,2023,July,3,35280.0,11501.28,23778.72,13512.24,10266.480000000001,43.175074183976264
BT-00097,2023-07-09,North,Salon Wholesale,Perfume 100ml EDP,16,1990.0,11.3,967.54,Anjali M,2023,July,3,31840.0,3597.92,28242.08,15480.64,12761.440000000002,45.18590698702079
BT-00129,2023-07-09,West,Pharmacy,Matte Lipstick,49,400.0,26.6,131.32,Nidhi C,2023,July,3,19600.0,5213.6,14386.4,6434.679999999999,7951.72,55.27247956403271
BT-00343,2023-07-09,South,Pharmacy,Compact Powder,55,440.0,21.4,133.8,Priya R,2023,July,3,24200.0,5178.8,19021.2,7359.000000000001,11662.2,61.3115891741846
BT-00625,2023-07-09,East,Modern Trade,Vitamin C Face Serum 30ml,6,660.0,10.5,187.57,Sneha B,2023,July,3,3960.0,415.8,3544.2,1125.42,2418.7799999999997,68.2461486372101
BT-01155,2023-07-09,West,Modern Trade,Blush Palette,10,480.0,25.6,198.72,Rahul D,2023,July,3,4800.0,1228.8,3571.2,1987.2,1583.9999999999998,44.354838709677416
BT-01974,2023-07-09,South,General Trade,Face Wash 100ml,48,320.0,19.0,82.94,Priya R,2023,July,3,15360.0,2918.4,12441.6,3981.12,8460.48,68.00154320987653
BT-02580,2023-07-09,West,Online,Hydrating Moisturiser 50ml,44,560.0,25.7,185.64,Nidhi C,2023,July,3,24640.0,6332.4800000000005,18307.52,8168.16,10139.36,55.3835800807537
BT-02664,2023-07-09,East,General Trade,Kajal Eye Pencil,29,170.0,12.1,46.82,Pooja N,2023,July,3,4930.0,596.53,4333.47,1357.78,2975.6900000000005,68.66760356019542
BT-02966,2023-07-09,Central,General Trade,Hair Oil 200ml,26,300.0,12.6,99.21,Suresh K,2023,July,3,7800.0,982.8,6817.2,2579.46,4237.74,62.162471395881
BT-03079,2023-07-09,South,Pharmacy,Blush Palette,33,550.0,31.7,261.96,Priya R,2023,July,3,18150.0,5753.55,12396.45,8644.679999999998,3751.7700000000023,30.264874218022115
BT-03331,2023-07-09,South,General Trade,Micellar Cleansing Water,53,430.0,12.2,128.83,Anand V,2023,July,3,22790.0,2780.38,20009.62,6827.990000000001,13181.629999999997,65.87646342109444
BT-03839,2023-07-09,West,Salon Wholesale,Night Repair Cream 50ml,59,700.0,26.4,225.96,Rahul D,2023,July,3,41300.0,10903.2,30396.8,13331.640000000001,17065.159999999996,56.14130434782607
BT-00925,2023-07-10,Central,Online,Night Repair Cream 50ml,55,720.0,10.2,290.66,Vikram N,2023,July,3,39600.0,4039.2,35560.8,15986.300000000001,19574.5,55.04516208859192
BT-01225,2023-07-10,West,Salon Wholesale,Micellar Cleansing Water,9,330.0,34.5,108.97,Rahul D,2023,July,3,2970.0,1024.6499999999999,1945.3500000000001,980.73,964.6200000000001,49.585935692805926
BT-01595,2023-07-10,West,Pharmacy,Micellar Cleansing Water,12,350.0,22.9,110.74,Rahul D,2023,July,3,4200.0,961.8,3238.2,1328.8799999999999,1909.32,58.96238651102465
BT-01610,2023-07-10,Central,Salon Wholesale,Lip Gloss,16,280.0,11.4,89.52,Sunita P,2023,July,3,4480.0,510.72,3969.2799999999997,1432.32,2536.96,63.91486617220252
BT-02156,2023-07-10,North,Salon Wholesale,Nail Polish Set (12pc),2,640.0,8.9,266.3,Deepa S,2023,July,3,1280.0,113.92000000000002,1166.08,532.6,633.4799999999999,54.325603732162456
BT-02551,2023-07-10,North,Modern Trade,Micellar Cleansing Water,9,390.0,9.8,124.53,Deepa S,2023,July,3,3510.0,343.98,3166.02,1120.77,2045.25,64.60003411222924
BT-02602,2023-07-10,North,Online,Mascara,36,320.0,7.2,127.46,Rohit K,2023,July,3,11520.0,829.44,10690.56,4588.5599999999995,6102.0,57.07839439655172
BT-02694,2023-07-10,Central,Online,Night Repair Cream 50ml,30,1000.0,12.1,373.9,Vikram N,2023,July,3,30000.0,3630.0,26370.0,11217.0,15153.0,57.46302616609784
BT-02850,2023-07-10,South,General Trade,Vitamin C Face Serum 30ml,46,590.0,23.3,177.06,Priya R,2023,July,3,27140.0,6323.62,20816.38,8144.76,12671.62,60.87331226659006
BT-03061,2023-07-10,East,Online,Under Eye Cream 15ml,17,890.0,8.3,320.84,Meena G,2023,July,3,15130.0,1255.79,13874.21,5454.28,8419.93,60.68763554825824
BT-03497,2023-07-10,South,Salon Wholesale,Vitamin C Face Serum 30ml,37,720.0,20.5,252.58,Kiran T,2023,July,3,26640.0,5461.2,21178.8,9345.460000000001,11833.339999999998,55.87351502445842
BT-03626,2023-07-10,Central,General Trade,Micellar Cleansing Water,14,380.0,4.5,130.11,Sunita P,2023,July,3,5320.0,239.39999999999998,5080.6,1821.5400000000002,3259.0600000000004,64.14714797464866
BT-03856,2023-07-10,South,Pharmacy,Rose Water Toner 200ml,8,220.0,19.1,59.36,Kiran T,2023,July,3,1760.0,336.16,1423.84,474.88,948.9599999999999,66.64793797055849
BT-04091,2023-07-10,West,Salon Wholesale,Lip Gloss,10,320.0,24.7,101.31,Rahul D,2023,July,3,3200.0,790.4,2409.6,1013.1,1396.5,57.95567729083666
BT-04307,2023-07-10,North,Modern Trade,SPF 50 Sunscreen 100g,16,380.0,12.2,151.47,Anjali M,2023,July,3,6080.0,741.76,5338.24,2423.52,2914.72,54.60076729408944
BT-04976,2023-07-10,West,Salon Wholesale,Perfume 100ml EDP,8,1520.0,37.1,707.26,Rahul D,2023,July,3,12160.0,4511.36,7648.64,5658.08,1990.5600000000004,26.025018826876416
BT-00237,2023-07-11,South,Salon Wholesale,BB Cream 30ml,57,450.0,26.9,179.41,Priya R,2023,July,3,25650.0,6899.849999999999,18750.15,10226.369999999999,8523.780000000002,45.45979632162943
BT-01102,2023-07-11,Central,Modern Trade,BB Cream 30ml,50,650.0,12.4,259.35,Vikram N,2023,July,3,32500.0,4030.0,28470.0,12967.500000000002,15502.499999999998,54.45205479452054
BT-01769,2023-07-11,South,General Trade,Perfume 100ml EDP,52,1500.0,20.5,777.45,Kiran T,2023,July,3,78000.0,15989.999999999998,62010.0,40427.4,21582.6,34.80503144654088
BT-02652,2023-07-11,North,Salon Wholesale,Hair Oil 200ml,42,230.0,10.5,70.1,Anjali M,2023,July,3,9660.0,1014.3,8645.7,2944.2,5701.500000000001,65.94607724070926
BT-03244,2023-07-11,South,Salon Wholesale,Micellar Cleansing Water,32,350.0,22.8,109.38,Kiran T,2023,July,3,11200.0,2553.6,8646.4,3500.16,5146.24,59.51887490747594
BT-04395,2023-07-11,West,Online,Under Eye Cream 15ml,5,630.0,28.6,203.05,Rahul D,2023,July,3,3150.0,900.9000000000001,2249.1,1015.25,1233.85,54.85972166644435
BT-00314,2023-07-12,East,Salon Wholesale,Nail Polish Set (12pc),42,670.0,6.1,318.32,Pooja N,2023,July,3,28140.0,1716.54,26423.46,13369.44,13054.019999999999,49.403144024287506
BT-00421,2023-07-12,West,General Trade,SPF 50 Sunscreen 100g,8,410.0,35.9,164.94,Nidhi C,2023,July,3,3280.0,1177.52,2102.48,1319.52,782.96,37.239831056656904
BT-00427,2023-07-12,East,Salon Wholesale,Rose Water Toner 200ml,25,230.0,11.5,68.45,Pooja N,2023,July,3,5750.0,661.25,5088.75,1711.25,3377.5,66.37189879636452
BT-00480,2023-07-12,South,Online,Kajal Eye Pencil,54,230.0,23.5,65.16,Priya R,2023,July,3,12420.0,2918.7,9501.3,3518.64,5982.66,62.96675191815857
BT-01153,2023-07-12,Central,General Trade,Under Eye Cream 15ml,35,870.0,11.4,271.44,Vikram N,2023,July,3,30450.0,3471.3,26978.7,9500.4,17478.300000000003,64.78555304740408
BT-01279,2023-07-12,East,Online,Hair Oil 200ml,37,360.0,14.0,131.58,Meena G,2023,July,3,13320.0,1864.8000000000002,11455.2,4868.46,6586.740000000001,57.50000000000001
BT-01350,2023-07-12,Central,General Trade,Kajal Eye Pencil,4,140.0,11.6,45.65,Sunita P,2023,July,3,560.0,64.96,495.04,182.6,312.44000000000005,63.11409179056239
BT-01587,2023-07-12,West,Modern Trade,Micellar Cleansing Water,55,310.0,29.0,101.06,Nidhi C,2023,July,3,17050.0,4944.5,12105.5,5558.3,6547.2,54.08450704225351
BT-01631,2023-07-12,South,Salon Wholesale,Night Repair Cream 50ml,39,780.0,23.4,291.95,Priya R,2023,July,3,30420.0,7118.28,23301.72,11386.05,11915.670000000002,51.13643971346322
BT-01998,2023-07-12,Central,Salon Wholesale,Eyeshadow Palette 9-shade,44,730.0,10.2,322.51,Suresh K,2023,July,3,32120.0,3276.24,28843.760000000002,14190.439999999999,14653.320000000003,50.80239192116424
BT-02703,2023-07-12,Central,Salon Wholesale,Perfume 100ml EDP,33,1290.0,6.4,544.25,Sunita P,2023,July,3,42570.0,2724.48,39845.52,17960.25,21885.269999999997,54.92529649506393
BT-02805,2023-07-12,West,Salon Wholesale,Night Repair Cream 50ml,39,920.0,37.9,360.82,Nidhi C,2023,July,3,35880.0,13598.52,22281.48,14071.98,8209.5,36.84450045508647
BT-03554,2023-07-12,West,Salon Wholesale,Mascara,20,340.0,27.7,146.68,Nidhi C,2023,July,3,6800.0,1883.5999999999997,4916.400000000001,2933.6000000000004,1982.8000000000002,40.33032300056952
BT-04244,2023-07-12,West,Pharmacy,Compact Powder,45,260.0,34.0,103.92,Rahul D,2023,July,3,11700.0,3978.0000000000005,7722.0,4676.4,3045.6000000000004,39.44055944055945
BT-04636,2023-07-12,South,Online,Micellar Cleansing Water,44,400.0,25.5,137.04,Kiran T,2023,July,3,17600.0,4488.0,13112.0,6029.759999999999,7082.240000000001,54.01342281879196
BT-00139,2023-07-13,Central,Pharmacy,Matte Lipstick,43,510.0,6.1,196.71,Vikram N,2023,July,3,21930.0,1337.73,20592.27,8458.53,12133.74,58.92376119776984
BT-00626,2023-07-13,West,Salon Wholesale,Lip Gloss,21,280.0,38.0,91.31,Rahul D,2023,July,3,5880.0,2234.4,3645.6,1917.51,1728.09,47.40207373271889
BT-00824,2023-07-13,South,Salon Wholesale,Compact Powder,8,330.0,21.9,119.36,Anand V,2023,July,3,2640.0,578.16,2061.84,954.88,1106.96,53.68796802855702
BT-01345,2023-07-13,East,Pharmacy,Hydrating Moisturiser 50ml,12,540.0,11.0,184.09,Pooja N,2023,July,3,6480.0,712.8,5767.2,2209.08,3558.12,61.695796920516024
BT-01511,2023-07-13,North,Online,Hair Oil 200ml,30,230.0,8.0,91.75,Rohit K,2023,July,3,6900.0,552.0,6348.0,2752.5,3595.5,56.639886578449904
BT-02459,2023-07-13,Central,Online,Compact Powder,47,360.0,10.5,132.8,Vikram N,2023,July,3,16920.0,1776.6,15143.4,6241.6,8901.8,58.783364369956544
BT-02970,2023-07-13,West,Salon Wholesale,Face Wash 100ml,4,290.0,36.9,93.84,Rahul D,2023,July,3,1160.0,428.04,731.96,375.36,356.6,48.718509208153456
BT-03068,2023-07-13,East,General Trade,Hair Oil 200ml,43,380.0,7.2,144.86,Meena G,2023,July,3,16340.0,1176.4800000000002,15163.52,6228.9800000000005,8934.54,58.92127949183303
BT-03227,2023-07-13,Central,Modern Trade,Kajal Eye Pencil,9,210.0,7.2,62.77,Sunita P,2023,July,3,1890.0,136.08,1753.92,564.9300000000001,1188.99,67.79043513957306
BT-03809,2023-07-13,North,Modern Trade,Lip Gloss,37,260.0,7.1,74.93,Deepa S,2023,July,3,9620.0,683.02,8936.98,2772.4100000000003,6164.57,68.97822306864288
BT-03817,2023-07-13,South,General Trade,Hydrating Moisturiser 50ml,29,420.0,21.2,132.17,Kiran T,2023,July,3,12180.0,2582.16,9597.84,3832.93,5764.91,60.06466038191927
BT-03998,2023-07-13,North,Salon Wholesale,Hydrating Moisturiser 50ml,23,540.0,10.4,179.93,Rohit K,2023,July,3,12420.0,1291.68,11128.32,4138.39,6989.929999999999,62.81208664021164
BT-04182,2023-07-13,South,General Trade,Compact Powder,42,290.0,25.2,92.28,Kiran T,2023,July,3,12180.0,3069.36,9110.64,3875.76,5234.879999999999,57.458971049234734
BT-04649,2023-07-13,West,Modern Trade,Under Eye Cream 15ml,17,910.0,33.3,326.05,Priya S,2023,July,3,15470.0,5151.509999999999,10318.490000000002,5542.85,4775.640000000001,46.2823533288301
BT-04692,2023-07-13,West,General Trade,Face Wash 100ml,37,290.0,26.9,83.93,Nidhi C,2023,July,3,10730.0,2886.3699999999994,7843.630000000001,3105.4100000000003,4738.220000000001,60.40850983536959
BT-04776,2023-07-13,North,Salon Wholesale,Night Repair Cream 50ml,14,800.0,6.7,286.72,Rohit K,2023,July,3,11200.0,750.4000000000001,10449.6,4014.0800000000004,6435.52,61.58628081457663
BT-00324,2023-07-14,West,Modern Trade,Nail Polish Set (12pc),49,390.0,27.6,173.08,Rahul D,2023,July,3,19110.0,5274.360000000001,13835.64,8480.92,5354.719999999999,38.702365774188976
BT-00438,2023-07-14,North,Modern Trade,Hair Serum 100ml,53,510.0,10.9,183.85,Rohit K,2023,July,3,27030.0,2946.27,24083.73,9744.05,14339.68,59.54094320107393
BT-00586,2023-07-14,South,General Trade,BB Cream 30ml,44,570.0,19.7,239.29,Kiran T,2023,July,3,25080.0,4940.759999999999,20139.24,10528.76,9610.480000000001,47.72017216141225
BT-01864,2023-07-14,South,Modern Trade,Matte Lipstick,40,510.0,20.9,189.67,Kiran T,2023,July,3,20400.0,4263.599999999999,16136.400000000001,7586.799999999999,8549.600000000002,52.98331722069359
BT-01893,2023-07-14,South,Online,Mascara,57,500.0,23.9,183.95,Priya R,2023,July,3,28500.0,6811.5,21688.5,10485.15,11203.35,51.6557161629435
BT-03604,2023-07-14,North,Modern Trade,Eyeshadow Palette 9-shade,53,670.0,8.4,277.51,Anjali M,2023,July,3,35510.0,2982.84,32527.16,14708.029999999999,17819.13,54.782311151665255
BT-04098,2023-07-14,North,Pharmacy,Rose Water Toner 200ml,45,290.0,6.5,75.23,Deepa S,2023,July,3,13050.0,848.25,12201.75,3385.3500000000004,8816.4,72.25520929374885
BT-04519,2023-07-14,Central,Online,SPF 50 Sunscreen 100g,31,450.0,10.5,183.73,Vikram N,2023,July,3,13950.0,1464.75,12485.25,5695.63,6789.62,54.38112973308505
BT-04528,2023-07-14,Central,Salon Wholesale,Hair Oil 200ml,26,290.0,7.1,96.51,Sunita P,2023,July,3,7540.0,535.3399999999999,7004.66,2509.26,4495.4,64.17727627036858
BT-04902,2023-07-14,West,Pharmacy,Under Eye Cream 15ml,51,890.0,40.4,330.37,Priya S,2023,July,3,45390.0,18337.559999999998,27052.440000000002,16848.87,10203.570000000003,37.71774375989745
BT-04971,2023-07-14,West,Modern Trade,Nail Polish Set (12pc),56,380.0,25.2,159.33,Rahul D,2023,July,3,21280.0,5362.56,15917.439999999999,8922.480000000001,6994.959999999997,43.94525752884885
BT-00424,2023-07-15,Central,General Trade,Compact Powder,18,260.0,7.6,92.85,Suresh K,2023,July,3,4680.0,355.68,4324.32,1671.3,2653.0199999999995,61.35114885114884
BT-00846,2023-07-15,West,Salon Wholesale,Nail Polish Set (12pc),55,630.0,42.3,263.09,Priya S,2023,July,3,34650.0,14656.949999999999,19993.050000000003,14469.949999999999,5523.100000000004,27.62509972215346
BT-01218,2023-07-15,East,General Trade,Micellar Cleansing Water,21,420.0,13.0,129.99,Pooja N,2023,July,3,8820.0,1146.6000000000001,7673.4,2729.79,4943.61,64.42528735632183
BT-01323,2023-07-15,North,Pharmacy,Micellar Cleansing Water,49,370.0,8.6,108.67,Rohit K,2023,July,3,18130.0,1559.1799999999998,16570.82,5324.83,11245.99,67.86622508723164
BT-01359,2023-07-15,West,Pharmacy,Under Eye Cream 15ml,48,820.0,34.4,300.69,Nidhi C,2023,July,3,39360.0,13539.839999999998,25820.160000000003,14433.119999999999,11387.040000000005,44.101353361094596
BT-02766,2023-07-15,Central,Salon Wholesale,Vitamin C Face Serum 30ml,28,750.0,10.7,263.25,Sunita P,2023,July,3,21000.0,2247.0,18753.0,7371.0,11382.0,60.694288913773796
BT-03693,2023-07-15,East,Modern Trade,Hair Serum 100ml,60,570.0,11.6,200.01,Meena G,2023,July,3,34200.0,3967.2,30232.8,12000.599999999999,18232.2,60.30602524410574
BT-03804,2023-07-15,North,Modern Trade,Face Wash 100ml,43,300.0,6.3,90.33,Deepa S,2023,July,3,12900.0,812.7,12087.3,3884.19,8203.109999999999,67.86552828175026
BT-04278,2023-07-15,North,Online,Nail Polish Set (12pc),4,640.0,11.2,289.41,Rohit K,2023,July,3,2560.0,286.71999999999997,2273.28,1157.64,1115.64,49.07622466216216
BT-04725,2023-07-15,Central,Modern Trade,Eyeshadow Palette 9-shade,28,750.0,4.4,311.78,Sunita P,2023,July,3,21000.0,924.0000000000001,20076.0,8729.84,11346.16,56.516039051603904
BT-04802,2023-07-15,West,Pharmacy,SPF 50 Sunscreen 100g,52,560.0,34.2,204.51,Priya S,2023,July,3,29120.0,9959.04,19160.96,10634.52,8526.439999999999,44.4990230134607
BT-00130,2023-07-16,Central,Online,Hydrating Moisturiser 50ml,33,550.0,11.3,209.28,Vikram N,2023,July,3,18150.0,2050.9500000000003,16099.05,6906.24,9192.81,57.101568104950296
BT-00523,2023-07-16,South,Salon Wholesale,Perfume 100ml EDP,12,2500.0,22.9,1040.25,Anand V,2023,July,3,30000.0,6869.999999999999,23130.0,12483.0,10647.0,46.03112840466926
BT-00782,2023-07-16,West,Salon Wholesale,Hair Serum 100ml,8,510.0,26.1,217.72,Rahul D,2023,July,3,4080.0,1064.88,3015.12,1741.76,1273.36,42.232481625938604
BT-01476,2023-07-16,North,Modern Trade,Eyeshadow Palette 9-shade,37,680.0,9.7,272.34,Anjali M,2023,July,3,25160.0,2440.5199999999995,22719.48,10076.58,12642.9,55.647840531561464
BT-01637,2023-07-16,North,General Trade,Face Wash 100ml,9,260.0,7.4,72.44,Rohit K,2023,July,3,2340.0,173.16000000000003,2166.84,651.96,1514.88,69.91194550589799
BT-01868,2023-07-16,Central,Modern Trade,Under Eye Cream 15ml,55,740.0,9.1,271.8,Suresh K,2023,July,3,40700.0,3703.7,36996.3,14949.0,22047.300000000003,59.5932566229596
BT-02317,2023-07-16,South,Online,Micellar Cleansing Water,17,450.0,20.2,145.94,Anand V,2023,July,3,7650.0,1545.3,6104.7,2480.98,3623.72,59.35950988582568
BT-02708,2023-07-16,North,Online,Mascara,58,580.0,5.8,238.73,Deepa S,2023,July,3,33640.0,1951.12,31688.88,13846.34,17842.54,56.305366425067724
BT-03255,2023-07-16,West,Pharmacy,Compact Powder,38,350.0,31.3,131.04,Priya S,2023,July,3,13300.0,4162.9,9137.1,4979.5199999999995,4157.580000000001,45.502183406113545
BT-03491,2023-07-16,East,Modern Trade,SPF 50 Sunscreen 100g,3,340.0,11.7,119.03,Pooja N,2023,July,3,1020.0,119.33999999999999,900.66,357.09000000000003,543.5699999999999,60.352408233961754
BT-03663,2023-07-16,East,Pharmacy,Matte Lipstick,51,510.0,9.8,174.62,Sneha B,2023,July,3,26010.0,2548.98,23461.02,8905.62,14555.4,62.04078083561584
BT-03900,2023-07-16,West,Modern Trade,Under Eye Cream 15ml,26,550.0,32.9,198.6,Priya S,2023,July,3,14300.0,4704.7,9595.3,5163.599999999999,4431.7,46.18615363771847
BT-04180,2023-07-16,Central,General Trade,Face Wash 100ml,30,190.0,7.9,62.43,Vikram N,2023,July,3,5700.0,450.3,5249.7,1872.9,3376.7999999999997,64.32367563860791
BT-00110,2023-07-17,South,Salon Wholesale,Kajal Eye Pencil,52,150.0,20.6,44.9,Kiran T,2023,July,3,7800.0,1606.8000000000002,6193.2,2334.7999999999997,3858.4,62.300587741393784
BT-00495,2023-07-17,East,General Trade,Compact Powder,52,470.0,8.9,150.59,Meena G,2023,July,3,24440.0,2175.1600000000003,22264.84,7830.68,14434.16,64.8293901954831
BT-00684,2023-07-17,West,General Trade,Micellar Cleansing Water,38,390.0,27.6,110.1,Rahul D,2023,July,3,14820.0,4090.32,10729.68,4183.8,6545.88,61.007224819379516
BT-01147,2023-07-17,South,Modern Trade,Lip Gloss,57,340.0,23.5,117.47,Kiran T,2023,July,3,19380.0,4554.3,14825.7,6695.79,8129.910000000001,54.83660130718955
BT-01454,2023-07-17,West,Salon Wholesale,Night Repair Cream 50ml,40,890.0,39.5,348.97,Rahul D,2023,July,3,35600.0,14062.0,21538.0,13958.800000000001,7579.199999999999,35.1898969263627
BT-01466,2023-07-17,Central,Online,BB Cream 30ml,7,560.0,7.5,191.91,Vikram N,2023,July,3,3920.0,294.0,3626.0,1343.37,2282.63,62.95173745173746
BT-01577,2023-07-17,East,Online,BB Cream 30ml,3,480.0,9.4,183.02,Pooja N,2023,July,3,1440.0,135.36,1304.6399999999999,549.0600000000001,755.5799999999998,57.914827078734355
BT-01804,2023-07-17,South,Salon Wholesale,Eyeshadow Palette 9-shade,58,870.0,22.6,350.26,Kiran T,2023,July,3,50460.0,11403.960000000001,39056.04,20315.079999999998,18740.960000000003,47.984793133149196
BT-02700,2023-07-17,North,Salon Wholesale,BB Cream 30ml,39,540.0,8.3,185.11,Deepa S,2023,July,3,21060.0,1747.98,19312.02,7219.290000000001,12092.73,62.61763399167979
BT-02874,2023-07-17,South,Online,BB Cream 30ml,19,600.0,28.3,235.26,Priya R,2023,July,3,11400.0,3226.2000000000003,8173.799999999999,4469.94,3703.8599999999997,45.31380753138075
BT-03025,2023-07-17,Central,Modern Trade,Vitamin C Face Serum 30ml,4,700.0,9.4,197.19,Vikram N,2023,July,3,2800.0,263.2,2536.8,788.76,1748.0400000000002,68.90728476821192
BT-03194,2023-07-17,North,General Trade,Face Wash 100ml,59,310.0,11.4,98.08,Rohit K,2023,July,3,18290.0,2085.06,16204.94,5786.72,10418.220000000001,64.29039539794655
BT-03195,2023-07-17,North,Pharmacy,Face Wash 100ml,20,230.0,13.4,61.16,Rohit K,2023,July,3,4600.0,616.4000000000001,3983.6,1223.1999999999998,2760.4,69.29410583391908
BT-03549,2023-07-17,Central,Pharmacy,Rose Water Toner 200ml,33,280.0,9.1,68.66,Suresh K,2023,July,3,9240.0,840.84,8399.16,2265.7799999999997,6133.38,73.02373094452302
BT-04023,2023-07-17,North,General Trade,Nail Polish Set (12pc),48,410.0,6.9,156.82,Deepa S,2023,July,3,19680.0,1357.92,18322.08,7527.36,10794.720000000001,58.91645490031699
BT-04136,2023-07-17,North,Online,Matte Lipstick,27,380.0,7.5,117.69,Deepa S,2023,July,3,10260.0,769.5,9490.5,3177.63,6312.87,66.51778093883357
BT-04445,2023-07-17,West,Pharmacy,Matte Lipstick,8,310.0,31.0,100.38,Priya S,2023,July,3,2480.0,768.8,1711.2,803.04,908.1600000000001,53.07152875175316
BT-04477,2023-07-17,East,Online,Hydrating Moisturiser 50ml,44,360.0,6.1,128.88,Pooja N,2023,July,3,15840.0,966.24,14873.76,5670.719999999999,9203.04,61.87433439829606
BT-00094,2023-07-18,East,Modern Trade,Blush Palette,18,560.0,10.0,213.36,Pooja N,2023,July,3,10080.0,1008.0,9072.0,3840.4800000000005,5231.5199999999995,57.666666666666664
BT-01022,2023-07-18,East,Modern Trade,Night Repair Cream 50ml,18,910.0,7.8,358.9,Sneha B,2023,July,3,16380.0,1277.64,15102.36,6460.2,8642.16,57.22390407856784
BT-01235,2023-07-18,East,Pharmacy,SPF 50 Sunscreen 100g,13,320.0,9.3,123.36,Pooja N,2023,July,3,4160.0,386.88000000000005,3773.12,1603.68,2169.4399999999996,57.49724366041895
BT-01314,2023-07-18,East,Modern Trade,Micellar Cleansing Water,32,390.0,9.0,114.89,Sneha B,2023,July,3,12480.0,1123.2,11356.8,3676.48,7680.32,67.62750070442378
BT-01478,2023-07-18,Central,Pharmacy,Face Wash 100ml,22,200.0,8.6,61.4,Vikram N,2023,July,3,4400.0,378.4,4021.6,1350.8,2670.8,66.41137855579869
BT-02118,2023-07-18,West,Modern Trade,Micellar Cleansing Water,47,290.0,41.2,94.28,Nidhi C,2023,July,3,13630.0,5615.56,8014.44,4431.16,3583.2799999999997,44.71029791226835
BT-02311,2023-07-18,Central,General Trade,Face Wash 100ml,38,270.0,7.6,78.97,Suresh K,2023,July,3,10260.0,779.76,9480.24,3000.86,6479.379999999999,68.34616001282667
BT-02526,2023-07-18,North,Online,Blush Palette,20,710.0,13.1,318.79,Anjali M,2023,July,3,14200.0,1860.2,12339.8,6375.8,5963.999999999999,48.33141542002301
BT-02917,2023-07-18,South,General Trade,Blush Palette,34,610.0,23.2,270.47,Kiran T,2023,July,3,20740.0,4811.679999999999,15928.32,9195.980000000001,6732.339999999998,42.2664788251366
BT-03221,2023-07-18,North,Modern Trade,Perfume 100ml EDP,41,2340.0,7.7,972.04,Deepa S,2023,July,3,95940.0,7387.38,88552.62,39853.64,48698.979999999996,54.994397681288255
BT-03294,2023-07-18,North,General Trade,Hair Serum 100ml,2,540.0,9.5,194.4,Deepa S,2023,July,3,1080.0,102.6,977.4,388.8,588.5999999999999,60.22099447513811
BT-03664,2023-07-18,South,General Trade,Mascara,38,410.0,21.1,174.99,Anand V,2023,July,3,15580.0,3287.38,12292.619999999999,6649.620000000001,5642.999999999998,45.905592135769254
BT-03972,2023-07-18,East,General Trade,Face Wash 100ml,25,220.0,14.8,59.53,Meena G,2023,July,3,5500.0,814.0000000000001,4686.0,1488.25,3197.75,68.24050362782758
BT-04316,2023-07-18,Central,General Trade,Rose Water Toner 200ml,20,300.0,12.1,80.43,Vikram N,2023,July,3,6000.0,726.0,5274.0,1608.6000000000001,3665.3999999999996,69.49943117178611
BT-04428,2023-07-18,East,Pharmacy,Under Eye Cream 15ml,11,800.0,10.5,238.4,Meena G,2023,July,3,8800.0,924.0,7876.0,2622.4,5253.6,66.70391061452514
BT-04755,2023-07-18,North,General Trade,Face Wash 100ml,13,190.0,9.5,58.42,Deepa S,2023,July,3,2470.0,234.65,2235.35,759.46,1475.8899999999999,66.0250072695551
BT-04857,2023-07-18,East,Salon Wholesale,Micellar Cleansing Water,42,410.0,5.7,127.96,Sneha B,2023,July,3,17220.0,981.5400000000001,16238.46,5374.32,10864.14,66.90375811499366
BT-04859,2023-07-18,West,Salon Wholesale,Vitamin C Face Serum 30ml,50,590.0,37.5,165.2,Rahul D,2023,July,3,29500.0,11062.5,18437.5,8260.0,10177.5,55.2
BT-00062,2023-07-19,Central,Pharmacy,SPF 50 Sunscreen 100g,50,400.0,13.9,145.96,Suresh K,2023,July,3,20000.0,2780.0000000000005,17220.0,7298.0,9922.0,57.61904761904761
BT-00318,2023-07-19,Central,Online,SPF 50 Sunscreen 100g,47,340.0,5.4,147.93,Sunita P,2023,July,3,15980.0,862.9200000000001,15117.08,6952.71,8164.37,54.007586121129215
BT-00513,2023-07-19,North,Salon Wholesale,Micellar Cleansing Water,34,470.0,8.7,156.65,Anjali M,2023,July,3,15980.0,1390.26,14589.74,5326.1,9263.64,63.494208944093586
BT-00522,2023-07-19,Central,Pharmacy,Micellar Cleansing Water,15,350.0,9.3,124.25,Sunita P,2023,July,3,5250.0,488.25000000000006,4761.75,1863.75,2898.0,60.85997794928335
BT-00948,2023-07-19,Central,Pharmacy,Face Wash 100ml,40,280.0,10.1,82.85,Sunita P,2023,July,3,11200.0,1131.1999999999998,10068.8,3314.0,6754.799999999999,67.08644525663435
BT-00979,2023-07-19,North,Online,Kajal Eye Pencil,7,230.0,10.8,71.97,Rohit K,2023,July,3,1610.0,173.88000000000002,1436.12,503.78999999999996,932.3299999999999,64.9200623903295
BT-01094,2023-07-19,South,Online,Micellar Cleansing Water,3,450.0,14.9,160.78,Anand V,2023,July,3,1350.0,201.14999999999998,1148.85,482.34000000000003,666.5099999999999,58.01540671105888
BT-02327,2023-07-19,South,Pharmacy,Blush Palette,17,610.0,19.7,237.78,Priya R,2023,July,3,10370.0,2042.8899999999999,8327.11,4042.26,4284.85,51.456627809648246
BT-02352,2023-07-19,North,Salon Wholesale,Under Eye Cream 15ml,39,550.0,11.5,183.48,Anjali M,2023,July,3,21450.0,2466.75,18983.25,7155.719999999999,11827.53,62.30508474576272
BT-02369,2023-07-19,Central,Online,Vitamin C Face Serum 30ml,56,740.0,10.2,215.93,Suresh K,2023,July,3,41440.0,4226.88,37213.12,12092.08,25121.04,67.50586889785107
BT-02978,2023-07-19,North,General Trade,Matte Lipstick,49,460.0,8.7,168.73,Rohit K,2023,July,3,22540.0,1960.9799999999998,20579.02,8267.769999999999,12311.250000000002,59.82427734654032
BT-03820,2023-07-19,Central,Pharmacy,Night Repair Cream 50ml,59,1050.0,7.9,351.33,Vikram N,2023,July,3,61950.0,4894.05,57055.95,20728.469999999998,36327.479999999996,63.669923995656895
BT-04129,2023-07-19,South,Modern Trade,Under Eye Cream 15ml,30,590.0,15.1,185.14,Anand V,2023,July,3,17700.0,2672.7,15027.3,5554.2,9473.099999999999,63.03926853127307
BT-04254,2023-07-19,Central,Salon Wholesale,SPF 50 Sunscreen 100g,26,350.0,7.7,149.83,Vikram N,2023,July,3,9100.0,700.7,8399.3,3895.5800000000004,4503.719999999999,53.62018263426713
BT-00018,2023-07-20,Central,Pharmacy,Rose Water Toner 200ml,27,280.0,4.8,75.8,Sunita P,2023,July,3,7560.0,362.88,7197.12,2046.6,5150.52,71.56362545018008
BT-00090,2023-07-20,Central,Online,Mascara,54,460.0,8.7,181.65,Vikram N,2023,July,3,24840.0,2161.08,22678.92,9809.1,12869.819999999998,56.747940378113235
BT-00288,2023-07-20,East,General Trade,Compact Powder,35,380.0,10.2,126.24,Meena G,2023,July,3,13300.0,1356.6,11943.4,4418.4,7525.0,63.0055093189544
BT-00489,2023-07-20,Central,Online,Micellar Cleansing Water,13,430.0,11.1,130.07,Suresh K,2023,July,3,5590.0,620.49,4969.51,1690.9099999999999,3278.6000000000004,65.97431135061606
BT-00847,2023-07-20,North,Online,Hair Oil 200ml,44,250.0,7.3,78.2,Deepa S,2023,July,3,11000.0,803.0,10197.0,3440.8,6756.2,66.25674217907228
BT-00900,2023-07-20,Central,Pharmacy,Blush Palette,11,630.0,7.0,300.64,Sunita P,2023,July,3,6930.0,485.1,6444.9,3307.04,3137.8599999999997,48.68748933265062
BT-00982,2023-07-20,South,General Trade,Hydrating Moisturiser 50ml,57,370.0,20.7,115.74,Kiran T,2023,July,3,21090.0,4365.63,16724.37,6597.179999999999,10127.189999999999,60.553491701032684
BT-01969,2023-07-20,North,General Trade,Perfume 100ml EDP,39,1970.0,10.1,827.79,Rohit K,2023,July,3,76830.0,7759.829999999999,69070.17,32283.809999999998,36786.36,53.25940272045081
BT-02520,2023-07-20,East,Pharmacy,Hair Serum 100ml,17,430.0,7.3,177.12,Meena G,2023,July,3,7310.0,533.63,6776.37,3011.04,3765.33,55.56559042673289
BT-02870,2023-07-20,North,Online,Perfume 100ml EDP,55,2720.0,8.4,1160.08,Rohit K,2023,July,3,149600.0,12566.400000000001,137033.6,63804.399999999994,73229.20000000001,53.43886462882097
BT-03155,2023-07-20,North,Online,Lip Gloss,4,270.0,6.6,83.0,Deepa S,2023,July,3,1080.0,71.28,1008.72,332.0,676.72,67.08700134824332
BT-03825,2023-07-20,North,Pharmacy,Micellar Cleansing Water,22,390.0,9.8,139.54,Rohit K,2023,July,3,8580.0,840.84,7739.16,3069.8799999999997,4669.280000000001,60.33316277218718
BT-04184,2023-07-20,Central,General Trade,Night Repair Cream 50ml,6,840.0,13.2,348.01,Suresh K,2023,July,3,5040.0,665.2800000000001,4374.72,2088.06,2286.6600000000003,52.26985955672592
BT-04206,2023-07-20,East,Salon Wholesale,Blush Palette,5,810.0,9.8,325.05,Pooja N,2023,July,3,4050.0,396.90000000000003,3653.1,1625.25,2027.85,55.510388437217706
BT-04764,2023-07-20,North,General Trade,Eyeshadow Palette 9-shade,26,740.0,5.5,332.56,Deepa S,2023,July,3,19240.0,1058.2,18181.8,8646.56,9535.24,52.44387244387244
BT-04888,2023-07-20,Central,Online,Night Repair Cream 50ml,37,700.0,8.9,235.2,Sunita P,2023,July,3,25900.0,2305.1000000000004,23594.9,8702.4,14892.500000000002,63.11745334796927
BT-00061,2023-07-21,South,Online,Lip Gloss,3,230.0,20.2,65.96,Anand V,2023,July,3,690.0,139.38,550.62,197.88,352.74,64.06232973738695
BT-00416,2023-07-21,West,Online,Compact Powder,35,320.0,35.9,122.43,Nidhi C,2023,July,3,11200.0,4020.7999999999997,7179.200000000001,4285.05,2894.1500000000005,40.31298751950078
BT-00783,2023-07-21,East,Salon Wholesale,Mascara,35,520.0,6.8,187.72,Pooja N,2023,July,3,18200.0,1237.6000000000001,16962.4,6570.2,10392.2,61.26609442060086
BT-01044,2023-07-21,North,Salon Wholesale,Night Repair Cream 50ml,2,850.0,13.6,279.31,Anjali M,2023,July,3,1700.0,231.20000000000002,1468.8,558.62,910.18,61.96759259259259
BT-01816,2023-07-21,East,Modern Trade,Night Repair Cream 50ml,59,1040.0,13.4,353.29,Sneha B,2023,July,3,61360.0,8222.24,53137.76,20844.11,32293.65,60.773449991117424
BT-02243,2023-07-21,South,Modern Trade,Nail Polish Set (12pc),17,630.0,26.3,284.82,Priya R,2023,July,3,10710.0,2816.73,7893.27,4841.94,3051.330000000001,38.657362537959564
BT-02560,2023-07-21,East,Salon Wholesale,Hair Serum 100ml,53,390.0,11.0,138.33,Pooja N,2023,July,3,20670.0,2273.7,18396.3,7331.490000000001,11064.809999999998,60.146931719965416
BT-03349,2023-07-21,East,Pharmacy,Lip Gloss,57,210.0,5.5,60.56,Pooja N,2023,July,3,11970.0,658.35,11311.65,3451.92,7859.73,69.48349710254472
BT-04897,2023-07-21,East,General Trade,Hair Oil 200ml,58,270.0,4.9,94.36,Pooja N,2023,July,3,15660.0,767.34,14892.66,5472.88,9419.779999999999,63.251158624449886
BT-00175,2023-07-22,East,Salon Wholesale,Compact Powder,59,460.0,5.9,178.85,Sneha B,2023,July,3,27140.0,1601.26,25538.74,10552.15,14986.590000000002,58.68179087926813
BT-00270,2023-07-22,Central,Online,Eyeshadow Palette 9-shade,5,890.0,8.7,377.36,Suresh K,2023,July,3,4450.0,387.15,4062.85,1886.8000000000002,2176.0499999999997,53.559693318729465
BT-00913,2023-07-22,West,Salon Wholesale,Hair Serum 100ml,11,610.0,38.3,227.22,Rahul D,2023,July,3,6710.0,2569.93,4140.07,2499.42,1640.6499999999996,39.62855700507479
BT-01100,2023-07-22,West,Salon Wholesale,Eyeshadow Palette 9-shade,20,900.0,35.8,408.6,Nidhi C,2023,July,3,18000.0,6444.0,11556.0,8172.0,3384.0,29.283489096573206
BT-01305,2023-07-22,North,Salon Wholesale,Micellar Cleansing Water,43,440.0,8.4,147.27,Deepa S,2023,July,3,18920.0,1589.2800000000002,17330.72,6332.610000000001,10998.11,63.460202461294166
BT-01962,2023-07-22,South,Modern Trade,Compact Powder,56,430.0,23.2,167.23,Priya R,2023,July,3,24080.0,5586.5599999999995,18493.440000000002,9364.88,9128.560000000003,49.36107073643412
BT-02681,2023-07-22,East,Modern Trade,Hair Oil 200ml,11,280.0,14.0,101.72,Meena G,2023,July,3,3080.0,431.20000000000005,2648.8,1118.92,1529.88,57.75747508305648
BT-03021,2023-07-22,Central,Online,Night Repair Cream 50ml,2,1020.0,10.6,359.04,Sunita P,2023,July,3,2040.0,216.23999999999998,1823.76,718.08,1105.6799999999998,60.62639821029082
BT-03394,2023-07-22,East,Modern Trade,Lip Gloss,5,230.0,6.3,74.98,Meena G,2023,July,3,1150.0,72.45,1077.55,374.90000000000003,702.6499999999999,65.20811099252934
BT-04114,2023-07-22,Central,General Trade,Lip Gloss,43,180.0,13.3,64.31,Suresh K,2023,July,3,7740.0,1029.42,6710.58,2765.33,3945.25,58.79149045239011
BT-04282,2023-07-22,West,Salon Wholesale,Rose Water Toner 200ml,9,330.0,41.3,74.45,Nidhi C,2023,July,3,2970.0,1226.61,1743.39,670.0500000000001,1073.3400000000001,61.56625884053483
BT-04341,2023-07-22,North,General Trade,Nail Polish Set (12pc),14,540.0,12.0,234.95,Rohit K,2023,July,3,7560.0,907.1999999999999,6652.8,3289.2999999999997,3363.5000000000005,50.55765993265994
BT-04560,2023-07-22,North,Pharmacy,Hydrating Moisturiser 50ml,14,430.0,11.0,133.17,Rohit K,2023,July,3,6020.0,662.2,5357.8,1864.3799999999999,3493.42,65.20250849229161
BT-04669,2023-07-22,West,Online,Kajal Eye Pencil,32,200.0,33.2,51.7,Priya S,2023,July,3,6400.0,2124.8,4275.2,1654.4,2620.7999999999997,61.30239520958084
BT-04947,2023-07-22,North,Salon Wholesale,Hydrating Moisturiser 50ml,5,380.0,8.3,115.48,Rohit K,2023,July,3,1900.0,157.70000000000002,1742.3,577.4,1164.9,66.85989783619355
BT-00125,2023-07-23,Central,Modern Trade,Matte Lipstick,46,350.0,13.9,128.38,Suresh K,2023,July,3,16100.0,2237.9,13862.1,5905.48,7956.620000000001,57.39837398373984
BT-00841,2023-07-23,West,Online,Night Repair Cream 50ml,23,780.0,37.4,283.61,Priya S,2023,July,3,17940.0,6709.56,11230.439999999999,6523.030000000001,4707.409999999998,41.91652330629965
BT-00920,2023-07-23,North,Online,Hair Serum 100ml,43,610.0,13.0,235.03,Rohit K,2023,July,3,26230.0,3409.9,22820.1,10106.29,12713.809999999998,55.713208969285844
BT-01098,2023-07-23,Central,Online,Hair Serum 100ml,25,650.0,10.6,264.16,Sunita P,2023,July,3,16250.0,1722.5,14527.5,6604.000000000001,7923.499999999999,54.54138702460849
BT-01182,2023-07-23,West,General Trade,Blush Palette,49,480.0,25.1,217.49,Nidhi C,2023,July,3,23520.0,5903.52,17616.48,10657.01,6959.469999999999,39.50545171339564
BT-02957,2023-07-23,East,Salon Wholesale,Night Repair Cream 50ml,19,930.0,9.1,319.55,Pooja N,2023,July,3,17670.0,1607.97,16062.03,6071.45,9990.580000000002,62.199983439204146
BT-03078,2023-07-23,Central,Pharmacy,Micellar Cleansing Water,56,300.0,9.1,91.68,Sunita P,2023,July,3,16800.0,1528.8,15271.2,5134.08,10137.12,66.38063806380639
BT-03126,2023-07-23,North,Online,Blush Palette,20,780.0,13.4,349.75,Anjali M,2023,July,3,15600.0,2090.4,13509.6,6995.0,6514.6,48.22200509267484
BT-03541,2023-07-23,East,Salon Wholesale,Hair Serum 100ml,37,390.0,13.6,154.05,Meena G,2023,July,3,14430.0,1962.4800000000002,12467.52,5699.85,6767.67,54.282407407407405
BT-00501,2023-07-24,North,General Trade,Lip Gloss,27,260.0,9.0,90.79,Rohit K,2023,July,3,7020.0,631.8,6388.2,2451.3300000000004,3936.8699999999994,61.627218934911234
BT-01585,2023-07-24,East,Salon Wholesale,Hair Serum 100ml,47,550.0,15.3,197.72,Sneha B,2023,July,3,25850.0,3955.0499999999997,21894.95,9292.84,12602.11,57.55715359021144
BT-01691,2023-07-24,Central,Pharmacy,Under Eye Cream 15ml,34,610.0,10.4,229.42,Sunita P,2023,July,3,20740.0,2156.96,18583.04,7800.28,10782.760000000002,58.02473653395786
BT-01834,2023-07-24,Central,Modern Trade,Mascara,45,400.0,8.4,163.08,Vikram N,2023,July,3,18000.0,1512.0,16488.0,7338.6,9149.4,55.49126637554585
BT-01851,2023-07-24,South,Online,BB Cream 30ml,28,460.0,26.6,170.43,Priya R,2023,July,3,12880.0,3426.0800000000004,9453.92,4772.04,4681.88,49.52316076294278
BT-02279,2023-07-24,West,General Trade,Hair Oil 200ml,7,360.0,35.1,122.36,Rahul D,2023,July,3,2520.0,884.5200000000001,1635.48,856.52,778.96,47.62883067967814
BT-02372,2023-07-24,West,General Trade,Micellar Cleansing Water,17,440.0,34.4,145.29,Nidhi C,2023,July,3,7480.0,2573.12,4906.88,2469.93,2436.9500000000003,49.66394124168515
BT-02807,2023-07-24,East,Modern Trade,SPF 50 Sunscreen 100g,58,460.0,11.6,204.1,Sneha B,2023,July,3,26680.0,3094.8799999999997,23585.12,11837.8,11747.32,49.808184143222505
BT-03105,2023-07-24,South,Pharmacy,Lip Gloss,12,240.0,18.0,73.82,Anand V,2023,July,3,2880.0,518.4,2361.6,885.8399999999999,1475.76,62.48983739837398
BT-03721,2023-07-24,North,Modern Trade,Vitamin C Face Serum 30ml,9,700.0,13.9,227.29,Rohit K,2023,July,3,6300.0,875.7,5424.3,2045.61,3378.6900000000005,62.28803716608595
BT-04035,2023-07-24,Central,Pharmacy,Hydrating Moisturiser 50ml,40,550.0,11.7,201.47,Vikram N,2023,July,3,22000.0,2574.0,19426.0,8058.8,11367.2,58.515391743024814
BT-04686,2023-07-24,North,Modern Trade,Vitamin C Face Serum 30ml,27,530.0,12.0,170.18,Anjali M,2023,July,3,14310.0,1717.2,12592.8,4594.860000000001,7997.939999999999,63.51200686106346
BT-00014,2023-07-25,West,Salon Wholesale,Matte Lipstick,37,350.0,30.2,120.09,Priya S,2023,July,3,12950.0,3910.9,9039.1,4443.33,4595.77,50.84322554236594
BT-00271,2023-07-25,East,General Trade,Face Wash 100ml,56,260.0,7.2,68.04,Pooja N,2023,July,3,14560.0,1048.3200000000002,13511.68,3810.2400000000002,9701.44,71.8003978779841
BT-00432,2023-07-25,North,Modern Trade,BB Cream 30ml,36,430.0,9.4,161.42,Deepa S,2023,July,3,15480.0,1455.12,14024.880000000001,5811.12,8213.760000000002,58.56563478618
BT-01412,2023-07-25,West,Pharmacy,Blush Palette,2,670.0,38.7,289.64,Nidhi C,2023,July,3,1340.0,518.58,821.42,579.28,242.14,29.478220642302354
BT-01635,2023-07-25,East,Salon Wholesale,Hydrating Moisturiser 50ml,35,460.0,9.2,160.77,Pooja N,2023,July,3,16100.0,1481.2,14618.8,5626.950000000001,8991.849999999999,61.508810572687224
BT-01712,2023-07-25,East,Modern Trade,Night Repair Cream 50ml,40,1130.0,10.4,367.48,Sneha B,2023,July,3,45200.0,4700.8,40499.2,14699.2,25799.999999999996,63.7049620733249
BT-01856,2023-07-25,Central,Modern Trade,Eyeshadow Palette 9-shade,56,610.0,5.8,293.17,Vikram N,2023,July,3,34160.0,1981.28,32178.72,16417.52,15761.2,48.98019560753193
BT-01890,2023-07-25,East,General Trade,Eyeshadow Palette 9-shade,15,930.0,7.6,403.53,Sneha B,2023,July,3,13950.0,1060.2,12889.8,6052.95,6836.849999999999,53.040776427873205
BT-02277,2023-07-25,Central,General Trade,Face Wash 100ml,46,200.0,13.6,64.84,Suresh K,2023,July,3,9200.0,1251.2,7948.8,2982.6400000000003,4966.16,62.47685185185185
BT-02351,2023-07-25,North,General Trade,Kajal Eye Pencil,12,210.0,5.3,63.71,Deepa S,2023,July,3,2520.0,133.56,2386.44,764.52,1621.92,67.96399658068086
BT-02513,2023-07-25,East,Online,Vitamin C Face Serum 30ml,7,740.0,10.3,216.67,Meena G,2023,July,3,5180.0,533.5400000000001,4646.46,1516.6899999999998,3129.7700000000004,67.3581608364217
BT-02517,2023-07-25,West,Modern Trade,Vitamin C Face Serum 30ml,4,670.0,35.9,229.34,Rahul D,2023,July,3,2680.0,962.12,1717.88,917.36,800.5200000000001,46.59929680769321
BT-02739,2023-07-25,Central,Modern Trade,Kajal Eye Pencil,9,200.0,7.8,55.2,Vikram N,2023,July,3,1800.0,140.4,1659.6,496.8,1162.8,70.06507592190889
BT-03617,2023-07-25,West,Modern Trade,Under Eye Cream 15ml,59,690.0,26.9,247.16,Rahul D,2023,July,3,40710.0,10950.989999999998,29759.010000000002,14582.44,15176.570000000002,50.99823549237693
BT-04417,2023-07-25,Central,Modern Trade,Lip Gloss,28,280.0,9.6,88.68,Suresh K,2023,July,3,7840.0,752.64,7087.36,2483.04,4604.32,64.96523388116309
BT-00143,2023-07-26,East,Modern Trade,Rose Water Toner 200ml,12,320.0,8.1,78.78,Sneha B,2023,July,3,3840.0,311.04,3528.96,945.36,2583.6,73.2113710554951
BT-00928,2023-07-26,South,Salon Wholesale,Night Repair Cream 50ml,13,750.0,23.4,281.32,Priya R,2023,July,3,9750.0,2281.5,7468.5,3657.16,3811.34,51.032201914708445
BT-00934,2023-07-26,North,Pharmacy,Compact Powder,45,450.0,10.1,159.97,Deepa S,2023,July,3,20250.0,2045.2499999999998,18204.75,7198.65,11006.1,60.45729823260413
BT-01294,2023-07-26,North,General Trade,Eyeshadow Palette 9-shade,30,780.0,9.8,381.5,Rohit K,2023,July,3,23400.0,2293.2000000000003,21106.8,11445.0,9661.8,45.77576894650065
BT-01912,2023-07-26,Central,Salon Wholesale,Lip Gloss,3,240.0,13.5,77.5,Suresh K,2023,July,3,720.0,97.2,622.8,232.5,390.29999999999995,62.66859344894027
BT-01929,2023-07-26,East,Pharmacy,Lip Gloss,14,230.0,5.1,70.52,Sneha B,2023,July,3,3220.0,164.22,3055.78,987.28,2068.5,67.69139139597745
BT-03896,2023-07-26,Central,Online,Face Wash 100ml,19,300.0,11.5,85.32,Vikram N,2023,July,3,5700.0,655.5,5044.5,1621.08,3423.42,67.86440677966101
BT-03901,2023-07-26,East,Pharmacy,SPF 50 Sunscreen 100g,42,370.0,13.0,163.87,Meena G,2023,July,3,15540.0,2020.2,13519.8,6882.54,6637.259999999999,49.09288598943771
BT-04609,2023-07-26,North,Pharmacy,Night Repair Cream 50ml,54,1160.0,6.8,420.38,Deepa S,2023,July,3,62640.0,4259.52,58380.479999999996,22700.52,35679.95999999999,61.116249815006654
BT-00213,2023-07-27,North,Pharmacy,Lip Gloss,36,270.0,7.2,77.95,Deepa S,2023,July,3,9720.0,699.84,9020.16,2806.2000000000003,6213.959999999999,68.889687100894
BT-00268,2023-07-27,East,Online,Kajal Eye Pencil,58,140.0,11.5,47.05,Sneha B,2023,July,3,8120.0,933.8000000000001,7186.2,2728.8999999999996,4457.3,62.02582728006457
BT-00692,2023-07-27,Central,Salon Wholesale,Under Eye Cream 15ml,46,550.0,10.8,192.39,Suresh K,2023,July,3,25300.0,2732.4000000000005,22567.6,8849.939999999999,13717.66,60.7847533632287
BT-00891,2023-07-27,West,Online,Micellar Cleansing Water,46,310.0,37.9,91.14,Nidhi C,2023,July,3,14260.0,5404.54,8855.46,4192.44,4663.0199999999995,52.65700483091788
BT-00997,2023-07-27,West,General Trade,Perfume 100ml EDP,38,1390.0,34.7,598.26,Priya S,2023,July,3,52820.0,18328.54,34491.46,22733.88,11757.579999999998,34.088380138155934
BT-01639,2023-07-27,North,Pharmacy,Perfume 100ml EDP,51,1220.0,10.0,509.84,Rohit K,2023,July,3,62220.0,6222.0,55998.0,26001.84,29996.16,53.56648451730419
BT-01873,2023-07-27,North,General Trade,Hydrating Moisturiser 50ml,48,480.0,11.0,179.81,Deepa S,2023,July,3,23040.0,2534.4,20505.6,8630.880000000001,11874.719999999998,57.90964419475655
BT-02377,2023-07-27,West,General Trade,Under Eye Cream 15ml,37,910.0,34.9,335.24,Rahul D,2023,July,3,33670.0,11750.83,21919.17,12403.880000000001,9515.289999999997,43.4108134568964
BT-02415,2023-07-27,North,General Trade,Eyeshadow Palette 9-shade,29,650.0,6.9,290.75,Deepa S,2023,July,3,18850.0,1300.65,17549.35,8431.75,9117.599999999999,51.95406097661737
BT-02439,2023-07-27,East,Online,Kajal Eye Pencil,24,200.0,7.1,54.54,Pooja N,2023,July,3,4800.0,340.79999999999995,4459.2,1308.96,3150.24,70.64585575888051
BT-02776,2023-07-27,South,Online,Compact Powder,28,400.0,16.3,127.2,Kiran T,2023,July,3,11200.0,1825.6000000000001,9374.4,3561.6,5812.799999999999,62.00716845878136
BT-03382,2023-07-27,South,General Trade,Matte Lipstick,41,340.0,23.1,110.64,Priya R,2023,July,3,13940.0,3220.1400000000003,10719.86,4536.24,6183.620000000001,57.68377572095158
BT-03539,2023-07-27,East,Modern Trade,Blush Palette,52,580.0,12.3,239.89,Pooja N,2023,July,3,30160.0,3709.6800000000003,26450.32,12474.279999999999,13976.04,52.838831439468414
BT-03582,2023-07-27,North,Modern Trade,Blush Palette,20,790.0,4.3,324.22,Deepa S,2023,July,3,15800.0,679.4,15120.6,6484.400000000001,8636.2,57.11545838128117
BT-03641,2023-07-27,West,Salon Wholesale,Lip Gloss,9,340.0,28.1,102.92,Rahul D,2023,July,3,3060.0,859.8600000000001,2200.14,926.28,1273.86,57.89904278818621
BT-03973,2023-07-27,North,Salon Wholesale,SPF 50 Sunscreen 100g,6,380.0,11.9,149.61,Deepa S,2023,July,3,2280.0,271.32,2008.68,897.6600000000001,1111.02,55.31095047493876
BT-04297,2023-07-27,East,Online,Blush Palette,30,780.0,9.4,337.43,Pooja N,2023,July,3,23400.0,2199.6,21200.4,10122.9,11077.500000000002,52.25137261561103
BT-00124,2023-07-28,West,Online,Hair Oil 200ml,8,380.0,34.0,119.89,Rahul D,2023,July,3,3040.0,1033.6000000000001,2006.3999999999999,959.12,1047.2799999999997,52.19696969696969
BT-00356,2023-07-28,Central,Online,Micellar Cleansing Water,45,290.0,9.5,101.24,Suresh K,2023,July,3,13050.0,1239.75,11810.25,4555.8,7254.45,61.42503333968374
BT-00409,2023-07-28,North,Online,Nail Polish Set (12pc),52,550.0,6.9,209.6,Deepa S,2023,July,3,28600.0,1973.4,26626.6,10899.199999999999,15727.4,59.066497412362075
BT-00540,2023-07-28,South,Salon Wholesale,Blush Palette,41,680.0,17.7,310.01,Kiran T,2023,July,3,27880.0,4934.759999999999,22945.24,12710.41,10234.830000000002,44.60546065327711
BT-00711,2023-07-28,East,General Trade,Compact Powder,47,440.0,6.8,151.27,Sneha B,2023,July,3,20680.0,1406.24,19273.76,7109.6900000000005,12164.069999999998,63.11207569254778
BT-00895,2023-07-28,West,Modern Trade,Mascara,21,520.0,35.4,189.44,Nidhi C,2023,July,3,10920.0,3865.68,7054.32,3978.24,3076.08,43.60562038580614
BT-01195,2023-07-28,West,General Trade,Under Eye Cream 15ml,35,730.0,31.1,268.57,Priya S,2023,July,3,25550.0,7946.05,17603.95,9399.949999999999,8204.000000000002,46.60317712786052
BT-01284,2023-07-28,North,General Trade,Hair Serum 100ml,33,560.0,7.6,187.82,Deepa S,2023,July,3,18480.0,1404.48,17075.52,6198.0599999999995,10877.460000000001,63.70207173778603
BT-01334,2023-07-28,North,Online,Lip Gloss,44,290.0,11.4,88.13,Rohit K,2023,July,3,12760.0,1454.64,11305.36,3877.72,7427.640000000001,65.70016346228692
BT-01725,2023-07-28,West,Online,SPF 50 Sunscreen 100g,5,400.0,31.1,172.6,Priya S,2023,July,3,2000.0,622.0,1378.0,863.0,515.0,37.37300435413643
BT-01829,2023-07-28,West,General Trade,BB Cream 30ml,17,430.0,29.2,162.02,Nidhi C,2023,July,3,7310.0,2134.52,5175.48,2754.34,2421.1399999999994,46.780974904743125
BT-01992,2023-07-28,South,Salon Wholesale,Blush Palette,28,600.0,18.1,235.74,Anand V,2023,July,3,16800.0,3040.8,13759.2,6600.72,7158.4800000000005,52.026862026862034
BT-02425,2023-07-28,West,Salon Wholesale,SPF 50 Sunscreen 100g,29,390.0,39.3,173.0,Rahul D,2023,July,3,11310.0,4444.83,6865.17,5017.0,1848.17,26.920964812233343
BT-02671,2023-07-28,West,Modern Trade,Hydrating Moisturiser 50ml,46,620.0,32.0,234.05,Priya S,2023,July,3,28520.0,9126.4,19393.6,10766.300000000001,8627.299999999997,44.48529411764705
BT-02727,2023-07-28,West,Online,Hydrating Moisturiser 50ml,38,550.0,28.2,194.09,Rahul D,2023,July,3,20900.0,5893.799999999999,15006.2,7375.42,7630.780000000001,50.85084831602937
BT-02913,2023-07-28,North,Modern Trade,Kajal Eye Pencil,17,120.0,11.0,34.49,Rohit K,2023,July,3,2040.0,224.4,1815.6,586.33,1229.27,67.7059925093633
BT-03293,2023-07-28,North,Online,Kajal Eye Pencil,33,120.0,5.0,38.99,Deepa S,2023,July,3,3960.0,198.0,3762.0,1286.67,2475.33,65.7982456140351
BT-03524,2023-07-28,West,Modern Trade,Hair Oil 200ml,20,360.0,28.7,136.58,Rahul D,2023,July,3,7200.0,2066.3999999999996,5133.6,2731.6000000000004,2402.0,46.78977715443353
BT-03796,2023-07-28,East,Pharmacy,Kajal Eye Pencil,51,170.0,13.9,54.06,Pooja N,2023,July,3,8670.0,1205.13,7464.87,2757.06,4707.8099999999995,63.06620209059233
BT-03970,2023-07-28,West,Salon Wholesale,Kajal Eye Pencil,13,230.0,39.2,78.8,Nidhi C,2023,July,3,2990.0,1172.0800000000002,1817.9199999999998,1024.3999999999999,793.52,43.649885583524025
BT-04990,2023-07-28,East,General Trade,Lip Gloss,38,260.0,14.9,80.86,Sneha B,2023,July,3,9880.0,1472.12,8407.880000000001,3072.68,5335.200000000001,63.454759106933025
BT-00927,2023-07-29,North,Modern Trade,Blush Palette,43,530.0,9.3,218.31,Deepa S,2023,July,3,22790.0,2119.4700000000003,20670.53,9387.33,11283.199999999999,54.585924985958265
BT-01253,2023-07-29,Central,Modern Trade,Face Wash 100ml,40,200.0,10.6,52.54,Sunita P,2023,July,3,8000.0,848.0,7152.0,2101.6,5050.4,70.6152125279642
BT-02300,2023-07-29,North,Pharmacy,Micellar Cleansing Water,21,460.0,7.6,141.04,Rohit K,2023,July,3,9660.0,734.16,8925.84,2961.8399999999997,5964.0,66.81724073028421
BT-02932,2023-07-29,West,General Trade,Night Repair Cream 50ml,60,1140.0,35.2,376.77,Priya S,2023,July,3,68400.0,24076.800000000003,44323.2,22606.199999999997,21717.0,48.99691358024691
BT-03775,2023-07-29,South,General Trade,Matte Lipstick,53,290.0,24.2,95.96,Kiran T,2023,July,3,15370.0,3719.54,11650.46,5085.88,6564.579999999999,56.34610135565462
BT-04883,2023-07-29,Central,General Trade,Micellar Cleansing Water,42,290.0,12.0,86.33,Vikram N,2023,July,3,12180.0,1461.6,10718.4,3625.86,7092.539999999999,66.17163009404388
BT-00286,2023-07-30,South,Online,Face Wash 100ml,51,260.0,19.6,73.27,Priya R,2023,July,3,13260.0,2598.96,10661.04,3736.77,6924.27,64.94929200153081
BT-00332,2023-07-30,North,General Trade,Hydrating Moisturiser 50ml,7,400.0,8.8,125.48,Rohit K,2023,July,3,2800.0,246.40000000000003,2553.6,878.36,1675.2399999999998,65.60307017543859
BT-00884,2023-07-30,East,Online,Compact Powder,8,430.0,4.4,169.12,Pooja N,2023,July,3,3440.0,151.36,3288.64,1352.96,1935.6799999999998,58.85958937433102
BT-00888,2023-07-30,Central,Online,Perfume 100ml EDP,38,1630.0,4.3,678.73,Sunita P,2023,July,3,61940.0,2663.4199999999996,59276.58,25791.74,33484.84,56.48915642569122
BT-00961,2023-07-30,West,Salon Wholesale,Under Eye Cream 15ml,56,760.0,34.9,213.03,Priya S,2023,July,3,42560.0,14853.439999999999,27706.56,11929.68,15776.880000000001,56.94276012612176
BT-01060,2023-07-30,Central,Online,BB Cream 30ml,25,530.0,4.6,216.03,Sunita P,2023,July,3,13250.0,609.5,12640.5,5400.75,7239.75,57.27423756971639
BT-01247,2023-07-30,East,Modern Trade,Compact Powder,15,450.0,6.7,179.5,Meena G,2023,July,3,6750.0,452.25,6297.75,2692.5,3605.25,57.24663570322734
BT-01607,2023-07-30,West,General Trade,SPF 50 Sunscreen 100g,56,420.0,28.8,147.21,Nidhi C,2023,July,3,23520.0,6773.760000000001,16746.239999999998,8243.76,8502.479999999998,50.77247191011235
BT-01810,2023-07-30,North,Modern Trade,Matte Lipstick,25,290.0,6.0,105.85,Deepa S,2023,July,3,7250.0,435.0,6815.0,2646.25,4168.75,61.170212765957444
BT-02330,2023-07-30,East,Online,Nail Polish Set (12pc),32,490.0,13.5,190.71,Meena G,2023,July,3,15680.0,2116.8,13563.2,6102.72,7460.4800000000005,55.005308481774215
BT-02418,2023-07-30,North,Pharmacy,Kajal Eye Pencil,13,230.0,7.9,73.12,Anjali M,2023,July,3,2990.0,236.21,2753.79,950.5600000000001,1803.23,65.48175423688807
BT-02854,2023-07-30,West,Pharmacy,Matte Lipstick,46,490.0,23.5,189.38,Rahul D,2023,July,3,22540.0,5296.9,17243.1,8711.48,8531.619999999999,49.47845804988662
BT-02959,2023-07-30,South,General Trade,Compact Powder,24,420.0,23.7,145.66,Kiran T,2023,July,3,10080.0,2388.96,7691.04,3495.84,4195.2,54.54658927791299
BT-03216,2023-07-30,North,Online,Perfume 100ml EDP,42,1390.0,8.8,616.74,Rohit K,2023,July,3,58380.0,5137.4400000000005,53242.56,25903.08,27339.479999999996,51.348920863309345
BT-03406,2023-07-30,West,Salon Wholesale,Matte Lipstick,14,490.0,36.4,172.33,Nidhi C,2023,July,3,6860.0,2497.04,4362.96,2412.6200000000003,1950.3399999999997,44.70222051084584
BT-03420,2023-07-30,Central,General Trade,Micellar Cleansing Water,8,450.0,8.2,147.56,Vikram N,2023,July,3,3600.0,295.2,3304.8,1180.48,2124.32,64.2798353909465
BT-03473,2023-07-30,Central,Pharmacy,Micellar Cleansing Water,36,320.0,7.9,108.96,Suresh K,2023,July,3,11520.0,910.08,10609.92,3922.56,6687.360000000001,63.02931596091206
BT-03808,2023-07-30,Central,Modern Trade,Eyeshadow Palette 9-shade,47,940.0,6.6,458.63,Sunita P,2023,July,3,44180.0,2915.88,41264.12,21555.61,19708.510000000002,47.76185703221103
BT-04472,2023-07-30,Central,Salon Wholesale,Lip Gloss,56,200.0,9.7,68.6,Suresh K,2023,July,3,11200.0,1086.3999999999999,10113.6,3841.5999999999995,6272.000000000001,62.015503875969
BT-04660,2023-07-30,West,Modern Trade,SPF 50 Sunscreen 100g,29,420.0,37.8,165.52,Rahul D,2023,July,3,12180.0,4604.039999999999,7575.960000000001,4800.08,2775.880000000001,36.64063696218038
BT-00457,2023-07-31,North,Online,Blush Palette,43,720.0,7.3,333.86,Deepa S,2023,July,3,30960.0,2260.08,28699.92,14355.980000000001,14343.939999999997,49.979024331775136
BT-00502,2023-07-31,South,Pharmacy,Hair Oil 200ml,44,410.0,15.8,131.73,Anand V,2023,July,3,18040.0,2850.32,15189.68,5796.12,9393.560000000001,61.84172411795378
BT-00532,2023-07-31,South,Pharmacy,Rose Water Toner 200ml,18,230.0,18.1,59.41,Anand V,2023,July,3,4140.0,749.3400000000001,3390.66,1069.3799999999999,2321.2799999999997,68.46100759144237
BT-00592,2023-07-31,South,Pharmacy,Vitamin C Face Serum 30ml,48,650.0,12.4,223.53,Anand V,2023,July,3,31200.0,3868.8,27331.2,10729.44,16601.760000000002,60.74288724973657
BT-01220,2023-07-31,South,Modern Trade,Blush Palette,3,570.0,26.9,263.23,Priya R,2023,July,3,1710.0,459.98999999999995,1250.01,789.69,460.31999999999994,36.82530539755681
BT-01849,2023-07-31,East,Modern Trade,Lip Gloss,31,290.0,6.9,82.16,Meena G,2023,July,3,8990.0,620.3100000000001,8369.69,2546.96,5822.7300000000005,69.56924330530761
BT-02012,2023-07-31,South,Pharmacy,Mascara,36,440.0,15.2,163.15,Anand V,2023,July,3,15840.0,2407.68,13432.32,5873.400000000001,7558.919999999999,56.27412092624356
BT-02081,2023-07-31,West,Pharmacy,Perfume 100ml EDP,28,2000.0,32.7,1002.4,Nidhi C,2023,July,3,56000.0,18312.0,37688.0,28067.2,9620.8,25.52748885586924
BT-02280,2023-07-31,West,Modern Trade,SPF 50 Sunscreen 100g,53,490.0,26.8,192.37,Rahul D,2023,July,3,25970.0,6959.96,19010.04,10195.61,8814.43,46.367235418757666
BT-02422,2023-07-31,South,Salon Wholesale,Matte Lipstick,49,350.0,26.0,125.97,Kiran T,2023,July,3,17150.0,4459.0,12691.0,6172.53,6518.47,51.36293436293437
BT-03134,2023-07-31,South,General Trade,Blush Palette,38,640.0,23.9,289.92,Kiran T,2023,July,3,24320.0,5812.48,18507.52,11016.960000000001,7490.5599999999995,40.47306176084099
BT-03183,2023-07-31,West,General Trade,Mascara,56,400.0,39.6,147.84,Priya S,2023,July,3,22400.0,8870.4,13529.6,8279.04,5250.5599999999995,38.80794701986755
BT-03242,2023-07-31,Central,General Trade,BB Cream 30ml,34,530.0,7.2,174.58,Suresh K,2023,July,3,18020.0,1297.44,16722.56,5935.72,10786.84,64.50471698113208
BT-03297,2023-07-31,South,General Trade,Kajal Eye Pencil,24,150.0,26.5,39.95,Kiran T,2023,July,3,3600.0,954.0,2646.0,958.8000000000001,1687.1999999999998,63.7641723356009
BT-03874,2023-07-31,East,Salon Wholesale,Vitamin C Face Serum 30ml,2,560.0,8.4,163.46,Pooja N,2023,July,3,1120.0,94.08000000000001,1025.92,326.92,699.0,68.13396756082345
BT-03902,2023-07-31,East,Pharmacy,Rose Water Toner 200ml,7,370.0,6.9,107.0,Meena G,2023,July,3,2590.0,178.71,2411.29,749.0,1662.29,68.93778848666066
BT-04018,2023-07-31,South,General Trade,Nail Polish Set (12pc),36,560.0,24.4,237.83,Priya R,2023,July,3,20160.0,4919.04,15240.96,8561.880000000001,6679.079999999998,43.82322373393801
BT-04834,2023-07-31,North,Modern Trade,Night Repair Cream 50ml,27,1110.0,11.9,422.47,Rohit K,2023,July,3,29970.0,3566.4300000000003,26403.57,11406.69,14996.88,56.798682905379835
BT-00446,2023-08-01,North,Online,Nail Polish Set (12pc),16,580.0,7.3,272.95,Anjali M,2023,August,3,9280.0,677.4399999999999,8602.56,4367.2,4235.36,49.23371647509578
BT-00992,2023-08-01,East,Modern Trade,BB Cream 30ml,18,530.0,9.6,170.61,Meena G,2023,August,3,9540.0,915.84,8624.16,3070.9800000000005,5553.179999999999,64.39096677241609
BT-01409,2023-08-01,Central,Pharmacy,Lip Gloss,23,310.0,7.5,95.73,Vikram N,2023,August,3,7130.0,534.75,6595.25,2201.79,4393.46,66.61551874455101
BT-01991,2023-08-01,North,Pharmacy,BB Cream 30ml,33,490.0,14.3,165.52,Rohit K,2023,August,3,16170.0,2312.3100000000004,13857.689999999999,5462.160000000001,8395.529999999999,60.583906841616454
BT-02784,2023-08-01,West,General Trade,Night Repair Cream 50ml,33,1120.0,39.8,436.24,Rahul D,2023,August,3,36960.0,14710.079999999998,22249.920000000002,14395.92,7854.000000000002,35.29900332225914
BT-03116,2023-08-01,Central,General Trade,Eyeshadow Palette 9-shade,12,610.0,4.6,293.71,Sunita P,2023,August,3,7320.0,336.71999999999997,6983.28,3524.5199999999995,3458.76,49.52916108189848
BT-03270,2023-08-01,West,General Trade,Face Wash 100ml,56,240.0,34.1,78.14,Nidhi C,2023,August,3,13440.0,4583.04,8856.96,4375.84,4481.119999999999,50.59433485078401
BT-03830,2023-08-01,South,Modern Trade,Matte Lipstick,7,520.0,25.3,204.36,Kiran T,2023,August,3,3640.0,920.92,2719.08,1430.52,1288.56,47.389558232931726
BT-04148,2023-08-01,East,Online,Kajal Eye Pencil,42,210.0,7.3,59.05,Pooja N,2023,August,3,8820.0,643.86,8176.14,2480.1,5696.040000000001,69.66661529768326
BT-04375,2023-08-01,East,Modern Trade,Hair Oil 200ml,33,290.0,9.3,88.94,Meena G,2023,August,3,9570.0,890.0100000000001,8679.99,2935.02,5744.969999999999,66.18636657415503
BT-00284,2023-08-02,Central,Modern Trade,BB Cream 30ml,23,620.0,7.1,210.92,Suresh K,2023,August,3,14260.0,1012.4599999999999,13247.54,4851.16,8396.380000000001,63.380672940032646
BT-00595,2023-08-02,Central,General Trade,Compact Powder,49,370.0,6.1,113.03,Sunita P,2023,August,3,18130.0,1105.93,17024.07,5538.47,11485.599999999999,67.46682785021443
BT-00628,2023-08-02,Central,Salon Wholesale,Matte Lipstick,2,490.0,9.3,157.19,Sunita P,2023,August,3,980.0,91.14000000000001,888.86,314.38,574.48,64.6311005107666
BT-00632,2023-08-02,South,Online,Lip Gloss,14,230.0,24.9,73.88,Anand V,2023,August,3,3220.0,801.78,2418.2200000000003,1034.32,1383.9000000000003,57.228043767729986
BT-01223,2023-08-02,South,Online,Perfume 100ml EDP,44,2330.0,19.0,1018.91,Anand V,2023,August,3,102520.0,19478.8,83041.2,44832.04,38209.159999999996,46.01229269326551
BT-01738,2023-08-02,West,Modern Trade,SPF 50 Sunscreen 100g,53,490.0,29.4,182.13,Nidhi C,2023,August,3,25970.0,7635.179999999999,18334.82,9652.89,8681.93,47.352141989940456
BT-01904,2023-08-02,South,Modern Trade,BB Cream 30ml,25,550.0,26.3,206.31,Priya R,2023,August,3,13750.0,3616.25,10133.75,5157.75,4976.0,49.10324411002837
BT-02057,2023-08-02,South,Salon Wholesale,Mascara,52,430.0,13.3,182.62,Anand V,2023,August,3,22360.0,2973.88,19386.12,9496.24,9889.88,51.01526246613556
BT-02150,2023-08-02,West,Salon Wholesale,Rose Water Toner 200ml,19,310.0,28.9,80.51,Priya S,2023,August,3,5890.0,1702.2099999999998,4187.79,1529.69,2658.1,63.47261920965474
BT-02241,2023-08-02,South,Modern Trade,Hair Oil 200ml,15,330.0,17.6,115.24,Anand V,2023,August,3,4950.0,871.2,4078.8,1728.6,2350.2000000000003,57.61988820241248
BT-03051,2023-08-02,East,General Trade,Hydrating Moisturiser 50ml,51,620.0,10.1,223.57,Meena G,2023,August,3,31620.0,3193.62,28426.38,11402.07,17024.31,59.88912411640174
BT-03577,2023-08-02,North,Online,Hydrating Moisturiser 50ml,49,520.0,7.4,206.23,Rohit K,2023,August,3,25480.0,1885.5200000000002,23594.48,10105.269999999999,13489.210000000001,57.17104170127929
BT-04188,2023-08-02,East,General Trade,Blush Palette,37,570.0,12.5,250.97,Sneha B,2023,August,3,21090.0,2636.25,18453.75,9285.89,9167.86,49.68020050125313
BT-04941,2023-08-02,North,Salon Wholesale,Rose Water Toner 200ml,57,320.0,5.3,82.3,Deepa S,2023,August,3,18240.0,966.72,17273.28,4691.099999999999,12582.18,72.84186906019008
BT-00204,2023-08-03,North,General Trade,Hair Oil 200ml,16,390.0,9.3,138.72,Anjali M,2023,August,3,6240.0,580.32,5659.68,2219.52,3440.1600000000003,60.78364854550081
BT-01357,2023-08-03,East,Pharmacy,BB Cream 30ml,35,550.0,14.7,192.34,Sneha B,2023,August,3,19250.0,2829.75,16420.25,6731.900000000001,9688.349999999999,59.002451241607154
BT-01935,2023-08-03,Central,Online,Hair Serum 100ml,27,540.0,7.1,188.24,Sunita P,2023,August,3,14580.0,1035.1799999999998,13544.82,5082.4800000000005,8462.34,62.47657776183072
BT-02005,2023-08-03,South,Modern Trade,Blush Palette,54,630.0,17.4,262.14,Kiran T,2023,August,3,34020.0,5919.48,28100.52,14155.56,13944.960000000001,49.625273838348896
BT-02058,2023-08-03,West,Online,Rose Water Toner 200ml,9,240.0,38.7,59.18,Priya S,2023,August,3,2160.0,835.9200000000001,1324.08,532.62,791.4599999999999,59.774333877107125
BT-02069,2023-08-03,Central,Online,Night Repair Cream 50ml,41,940.0,7.3,313.02,Sunita P,2023,August,3,38540.0,2813.4199999999996,35726.58,12833.82,22892.760000000002,64.07766990291263
BT-02711,2023-08-03,West,Pharmacy,Hair Serum 100ml,5,640.0,24.3,246.98,Nidhi C,2023,August,3,3200.0,777.6,2422.4,1234.8999999999999,1187.5000000000002,49.02163143989433
BT-02833,2023-08-03,East,Pharmacy,Vitamin C Face Serum 30ml,20,530.0,14.4,152.64,Meena G,2023,August,3,10600.0,1526.4,9073.6,3052.7999999999997,6020.800000000001,66.35514018691589
BT-03205,2023-08-03,North,Pharmacy,Vitamin C Face Serum 30ml,56,520.0,10.4,163.9,Deepa S,2023,August,3,29120.0,3028.4800000000005,26091.52,9178.4,16913.120000000003,64.8222870879121
BT-03372,2023-08-03,West,Modern Trade,Micellar Cleansing Water,14,380.0,27.3,131.14,Nidhi C,2023,August,3,5320.0,1452.3600000000001,3867.64,1835.9599999999998,2031.68,52.53022515022081
BT-03692,2023-08-03,South,Pharmacy,Lip Gloss,5,210.0,16.4,70.67,Anand V,2023,August,3,1050.0,172.2,877.8,353.35,524.4499999999999,59.74595579858737
BT-03842,2023-08-03,North,Modern Trade,Compact Powder,31,270.0,7.5,90.56,Anjali M,2023,August,3,8370.0,627.75,7742.25,2807.36,4934.889999999999,63.73973973973973
BT-04066,2023-08-03,North,Pharmacy,Rose Water Toner 200ml,53,220.0,9.0,51.06,Rohit K,2023,August,3,11660.0,1049.3999999999999,10610.6,2706.1800000000003,7904.42,74.49550449550449
BT-04276,2023-08-03,West,Salon Wholesale,Eyeshadow Palette 9-shade,48,790.0,40.9,362.85,Nidhi C,2023,August,3,37920.0,15509.279999999999,22410.72,17416.800000000003,4993.919999999998,22.283621409753895
BT-04370,2023-08-03,North,Salon Wholesale,Hydrating Moisturiser 50ml,20,570.0,8.6,200.35,Anjali M,2023,August,3,11400.0,980.4,10419.6,4007.0,6412.6,61.54362931398518
BT-04377,2023-08-03,South,Modern Trade,Nail Polish Set (12pc),32,440.0,20.4,209.09,Priya R,2023,August,3,14080.0,2872.3199999999997,11207.68,6690.88,4516.8,40.300936500685246
BT-04570,2023-08-03,East,Modern Trade,Micellar Cleansing Water,57,430.0,12.6,141.86,Meena G,2023,August,3,24510.0,3088.26,21421.739999999998,8086.02,13335.719999999998,62.2532063221755
BT-00273,2023-08-04,Central,Modern Trade,Vitamin C Face Serum 30ml,27,710.0,12.5,234.8,Vikram N,2023,August,3,19170.0,2396.25,16773.75,6339.6,10434.15,62.20523138832997
BT-00490,2023-08-04,South,Online,Hair Serum 100ml,37,670.0,20.4,275.03,Anand V,2023,August,3,24790.0,5057.16,19732.84,10176.109999999999,9556.730000000001,48.43058576464412
BT-00892,2023-08-04,Central,Pharmacy,Lip Gloss,19,220.0,6.9,69.7,Vikram N,2023,August,3,4180.0,288.42,3891.58,1324.3,2567.2799999999997,65.97012010545843
BT-01229,2023-08-04,South,Online,Compact Powder,46,400.0,16.7,144.4,Kiran T,2023,August,3,18400.0,3072.7999999999997,15327.2,6642.400000000001,8684.8,56.662665066026406
BT-01277,2023-08-04,East,Modern Trade,Hair Serum 100ml,60,670.0,9.0,224.25,Meena G,2023,August,3,40200.0,3618.0,36582.0,13455.0,23127.0,63.21961620469083
BT-01695,2023-08-04,Central,Salon Wholesale,Matte Lipstick,17,430.0,10.3,160.73,Vikram N,2023,August,3,7310.0,752.9300000000001,6557.07,2732.41,3824.66,58.32879624588422
BT-01777,2023-08-04,South,Online,Micellar Cleansing Water,23,410.0,25.2,143.7,Priya R,2023,August,3,9430.0,2376.36,7053.639999999999,3305.1,3748.5399999999995,53.14334159384374
BT-02274,2023-08-04,North,Salon Wholesale,Hair Oil 200ml,4,320.0,10.6,118.21,Rohit K,2023,August,3,1280.0,135.68,1144.32,472.84,671.48,58.6793903803132
BT-02611,2023-08-04,East,Salon Wholesale,Mascara,22,540.0,10.6,205.52,Sneha B,2023,August,3,11880.0,1259.28,10620.72,4521.4400000000005,6099.279999999999,57.428121633938176
BT-03396,2023-08-04,North,Online,Night Repair Cream 50ml,37,750.0,4.9,250.65,Deepa S,2023,August,3,27750.0,1359.75,26390.25,9274.050000000001,17116.199999999997,64.85804416403784
BT-03802,2023-08-04,East,Online,Face Wash 100ml,16,290.0,5.9,77.0,Sneha B,2023,August,3,4640.0,273.76,4366.24,1232.0,3134.24,71.78350251016893
BT-04384,2023-08-04,South,General Trade,Vitamin C Face Serum 30ml,39,500.0,14.8,165.65,Anand V,2023,August,3,19500.0,2886.0000000000005,16614.0,6460.35,10153.65,61.1150234741784
BT-04564,2023-08-04,North,General Trade,Hydrating Moisturiser 50ml,3,380.0,9.9,129.66,Rohit K,2023,August,3,1140.0,112.86,1027.14,388.98,638.1600000000001,62.12979730124424
BT-04890,2023-08-04,Central,Salon Wholesale,Under Eye Cream 15ml,51,730.0,7.7,242.14,Suresh K,2023,August,3,37230.0,2866.71,34363.29,12349.14,22014.15,64.06298698407515
BT-00601,2023-08-05,West,Pharmacy,BB Cream 30ml,35,580.0,35.0,187.4,Rahul D,2023,August,3,20300.0,7105.0,13195.0,6559.0,6636.0,50.291777188328915
BT-00700,2023-08-05,East,Online,Matte Lipstick,50,350.0,11.6,137.79,Meena G,2023,August,3,17500.0,2029.9999999999998,15470.0,6889.5,8580.5,55.46541693600518
BT-01410,2023-08-05,West,Online,Nail Polish Set (12pc),24,490.0,31.3,189.73,Rahul D,2023,August,3,11760.0,3680.88,8079.12,4553.5199999999995,3525.6000000000004,43.63841606511601
BT-01885,2023-08-05,East,Online,Night Repair Cream 50ml,58,1020.0,12.0,345.17,Sneha B,2023,August,3,59160.0,7099.2,52060.8,20019.86,32040.940000000002,61.54523172905526
BT-02449,2023-08-05,East,General Trade,Eyeshadow Palette 9-shade,5,840.0,8.2,415.21,Sneha B,2023,August,3,4200.0,344.4,3855.6,2076.0499999999997,1779.5500000000002,46.154943458865034
BT-02866,2023-08-05,North,General Trade,Vitamin C Face Serum 30ml,29,670.0,8.3,209.24,Deepa S,2023,August,3,19430.0,1612.69,17817.31,6067.96,11749.350000000002,65.94345611093931
BT-03208,2023-08-05,North,Salon Wholesale,Hair Oil 200ml,46,390.0,6.2,133.97,Deepa S,2023,August,3,17940.0,1112.28,16827.72,6162.62,10665.100000000002,63.37816412443279
BT-04208,2023-08-05,Central,General Trade,Rose Water Toner 200ml,7,280.0,10.4,70.17,Sunita P,2023,August,3,1960.0,203.84000000000003,1756.1599999999999,491.19,1264.9699999999998,72.03045280612244
BT-04226,2023-08-05,Central,Salon Wholesale,Lip Gloss,51,220.0,4.7,63.73,Sunita P,2023,August,3,11220.0,527.34,10692.66,3250.23,7442.43,69.60316703233808
BT-04782,2023-08-05,North,Pharmacy,SPF 50 Sunscreen 100g,25,400.0,13.6,179.76,Anjali M,2023,August,3,10000.0,1360.0,8640.0,4494.0,4146.0,47.986111111111114
BT-00049,2023-08-06,East,Modern Trade,Rose Water Toner 200ml,59,230.0,13.4,62.28,Pooja N,2023,August,3,13570.0,1818.38,11751.619999999999,3674.52,8077.0999999999985,68.73180038156441
BT-01256,2023-08-06,Central,Online,SPF 50 Sunscreen 100g,39,450.0,4.8,195.57,Sunita P,2023,August,3,17550.0,842.4,16707.6,7627.23,9080.369999999999,54.34873949579831
BT-01289,2023-08-06,East,Pharmacy,Mascara,46,490.0,9.1,191.54,Pooja N,2023,August,3,22540.0,2051.14,20488.86,8810.84,11678.02,56.99692418221414
BT-01576,2023-08-06,North,General Trade,Eyeshadow Palette 9-shade,7,960.0,13.8,472.99,Rohit K,2023,August,3,6720.0,927.3600000000001,5792.639999999999,3310.9300000000003,2481.709999999999,42.84246906419179
BT-01622,2023-08-06,East,Online,Kajal Eye Pencil,42,140.0,14.5,45.75,Sneha B,2023,August,3,5880.0,852.5999999999999,5027.4,1921.5,3105.8999999999996,61.779448621553875
BT-01733,2023-08-06,South,Online,SPF 50 Sunscreen 100g,2,350.0,17.3,151.66,Anand V,2023,August,3,700.0,121.10000000000001,578.9,303.32,275.58,47.60407669718432
BT-02750,2023-08-06,West,Pharmacy,Hair Serum 100ml,29,500.0,24.8,203.9,Rahul D,2023,August,3,14500.0,3596.0,10904.0,5913.1,4990.9,45.77127659574467
BT-03403,2023-08-06,Central,General Trade,Night Repair Cream 50ml,6,770.0,5.9,260.49,Vikram N,2023,August,3,4620.0,272.58000000000004,4347.42,1562.94,2784.48,64.04902217867149
BT-03732,2023-08-06,West,General Trade,Mascara,5,420.0,28.4,163.25,Priya S,2023,August,3,2100.0,596.4,1503.6,816.25,687.3499999999999,45.71362064378824
BT-03832,2023-08-06,North,Modern Trade,SPF 50 Sunscreen 100g,11,510.0,13.1,181.71,Anjali M,2023,August,3,5610.0,734.9100000000001,4875.09,1998.8100000000002,2876.2799999999997,58.99952616259392
BT-03891,2023-08-06,East,Online,Rose Water Toner 200ml,55,340.0,8.1,81.4,Meena G,2023,August,3,18700.0,1514.7,17185.3,4477.0,12708.3,73.94866542917494
BT-04137,2023-08-06,South,General Trade,Night Repair Cream 50ml,34,730.0,23.1,265.65,Kiran T,2023,August,3,24820.0,5733.42,19086.58,9032.099999999999,10054.480000000003,52.67826923419493
BT-04200,2023-08-06,South,Online,Face Wash 100ml,14,180.0,21.8,47.03,Priya R,2023,August,3,2520.0,549.36,1970.6399999999999,658.4200000000001,1312.2199999999998,66.58851946575732
BT-04337,2023-08-06,West,General Trade,Hair Serum 100ml,32,440.0,22.5,158.49,Rahul D,2023,August,3,14080.0,3168.0,10912.0,5071.68,5840.32,53.521994134897355
BT-04363,2023-08-06,East,Modern Trade,Matte Lipstick,34,500.0,14.0,196.6,Sneha B,2023,August,3,17000.0,2380.0,14620.0,6684.4,7935.6,54.27906976744187
BT-04523,2023-08-06,West,Pharmacy,Blush Palette,54,600.0,25.3,266.22,Rahul D,2023,August,3,32400.0,8197.2,24202.8,14375.880000000001,9826.919999999998,40.60240963855421
BT-04589,2023-08-06,East,Salon Wholesale,Vitamin C Face Serum 30ml,9,630.0,16.9,197.06,Meena G,2023,August,3,5670.0,958.2299999999999,4711.77,1773.54,2938.2300000000005,62.35936813554142
BT-04784,2023-08-06,East,Modern Trade,Perfume 100ml EDP,60,2470.0,11.2,1228.58,Meena G,2023,August,3,148200.0,16598.399999999998,131601.6,73714.79999999999,57886.80000000002,43.98639530218479
BT-04825,2023-08-06,Central,General Trade,Nail Polish Set (12pc),5,510.0,8.2,199.82,Suresh K,2023,August,3,2550.0,209.09999999999997,2340.9,999.0999999999999,1341.8000000000002,57.319834251783504
BT-00563,2023-08-07,West,Modern Trade,Mascara,30,340.0,31.1,128.04,Priya S,2023,August,3,10200.0,3172.2,7027.8,3841.2,3186.6000000000004,45.34278152480151
BT-01368,2023-08-07,East,Modern Trade,Micellar Cleansing Water,40,330.0,8.3,112.7,Sneha B,2023,August,3,13200.0,1095.6000000000001,12104.4,4508.0,7596.4,62.75734443673375
BT-01424,2023-08-07,East,Salon Wholesale,Hair Serum 100ml,13,510.0,7.8,192.83,Sneha B,2023,August,3,6630.0,517.14,6112.86,2506.79,3606.0699999999997,58.99153587682361
BT-01571,2023-08-07,Central,Pharmacy,Hair Serum 100ml,39,480.0,4.4,165.89,Sunita P,2023,August,3,18720.0,823.6800000000001,17896.32,6469.709999999999,11426.61,63.848936541143665
BT-01616,2023-08-07,North,Salon Wholesale,Micellar Cleansing Water,40,300.0,13.4,96.15,Anjali M,2023,August,3,12000.0,1608.0,10392.0,3846.0,6546.0,62.99076212471132
BT-02489,2023-08-07,East,Pharmacy,Kajal Eye Pencil,23,140.0,11.9,48.94,Sneha B,2023,August,3,3220.0,383.18,2836.82,1125.62,1711.2000000000003,60.321063726285075
BT-02918,2023-08-07,West,Salon Wholesale,Face Wash 100ml,3,230.0,34.1,59.48,Rahul D,2023,August,3,690.0,235.29000000000002,454.71,178.44,276.27,60.75740581909349
BT-02963,2023-08-07,East,General Trade,Matte Lipstick,35,450.0,6.7,172.84,Pooja N,2023,August,3,15750.0,1055.25,14694.75,6049.400000000001,8645.349999999999,58.832916517803966
BT-03186,2023-08-07,South,Pharmacy,Hair Oil 200ml,48,300.0,19.5,97.08,Anand V,2023,August,3,14400.0,2808.0,11592.0,4659.84,6932.16,59.80124223602484
BT-04044,2023-08-07,West,General Trade,Face Wash 100ml,33,270.0,39.5,86.0,Priya S,2023,August,3,8910.0,3519.4500000000003,5390.549999999999,2838.0,2552.5499999999993,47.35231098867462
BT-04174,2023-08-07,Central,General Trade,Rose Water Toner 200ml,46,270.0,9.9,64.15,Vikram N,2023,August,3,12420.0,1229.5800000000002,11190.42,2950.9,8239.52,73.63012290870226
BT-04275,2023-08-07,Central,Modern Trade,Micellar Cleansing Water,37,460.0,10.0,129.12,Suresh K,2023,August,3,17020.0,1702.0,15318.0,4777.4400000000005,10540.56,68.81159420289855
BT-04778,2023-08-07,South,Modern Trade,SPF 50 Sunscreen 100g,29,550.0,15.4,243.48,Kiran T,2023,August,3,15950.0,2456.3,13493.7,7060.92,6432.780000000001,47.672469374597036
BT-00042,2023-08-08,East,Modern Trade,Matte Lipstick,6,330.0,7.0,103.03,Pooja N,2023,August,3,1980.0,138.60000000000002,1841.4,618.1800000000001,1223.22,66.42880417073965
BT-00406,2023-08-08,North,Pharmacy,Mascara,2,370.0,11.2,134.98,Anjali M,2023,August,3,740.0,82.88,657.12,269.96,387.16,58.917701485269056
BT-01082,2023-08-08,East,Salon Wholesale,Matte Lipstick,57,430.0,12.2,147.96,Sneha B,2023,August,3,24510.0,2990.22,21519.78,8433.720000000001,13086.059999999998,60.809450654235306
BT-01313,2023-08-08,West,Modern Trade,Blush Palette,18,730.0,33.1,281.49,Nidhi C,2023,August,3,13140.0,4349.34,8790.66,5066.82,3723.84,42.36132440567603
BT-01485,2023-08-08,South,Pharmacy,Perfume 100ml EDP,50,1800.0,28.3,752.04,Priya R,2023,August,3,90000.0,25470.000000000004,64530.0,37602.0,26928.0,41.72942817294282
BT-01717,2023-08-08,South,General Trade,Kajal Eye Pencil,32,190.0,15.5,61.73,Kiran T,2023,August,3,6080.0,942.4,5137.6,1975.36,3162.2400000000007,61.55091871691063
BT-01879,2023-08-08,East,Online,SPF 50 Sunscreen 100g,58,560.0,16.5,233.07,Meena G,2023,August,3,32480.0,5359.2,27120.8,13518.06,13602.74,50.15611633875107
BT-03304,2023-08-08,North,Modern Trade,Night Repair Cream 50ml,10,980.0,13.6,408.46,Anjali M,2023,August,3,9800.0,1332.8000000000002,8467.2,4084.6,4382.6,51.75973167044595
BT-03446,2023-08-08,South,General Trade,Eyeshadow Palette 9-shade,21,600.0,19.0,280.86,Priya R,2023,August,3,12600.0,2394.0,10206.0,5898.06,4307.94,42.20987654320987
BT-03501,2023-08-08,East,Salon Wholesale,Blush Palette,21,630.0,15.9,269.95,Sneha B,2023,August,3,13230.0,2103.57,11126.43,5668.95,5457.4800000000005,49.0496951852481
BT-04415,2023-08-08,Central,Modern Trade,Rose Water Toner 200ml,53,360.0,8.6,89.14,Sunita P,2023,August,3,19080.0,1640.8799999999999,17439.12,4724.42,12714.699999999999,72.90906880622417
BT-04727,2023-08-08,North,General Trade,Night Repair Cream 50ml,28,890.0,10.0,343.27,Deepa S,2023,August,3,24920.0,2492.0,22428.0,9611.56,12816.44,57.14481897627965
BT-04801,2023-08-08,Central,Online,Hair Oil 200ml,56,340.0,10.0,102.58,Suresh K,2023,August,3,19040.0,1904.0,17136.0,5744.48,11391.52,66.47712418300654
BT-00585,2023-08-09,South,Modern Trade,Night Repair Cream 50ml,7,1180.0,17.7,425.86,Kiran T,2023,August,3,8260.0,1462.02,6797.98,2981.02,3816.9599999999996,56.1484440966287
BT-00776,2023-08-09,North,General Trade,Matte Lipstick,2,280.0,9.0,101.7,Deepa S,2023,August,3,560.0,50.4,509.6,203.4,306.20000000000005,60.086342229199374
BT-01471,2023-08-09,West,Salon Wholesale,Matte Lipstick,16,290.0,34.4,115.01,Nidhi C,2023,August,3,4640.0,1596.1599999999999,3043.84,1840.16,1203.68,39.544785534062235
BT-01535,2023-08-09,West,Pharmacy,Micellar Cleansing Water,55,340.0,36.7,112.44,Rahul D,2023,August,3,18700.0,6862.900000000001,11837.099999999999,6184.2,5652.899999999999,47.75578477836632
BT-01554,2023-08-09,South,Salon Wholesale,Kajal Eye Pencil,18,140.0,23.6,42.81,Anand V,2023,August,3,2520.0,594.72,1925.28,770.58,1154.6999999999998,59.97569184741959
BT-02080,2023-08-09,East,Modern Trade,Under Eye Cream 15ml,4,650.0,8.9,219.12,Pooja N,2023,August,3,2600.0,231.40000000000003,2368.6,876.48,1492.12,62.99586253483071
BT-02578,2023-08-09,East,Salon Wholesale,Kajal Eye Pencil,52,160.0,14.6,46.78,Sneha B,2023,August,3,8320.0,1214.72,7105.28,2432.56,4672.719999999999,65.76405152224824
BT-02827,2023-08-09,East,Online,Compact Powder,21,470.0,14.7,155.01,Meena G,2023,August,3,9870.0,1450.8899999999999,8419.11,3255.21,5163.900000000001,61.3354618243496
BT-02972,2023-08-09,East,Online,Vitamin C Face Serum 30ml,40,570.0,8.6,202.41,Sneha B,2023,August,3,22800.0,1960.8,20839.2,8096.4,12742.800000000001,61.14822066106185
BT-03740,2023-08-09,South,Modern Trade,Eyeshadow Palette 9-shade,22,740.0,21.4,337.0,Priya R,2023,August,3,16280.0,3483.92,12796.08,7414.0,5382.08,42.060380991678706
BT-04799,2023-08-09,West,Salon Wholesale,BB Cream 30ml,8,510.0,35.4,207.98,Rahul D,2023,August,3,4080.0,1444.32,2635.6800000000003,1663.84,971.8400000000004,36.87245796151279
BT-00105,2023-08-10,South,General Trade,Lip Gloss,7,190.0,21.2,58.86,Kiran T,2023,August,3,1330.0,281.96,1048.04,412.02,636.02,60.6866150146941
BT-00701,2023-08-10,South,General Trade,SPF 50 Sunscreen 100g,22,560.0,19.5,224.78,Priya R,2023,August,3,12320.0,2402.4,9917.6,4945.16,4972.4400000000005,50.13753327417923
BT-01400,2023-08-10,West,General Trade,Night Repair Cream 50ml,23,910.0,27.0,316.13,Nidhi C,2023,August,3,20930.0,5651.1,15278.9,7270.99,8007.91,52.41156104169803
BT-01444,2023-08-10,East,Salon Wholesale,Under Eye Cream 15ml,19,820.0,12.5,258.96,Sneha B,2023,August,3,15580.0,1947.5,13632.5,4920.24,8712.26,63.90801393728223
BT-01813,2023-08-10,South,Pharmacy,Compact Powder,8,270.0,18.2,87.13,Kiran T,2023,August,3,2160.0,393.12,1766.88,697.04,1069.8400000000001,60.54966947387486
BT-02051,2023-08-10,North,Salon Wholesale,BB Cream 30ml,17,610.0,11.0,254.98,Rohit K,2023,August,3,10370.0,1140.7,9229.3,4334.66,4894.639999999999,53.03370786516853
BT-02467,2023-08-10,North,Modern Trade,Eyeshadow Palette 9-shade,59,840.0,14.7,415.13,Rohit K,2023,August,3,49560.0,7285.32,42274.68,24492.67,17782.010000000002,42.06302685200693
BT-02564,2023-08-10,South,Online,Micellar Cleansing Water,3,310.0,21.2,91.45,Kiran T,2023,August,3,930.0,197.16,732.84,274.35,458.49,62.56345177664975
BT-03152,2023-08-10,North,Online,Under Eye Cream 15ml,3,800.0,9.8,290.4,Anjali M,2023,August,3,2400.0,235.20000000000002,2164.8,871.1999999999999,1293.6000000000004,59.75609756097562
BT-03160,2023-08-10,North,Pharmacy,Lip Gloss,25,270.0,5.6,95.69,Anjali M,2023,August,3,6750.0,377.99999999999994,6372.0,2392.25,3979.75,62.45684243565599
BT-03251,2023-08-10,South,Salon Wholesale,Vitamin C Face Serum 30ml,60,540.0,22.3,158.0,Anand V,2023,August,3,32400.0,7225.2,25174.8,9480.0,15694.8,62.343295676629005
BT-03951,2023-08-10,West,Online,BB Cream 30ml,25,580.0,23.6,228.75,Rahul D,2023,August,3,14500.0,3422.0,11078.0,5718.75,5359.25,48.37741469579346
BT-00002,2023-08-11,Central,Online,Nail Polish Set (12pc),28,400.0,5.7,169.0,Vikram N,2023,August,3,11200.0,638.4,10561.6,4732.0,5829.6,55.196182396606574
BT-00256,2023-08-11,Central,General Trade,Hair Serum 100ml,4,650.0,6.7,251.62,Vikram N,2023,August,3,2600.0,174.20000000000002,2425.8,1006.48,1419.3200000000002,58.50935773765356
BT-00339,2023-08-11,East,Salon Wholesale,Kajal Eye Pencil,33,140.0,9.4,35.11,Pooja N,2023,August,3,4620.0,434.28,4185.72,1158.6299999999999,3027.09,72.31945758435825
BT-00401,2023-08-11,East,Modern Trade,Rose Water Toner 200ml,57,240.0,16.3,65.95,Meena G,2023,August,3,13680.0,2229.84,11450.16,3759.15,7691.01,67.16945440063719
BT-00777,2023-08-11,South,General Trade,Mascara,47,490.0,31.1,178.51,Priya R,2023,August,3,23030.0,7162.33,15867.67,8389.97,7477.700000000001,47.125381357187294
BT-00890,2023-08-11,West,Online,Face Wash 100ml,28,280.0,31.1,92.09,Rahul D,2023,August,3,7840.0,2438.24,5401.76,2578.52,2823.2400000000002,52.26518764254614
BT-00965,2023-08-11,West,General Trade,Micellar Cleansing Water,22,480.0,43.0,164.93,Priya S,2023,August,3,10560.0,4540.8,6019.2,3628.46,2390.74,39.718567251461984
BT-01193,2023-08-11,South,Modern Trade,Lip Gloss,25,190.0,19.9,56.68,Anand V,2023,August,3,4750.0,945.2499999999999,3804.75,1417.0,2387.75,62.75707996583218
BT-01496,2023-08-11,South,Modern Trade,SPF 50 Sunscreen 100g,45,550.0,27.8,206.47,Priya R,2023,August,3,24750.0,6880.500000000001,17869.5,9291.15,8578.35,48.00554016620499
BT-02281,2023-08-11,Central,Modern Trade,BB Cream 30ml,53,610.0,9.7,246.38,Vikram N,2023,August,3,32330.0,3136.0099999999998,29193.99,13058.14,16135.850000000002,55.27113628524227
BT-02353,2023-08-11,South,Online,Hair Oil 200ml,46,390.0,28.3,155.73,Priya R,2023,August,3,17940.0,5077.02,12862.98,7163.58,5699.4,44.30855058470121
BT-02458,2023-08-11,South,Pharmacy,BB Cream 30ml,6,470.0,30.8,181.51,Priya R,2023,August,3,2820.0,868.56,1951.44,1089.06,862.3800000000001,44.19198130611242
BT-03043,2023-08-11,South,General Trade,Rose Water Toner 200ml,10,250.0,26.0,57.25,Priya R,2023,August,3,2500.0,650.0,1850.0,572.5,1277.5,69.05405405405406
BT-04294,2023-08-11,North,General Trade,Matte Lipstick,60,520.0,10.8,158.34,Deepa S,2023,August,3,31200.0,3369.6000000000004,27830.4,9500.4,18330.0,65.86322869955157
BT-04555,2023-08-11,East,Online,SPF 50 Sunscreen 100g,19,380.0,7.9,164.2,Pooja N,2023,August,3,7220.0,570.38,6649.62,3119.7999999999997,3529.82,53.0830333161895
BT-00079,2023-08-12,East,General Trade,SPF 50 Sunscreen 100g,34,400.0,13.5,171.4,Sneha B,2023,August,3,13600.0,1836.0000000000002,11764.0,5827.6,5936.4,50.46242774566474
BT-00157,2023-08-12,West,Salon Wholesale,Hair Oil 200ml,49,400.0,29.3,146.24,Priya S,2023,August,3,19600.0,5742.799999999999,13857.2,7165.76,6691.4400000000005,48.28854314002829
BT-00171,2023-08-12,North,Modern Trade,Micellar Cleansing Water,2,380.0,8.6,129.2,Rohit K,2023,August,3,760.0,65.36,694.64,258.4,436.24,62.80087527352298
BT-00582,2023-08-12,East,Modern Trade,Blush Palette,6,680.0,6.5,284.38,Pooja N,2023,August,3,4080.0,265.2,3814.8,1706.28,2108.5200000000004,55.27209814407047
BT-00607,2023-08-12,North,Salon Wholesale,Matte Lipstick,32,300.0,10.4,105.42,Deepa S,2023,August,3,9600.0,998.4000000000001,8601.6,3373.44,5228.16,60.78125
BT-01130,2023-08-12,Central,General Trade,Vitamin C Face Serum 30ml,15,590.0,4.5,178.65,Sunita P,2023,August,3,8850.0,398.25,8451.75,2679.75,5772.0,68.29354867335167
BT-01209,2023-08-12,East,Pharmacy,Eyeshadow Palette 9-shade,18,760.0,8.3,331.13,Pooja N,2023,August,3,13680.0,1135.44,12544.56,5960.34,6584.219999999999,52.48665557022326
BT-01459,2023-08-12,East,Pharmacy,Night Repair Cream 50ml,27,970.0,7.3,356.09,Meena G,2023,August,3,26190.0,1911.87,24278.13,9614.429999999998,14663.700000000003,60.39880336747518
BT-02810,2023-08-12,Central,Salon Wholesale,Hair Serum 100ml,7,390.0,8.3,154.64,Sunita P,2023,August,3,2730.0,226.59,2503.41,1082.48,1420.9299999999998,56.75977966054302
BT-02912,2023-08-12,North,Pharmacy,Face Wash 100ml,50,240.0,5.8,68.14,Anjali M,2023,August,3,12000.0,696.0,11304.0,3407.0,7897.0,69.86022646850672
BT-03588,2023-08-12,West,Pharmacy,Nail Polish Set (12pc),37,450.0,37.9,179.73,Priya S,2023,August,3,16650.0,6310.35,10339.65,6650.009999999999,3689.6400000000003,35.68438003220613
BT-04198,2023-08-12,North,Online,Rose Water Toner 200ml,12,370.0,11.7,110.96,Anjali M,2023,August,3,4440.0,519.48,3920.52,1331.52,2589.0,66.03715833613907
BT-04353,2023-08-12,West,Modern Trade,Eyeshadow Palette 9-shade,50,640.0,25.2,296.06,Nidhi C,2023,August,3,32000.0,8064.0,23936.0,14803.0,9133.0,38.15591577540107
BT-04543,2023-08-12,East,Online,Vitamin C Face Serum 30ml,47,680.0,12.4,227.87,Pooja N,2023,August,3,31960.0,3963.04,27996.96,10709.89,17287.07,61.746239591727104
BT-04724,2023-08-12,West,General Trade,Night Repair Cream 50ml,12,930.0,26.0,307.74,Nidhi C,2023,August,3,11160.0,2901.6,8258.4,3692.88,4565.5199999999995,55.28334786399303
BT-04869,2023-08-12,Central,General Trade,SPF 50 Sunscreen 100g,13,400.0,7.1,155.04,Suresh K,2023,August,3,5200.0,369.2,4830.8,2015.52,2815.28,58.27771797631862
BT-04998,2023-08-12,Central,General Trade,SPF 50 Sunscreen 100g,55,570.0,10.5,200.35,Sunita P,2023,August,3,31350.0,3291.75,28058.25,11019.25,17039.0,60.727237087131236
BT-00571,2023-08-13,West,General Trade,Nail Polish Set (12pc),10,630.0,32.9,259.18,Priya S,2023,August,3,6300.0,2072.7,4227.3,2591.8,1635.5,38.688997705391145
BT-01154,2023-08-13,South,Salon Wholesale,Mascara,24,410.0,21.9,160.47,Anand V,2023,August,3,9840.0,2154.9599999999996,7685.040000000001,3851.2799999999997,3833.760000000001,49.88601230442523
BT-01347,2023-08-13,South,Pharmacy,Perfume 100ml EDP,17,1500.0,19.5,726.0,Priya R,2023,August,3,25500.0,4972.5,20527.5,12342.0,8185.5,39.87577639751553
BT-01641,2023-08-13,West,Modern Trade,BB Cream 30ml,59,710.0,29.4,274.98,Nidhi C,2023,August,3,41890.0,12315.66,29574.34,16223.820000000002,13350.519999999999,45.14224155129074
BT-02579,2023-08-13,Central,Pharmacy,Under Eye Cream 15ml,53,880.0,9.2,314.86,Vikram N,2023,August,3,46640.0,4290.88,42349.12,16687.58,25661.54,60.59521425710853
BT-02788,2023-08-13,West,Modern Trade,Night Repair Cream 50ml,47,930.0,39.8,359.17,Rahul D,2023,August,3,43710.0,17396.579999999998,26313.420000000002,16880.99,9432.43,35.846461615403854
BT-02848,2023-08-13,East,Online,Hair Serum 100ml,5,590.0,5.5,233.17,Pooja N,2023,August,3,2950.0,162.25,2787.75,1165.85,1621.9,58.17953546767106
BT-03057,2023-08-13,South,Salon Wholesale,Lip Gloss,5,300.0,18.8,104.37,Priya R,2023,August,3,1500.0,282.0,1218.0,521.85,696.15,57.155172413793096
BT-04005,2023-08-13,North,Salon Wholesale,Hydrating Moisturiser 50ml,45,370.0,8.7,134.2,Rohit K,2023,August,3,16650.0,1448.55,15201.45,6038.999999999999,9162.45,60.273526538586786
BT-04027,2023-08-13,Central,Pharmacy,Blush Palette,15,640.0,8.5,285.18,Suresh K,2023,August,3,9600.0,816.0000000000001,8784.0,4277.7,4506.3,51.30122950819672
BT-04170,2023-08-13,South,Modern Trade,Under Eye Cream 15ml,34,660.0,13.4,224.07,Anand V,2023,August,3,22440.0,3006.96,19433.04,7618.38,11814.66,60.79676674364896
BT-04172,2023-08-13,South,Salon Wholesale,SPF 50 Sunscreen 100g,12,500.0,23.6,215.25,Priya R,2023,August,3,6000.0,1416.0,4584.0,2583.0,2001.0,43.65183246073299
BT-04245,2023-08-13,North,Salon Wholesale,Lip Gloss,47,230.0,5.4,70.01,Deepa S,2023,August,3,10810.0,583.7400000000001,10226.26,3290.4700000000003,6935.79,67.8233293501241
BT-04889,2023-08-13,East,Online,Kajal Eye Pencil,8,140.0,15.0,48.99,Meena G,2023,August,3,1120.0,168.0,952.0,391.92,560.0799999999999,58.831932773109244
BT-04999,2023-08-13,East,Pharmacy,Under Eye Cream 15ml,9,900.0,9.1,261.63,Sneha B,2023,August,3,8100.0,737.1,7362.9,2354.67,5008.23,68.01980198019801
BT-00019,2023-08-14,North,Modern Trade,Nail Polish Set (12pc),12,410.0,10.4,159.98,Anjali M,2023,August,3,4920.0,511.68000000000006,4408.32,1919.7599999999998,2488.56,56.45143728222997
BT-00247,2023-08-14,East,Modern Trade,Mascara,17,530.0,16.1,232.78,Meena G,2023,August,3,9010.0,1450.6100000000001,7559.389999999999,3957.26,3602.129999999999,47.65106708345514
BT-00527,2023-08-14,North,Modern Trade,Micellar Cleansing Water,31,390.0,13.3,130.57,Anjali M,2023,August,3,12090.0,1607.97,10482.03,4047.6699999999996,6434.360000000001,61.38467453346347
BT-00644,2023-08-14,East,Salon Wholesale,Hydrating Moisturiser 50ml,51,610.0,11.3,240.65,Meena G,2023,August,3,31110.0,3515.4300000000003,27594.57,12273.15,15321.42,55.523314913042675
BT-00651,2023-08-14,North,Salon Wholesale,Eyeshadow Palette 9-shade,33,690.0,10.7,277.38,Rohit K,2023,August,3,22770.0,2436.39,20333.61,9153.539999999999,11180.070000000002,54.98320268757
BT-00662,2023-08-14,Central,Online,Eyeshadow Palette 9-shade,37,900.0,10.6,400.68,Suresh K,2023,August,3,33300.0,3529.7999999999997,29770.2,14825.16,14945.04,50.20134228187919
BT-00907,2023-08-14,Central,Modern Trade,Kajal Eye Pencil,23,150.0,13.1,38.85,Suresh K,2023,August,3,3450.0,451.95000000000005,2998.05,893.5500000000001,2104.5,70.19562715765247
BT-01575,2023-08-14,East,Online,Mascara,17,370.0,6.9,158.62,Sneha B,2023,August,3,6290.0,434.01000000000005,5855.99,2696.54,3159.45,53.95244868929079
BT-01608,2023-08-14,East,Online,Hair Serum 100ml,2,500.0,5.9,177.15,Pooja N,2023,August,3,1000.0,59.00000000000001,941.0,354.3,586.7,62.34856535600426
BT-01669,2023-08-14,East,General Trade,Hair Oil 200ml,50,310.0,5.1,110.86,Sneha B,2023,August,3,15500.0,790.5,14709.5,5543.0,9166.5,62.31687004996771
BT-01979,2023-08-14,West,Salon Wholesale,Under Eye Cream 15ml,50,910.0,28.2,299.3,Nidhi C,2023,August,3,45500.0,12830.999999999998,32669.0,14965.0,17704.0,54.19204750681074
BT-02188,2023-08-14,West,Online,Night Repair Cream 50ml,56,860.0,26.6,281.74,Rahul D,2023,August,3,48160.0,12810.560000000001,35349.44,15777.44,19572.0,55.36721373803941
BT-03441,2023-08-14,Central,Pharmacy,Vitamin C Face Serum 30ml,39,480.0,7.1,162.05,Vikram N,2023,August,3,18720.0,1329.12,17390.88,6319.950000000001,11070.93,63.65940078937926
BT-03619,2023-08-14,South,Pharmacy,Hair Oil 200ml,46,270.0,21.9,83.0,Priya R,2023,August,3,12420.0,2719.9799999999996,9700.02,3818.0,5882.02,60.639256413904306
BT-04100,2023-08-14,East,Online,Blush Palette,27,700.0,15.0,322.42,Sneha B,2023,August,3,18900.0,2835.0,16065.0,8705.34,7359.66,45.811764705882354
BT-04448,2023-08-14,North,Online,Night Repair Cream 50ml,54,740.0,13.4,279.65,Anjali M,2023,August,3,39960.0,5354.64,34605.36,15101.099999999999,19504.260000000002,56.361962424318094
BT-00255,2023-08-15,East,Online,SPF 50 Sunscreen 100g,53,450.0,9.1,177.44,Pooja N,2023,August,3,23850.0,2170.35,21679.65,9404.32,12275.330000000002,56.621439921769955
BT-00313,2023-08-15,East,Pharmacy,Hair Oil 200ml,31,390.0,13.9,123.2,Sneha B,2023,August,3,12090.0,1680.5100000000002,10409.49,3819.2000000000003,6590.289999999999,63.31040233479257
BT-00542,2023-08-15,North,General Trade,Hydrating Moisturiser 50ml,18,540.0,6.0,178.25,Deepa S,2023,August,3,9720.0,583.1999999999999,9136.8,3208.5,5928.299999999999,64.88376674546888
BT-01783,2023-08-15,North,Salon Wholesale,SPF 50 Sunscreen 100g,40,540.0,11.8,208.06,Anjali M,2023,August,3,21600.0,2548.8,19051.2,8322.4,10728.800000000001,56.315612664819014
BT-01945,2023-08-15,East,General Trade,Hair Serum 100ml,39,680.0,11.1,248.2,Sneha B,2023,August,3,26520.0,2943.7200000000003,23576.28,9679.8,13896.48,58.94263217097863
BT-02293,2023-08-15,Central,Salon Wholesale,Matte Lipstick,25,290.0,8.4,106.2,Suresh K,2023,August,3,7250.0,609.0,6641.0,2655.0,3986.0,60.02108116247553
BT-02516,2023-08-15,West,General Trade,Mascara,32,370.0,33.7,145.85,Priya S,2023,August,3,11840.0,3990.0800000000004,7849.92,4667.2,3182.7200000000003,40.544617015205255
BT-03049,2023-08-15,East,Modern Trade,Compact Powder,22,380.0,7.7,146.22,Meena G,2023,August,3,8360.0,643.72,7716.28,3216.84,4499.44,58.31099960084393
BT-03142,2023-08-15,East,Salon Wholesale,Lip Gloss,44,320.0,7.3,91.3,Pooja N,2023,August,3,14080.0,1027.84,13052.16,4017.2,9034.96,69.22195253505933
BT-03161,2023-08-15,West,Modern Trade,Hair Serum 100ml,5,580.0,28.1,226.66,Priya S,2023,August,3,2900.0,814.9000000000001,2085.1,1133.3,951.8,45.64769075823701
BT-04480,2023-08-15,Central,Online,SPF 50 Sunscreen 100g,51,500.0,7.3,219.5,Sunita P,2023,August,3,25500.0,1861.4999999999998,23638.5,11194.5,12444.0,52.642934196332256
BT-04565,2023-08-15,West,General Trade,Matte Lipstick,35,350.0,28.5,114.94,Rahul D,2023,August,3,12250.0,3491.2499999999995,8758.75,4022.9,4735.85,54.069930069930074
BT-04566,2023-08-15,Central,Salon Wholesale,Kajal Eye Pencil,27,130.0,10.3,38.27,Sunita P,2023,August,3,3510.0,361.53000000000003,3148.47,1033.2900000000002,2115.1799999999994,67.18120229825914
BT-04732,2023-08-15,North,Modern Trade,Mascara,41,330.0,12.6,132.46,Anjali M,2023,August,3,13530.0,1704.78,11825.22,5430.860000000001,6394.359999999999,54.07391997781013
BT-00786,2023-08-16,West,Pharmacy,Matte Lipstick,44,500.0,32.8,179.3,Priya S,2023,August,3,22000.0,7215.999999999999,14784.0,7889.200000000001,6894.799999999999,46.63690476190476
BT-01468,2023-08-16,Central,Pharmacy,Hydrating Moisturiser 50ml,23,520.0,7.2,193.86,Suresh K,2023,August,3,11960.0,861.1200000000001,11098.88,4458.780000000001,6640.0999999999985,59.8267572944297
BT-01997,2023-08-16,South,Salon Wholesale,Kajal Eye Pencil,14,120.0,15.3,37.13,Kiran T,2023,August,3,1680.0,257.04,1422.96,519.82,903.14,63.469106650924836
BT-02056,2023-08-16,West,General Trade,Night Repair Cream 50ml,41,840.0,38.1,290.72,Nidhi C,2023,August,3,34440.0,13121.64,21318.36,11919.52,9398.84,44.08800676975152
BT-02220,2023-08-16,North,General Trade,Eyeshadow Palette 9-shade,33,740.0,7.4,337.0,Deepa S,2023,August,3,24420.0,1807.0800000000002,22612.92,11121.0,11491.919999999998,50.82015060416788
BT-02230,2023-08-16,South,Pharmacy,Matte Lipstick,3,340.0,27.4,113.66,Kiran T,2023,August,3,1020.0,279.47999999999996,740.52,340.98,399.53999999999996,53.95397828552908
BT-02456,2023-08-16,Central,General Trade,Lip Gloss,51,200.0,7.9,68.22,Sunita P,2023,August,3,10200.0,805.8,9394.2,3479.22,5914.980000000001,62.9641693811075
BT-02503,2023-08-16,South,General Trade,Micellar Cleansing Water,33,350.0,30.5,102.06,Priya R,2023,August,3,11550.0,3522.75,8027.25,3367.98,4659.27,58.043165467625904
BT-03409,2023-08-16,East,Online,Nail Polish Set (12pc),12,480.0,14.5,183.55,Meena G,2023,August,3,5760.0,835.1999999999999,4924.8,2202.6000000000004,2722.2,55.27534113060428
BT-04957,2023-08-16,South,Salon Wholesale,Face Wash 100ml,35,300.0,16.2,77.97,Anand V,2023,August,3,10500.0,1701.0,8799.0,2728.95,6070.05,68.9856801909308
BT-00219,2023-08-17,West,Salon Wholesale,Micellar Cleansing Water,6,280.0,31.0,91.67,Nidhi C,2023,August,3,1680.0,520.8,1159.2,550.02,609.1800000000001,52.55175983436854
BT-00581,2023-08-17,East,Online,Blush Palette,17,650.0,9.3,291.2,Pooja N,2023,August,3,11050.0,1027.65,10022.35,4950.4,5071.950000000001,50.60639470782801
BT-00643,2023-08-17,East,Modern Trade,Hair Serum 100ml,7,420.0,11.5,143.81,Sneha B,2023,August,3,2940.0,338.1,2601.9,1006.6700000000001,1595.23,61.31019639494215
BT-00815,2023-08-17,West,General Trade,Under Eye Cream 15ml,32,840.0,38.1,249.73,Priya S,2023,August,3,26880.0,10241.28,16638.72,7991.36,8647.36,51.97130548503731
BT-00911,2023-08-17,East,General Trade,Micellar Cleansing Water,52,430.0,6.9,144.52,Pooja N,2023,August,3,22360.0,1542.8400000000001,20817.16,7515.040000000001,13302.119999999999,63.899782679289586
BT-01246,2023-08-17,West,Salon Wholesale,Mascara,48,560.0,26.4,241.19,Rahul D,2023,August,3,26880.0,7096.320000000001,19783.68,11577.119999999999,8206.560000000001,41.481463509316775
BT-01360,2023-08-17,South,General Trade,SPF 50 Sunscreen 100g,22,500.0,21.0,198.2,Kiran T,2023,August,3,11000.0,2310.0,8690.0,4360.4,4329.6,49.822784810126585
BT-02379,2023-08-17,East,Modern Trade,Mascara,56,480.0,14.7,169.01,Sneha B,2023,August,3,26880.0,3951.3599999999997,22928.64,9464.56,13464.08,58.7216686205549
BT-03066,2023-08-17,North,Salon Wholesale,Hydrating Moisturiser 50ml,24,620.0,7.7,189.04,Rohit K,2023,August,3,14880.0,1145.76,13734.24,4536.96,9197.279999999999,66.96606437633243
BT-03247,2023-08-17,West,Modern Trade,Face Wash 100ml,10,210.0,39.5,64.58,Nidhi C,2023,August,3,2100.0,829.5,1270.5,645.8,624.7,49.16961826052735
BT-03399,2023-08-17,West,General Trade,Rose Water Toner 200ml,41,340.0,25.1,98.5,Rahul D,2023,August,3,13940.0,3498.94,10441.06,4038.5,6402.5599999999995,61.32097698892641
BT-04721,2023-08-17,West,Pharmacy,Compact Powder,16,330.0,39.7,100.42,Rahul D,2023,August,3,5280.0,2096.1600000000003,3183.8399999999997,1606.72,1577.1199999999997,49.53515252022714
BT-00243,2023-08-18,North,Modern Trade,Blush Palette,56,530.0,14.7,253.98,Rohit K,2023,August,3,29680.0,4362.96,25317.04,14222.88,11094.160000000002,43.82092061315225
BT-00836,2023-08-18,West,Pharmacy,SPF 50 Sunscreen 100g,19,530.0,34.9,195.2,Nidhi C,2023,August,3,10070.0,3514.43,6555.57,3708.7999999999997,2846.77,43.42520940208098
BT-00903,2023-08-18,East,Modern Trade,Rose Water Toner 200ml,18,350.0,14.6,102.31,Sneha B,2023,August,3,6300.0,919.8,5380.2,1841.58,3538.62,65.77116092338575
BT-00966,2023-08-18,West,Salon Wholesale,Hydrating Moisturiser 50ml,13,490.0,34.2,151.75,Rahul D,2023,August,3,6370.0,2178.54,4191.46,1972.75,2218.71,52.9340611624589
BT-01479,2023-08-18,North,Modern Trade,Mascara,43,320.0,6.9,141.06,Rohit K,2023,August,3,13760.0,949.44,12810.56,6065.58,6744.98,52.65171858216971
BT-01867,2023-08-18,West,Pharmacy,Vitamin C Face Serum 30ml,7,730.0,35.4,242.43,Priya S,2023,August,3,5110.0,1808.9399999999998,3301.0600000000004,1697.01,1604.0500000000004,48.59196742864414
BT-02167,2023-08-18,East,Modern Trade,Face Wash 100ml,49,320.0,5.3,87.78,Sneha B,2023,August,3,15680.0,831.04,14848.96,4301.22,10547.739999999998,71.03352692713833
BT-02208,2023-08-18,Central,Salon Wholesale,Perfume 100ml EDP,39,2120.0,5.7,1087.14,Sunita P,2023,August,3,82680.0,4712.76,77967.24,42398.46000000001,35568.78,45.6201604673963
BT-02785,2023-08-18,North,Pharmacy,Blush Palette,5,530.0,9.4,244.54,Deepa S,2023,August,3,2650.0,249.1,2400.9,1222.7,1178.2,49.07326419259444
BT-04150,2023-08-18,North,Salon Wholesale,Matte Lipstick,59,390.0,10.2,142.97,Anjali M,2023,August,3,23010.0,2347.02,20662.98,8435.23,12227.75,59.17708868711096
BT-04272,2023-08-18,South,General Trade,Matte Lipstick,34,430.0,21.3,130.59,Anand V,2023,August,3,14620.0,3114.06,11505.94,4440.06,7065.88,61.41071481339204
BT-04406,2023-08-18,Central,Modern Trade,Mascara,36,500.0,7.8,175.1,Vikram N,2023,August,3,18000.0,1404.0,16596.0,6303.599999999999,10292.400000000001,62.01735357917572
BT-04639,2023-08-18,West,Pharmacy,Blush Palette,38,570.0,39.8,253.14,Rahul D,2023,August,3,21660.0,8620.679999999998,13039.320000000002,9619.32,3420.000000000002,26.228361601678625
BT-04828,2023-08-18,West,Salon Wholesale,Hair Oil 200ml,58,340.0,30.7,104.96,Rahul D,2023,August,3,19720.0,6054.04,13665.96,6087.679999999999,7578.28,55.453696630167215
BT-00178,2023-08-19,Central,Modern Trade,Under Eye Cream 15ml,44,750.0,8.6,244.72,Suresh K,2023,August,3,33000.0,2838.0,30162.0,10767.68,19394.32,64.30051057622174
BT-00813,2023-08-19,East,Salon Wholesale,Face Wash 100ml,31,250.0,9.7,80.9,Pooja N,2023,August,3,7750.0,751.7499999999999,6998.25,2507.9,4490.35,64.1638981173865
BT-01504,2023-08-19,East,Online,Matte Lipstick,60,350.0,15.5,118.72,Sneha B,2023,August,3,21000.0,3255.0,17745.0,7123.2,10621.8,59.85798816568047
BT-01542,2023-08-19,East,Pharmacy,Hair Serum 100ml,35,630.0,12.8,242.55,Meena G,2023,August,3,22050.0,2822.4,19227.6,8489.25,10738.349999999999,55.84862385321101
BT-01548,2023-08-19,North,Modern Trade,Under Eye Cream 15ml,5,600.0,11.0,183.84,Deepa S,2023,August,3,3000.0,330.0,2670.0,919.2,1750.8,65.57303370786516
BT-02264,2023-08-19,Central,Salon Wholesale,Nail Polish Set (12pc),33,650.0,6.6,301.53,Vikram N,2023,August,3,21450.0,1415.7,20034.3,9950.49,10083.81,50.33272936913193
BT-02861,2023-08-19,North,Salon Wholesale,Mascara,6,490.0,9.0,212.22,Anjali M,2023,August,3,2940.0,264.59999999999997,2675.4,1273.32,1402.0800000000002,52.406369141063024
BT-02968,2023-08-19,East,General Trade,BB Cream 30ml,11,600.0,8.8,215.46,Pooja N,2023,August,3,6600.0,580.8000000000001,6019.2,2370.06,3649.14,60.62499999999999
BT-03170,2023-08-19,South,Modern Trade,Nail Polish Set (12pc),48,390.0,15.5,167.58,Anand V,2023,August,3,18720.0,2901.6,15818.4,8043.84,7774.5599999999995,49.148839326354114
BT-03985,2023-08-19,Central,Online,Hair Serum 100ml,10,420.0,9.5,179.76,Suresh K,2023,August,3,4200.0,399.0,3801.0,1797.6,2003.4,52.707182320441994
BT-04577,2023-08-19,Central,Salon Wholesale,Perfume 100ml EDP,10,1410.0,8.9,574.57,Suresh K,2023,August,3,14100.0,1254.9,12845.1,5745.700000000001,7099.4,55.26932448949404
BT-04746,2023-08-19,South,Online,Eyeshadow Palette 9-shade,34,780.0,14.8,379.7,Anand V,2023,August,3,26520.0,3924.9600000000005,22595.04,12909.8,9685.240000000002,42.86445166726857
BT-04749,2023-08-19,East,Pharmacy,Kajal Eye Pencil,43,200.0,4.6,64.78,Pooja N,2023,August,3,8600.0,395.59999999999997,8204.4,2785.54,5418.86,66.0482180293501
BT-00227,2023-08-20,South,Salon Wholesale,Face Wash 100ml,19,290.0,22.4,79.29,Kiran T,2023,August,3,5510.0,1234.2399999999998,4275.76,1506.5100000000002,2769.25,64.76626377532882
BT-00293,2023-08-20,East,General Trade,Rose Water Toner 200ml,2,330.0,9.3,75.21,Pooja N,2023,August,3,660.0,61.38000000000001,598.62,150.42,448.20000000000005,74.87220607397013
BT-01255,2023-08-20,East,Modern Trade,Under Eye Cream 15ml,20,560.0,4.8,174.55,Pooja N,2023,August,3,11200.0,537.6,10662.4,3491.0,7171.4,67.25877851140456
BT-02268,2023-08-20,Central,General Trade,Lip Gloss,54,230.0,8.5,72.29,Suresh K,2023,August,3,12420.0,1055.7,11364.3,3903.6600000000003,7460.639999999999,65.64979805179377
BT-02299,2023-08-20,West,General Trade,Hydrating Moisturiser 50ml,28,600.0,36.1,198.3,Rahul D,2023,August,3,16800.0,6064.8,10735.2,5552.400000000001,5182.8,48.27856025039124
BT-03384,2023-08-20,Central,Modern Trade,SPF 50 Sunscreen 100g,33,490.0,11.1,215.6,Sunita P,2023,August,3,16170.0,1794.8700000000001,14375.13,7114.8,7260.329999999999,50.506186726659166
BT-03414,2023-08-20,East,Modern Trade,Hydrating Moisturiser 50ml,20,560.0,5.3,217.11,Sneha B,2023,August,3,11200.0,593.6,10606.4,4342.200000000001,6264.199999999999,59.06056720470658
BT-03468,2023-08-20,South,Pharmacy,Vitamin C Face Serum 30ml,3,750.0,27.9,254.78,Kiran T,2023,August,3,2250.0,627.7499999999999,1622.25,764.34,857.91,52.88395746648173
BT-03545,2023-08-20,North,Online,Under Eye Cream 15ml,30,630.0,12.1,203.74,Rohit K,2023,August,3,18900.0,2286.9,16613.1,6112.200000000001,10500.899999999998,63.208552287050566
BT-04672,2023-08-20,Central,Pharmacy,Face Wash 100ml,6,260.0,9.7,80.73,Vikram N,2023,August,3,1560.0,151.32,1408.68,484.38,924.3000000000001,65.61461794019934
BT-04803,2023-08-20,North,Pharmacy,Under Eye Cream 15ml,41,570.0,9.4,190.67,Deepa S,2023,August,3,23370.0,2196.78,21173.22,7817.469999999999,13355.750000000002,63.0785019945006
BT-04985,2023-08-20,East,Online,Mascara,24,550.0,16.4,246.95,Meena G,2023,August,3,13200.0,2164.7999999999997,11035.2,5926.799999999999,5108.4000000000015,46.29186602870814
BT-00860,2023-08-21,South,Modern Trade,Night Repair Cream 50ml,47,1150.0,28.6,383.41,Priya R,2023,August,3,54050.0,15458.300000000001,38591.7,18020.27,20571.429999999997,53.30532212885154
BT-00994,2023-08-21,West,Pharmacy,SPF 50 Sunscreen 100g,37,580.0,28.1,213.67,Priya S,2023,August,3,21460.0,6030.26,15429.74,7905.79,7523.95,48.762649273416145
BT-01544,2023-08-21,West,Salon Wholesale,Hair Oil 200ml,35,250.0,34.0,78.1,Rahul D,2023,August,3,8750.0,2975.0,5775.0,2733.5,3041.5,52.666666666666664
BT-01661,2023-08-21,North,Salon Wholesale,Eyeshadow Palette 9-shade,9,860.0,7.0,391.73,Deepa S,2023,August,3,7740.0,541.8000000000001,7198.2,3525.57,3672.6299999999997,51.02150537634408
BT-02179,2023-08-21,Central,General Trade,Micellar Cleansing Water,12,290.0,9.0,99.62,Vikram N,2023,August,3,3480.0,313.2,3166.8,1195.44,1971.3600000000001,62.250852595680186
BT-02198,2023-08-21,East,Modern Trade,Kajal Eye Pencil,20,200.0,10.2,64.76,Meena G,2023,August,3,4000.0,408.0,3592.0,1295.2,2296.8,63.94209354120268
BT-02845,2023-08-21,Central,General Trade,Matte Lipstick,18,360.0,9.9,143.21,Vikram N,2023,August,3,6480.0,641.52,5838.48,2577.78,3260.6999999999994,55.84844000493278
BT-02941,2023-08-21,East,Modern Trade,Vitamin C Face Serum 30ml,30,660.0,7.5,191.8,Meena G,2023,August,3,19800.0,1485.0,18315.0,5754.0,12561.0,68.58312858312858
BT-02975,2023-08-21,North,Pharmacy,SPF 50 Sunscreen 100g,13,420.0,7.6,182.15,Anjali M,2023,August,3,5460.0,414.96,5045.04,2367.9500000000003,2677.0899999999997,53.063801278086984
BT-03117,2023-08-21,West,Modern Trade,Hair Serum 100ml,50,500.0,32.1,176.95,Rahul D,2023,August,3,25000.0,8025.0,16975.0,8847.5,8127.5,47.87923416789396
BT-03401,2023-08-21,North,Salon Wholesale,Kajal Eye Pencil,55,190.0,6.3,61.22,Anjali M,2023,August,3,10450.0,658.35,9791.65,3367.1,6424.549999999999,65.6125372128293
BT-03456,2023-08-21,South,Online,Compact Powder,14,460.0,20.8,167.21,Anand V,2023,August,3,6440.0,1339.5200000000002,5100.48,2340.94,2759.5399999999995,54.10353535353535
BT-03563,2023-08-21,West,Modern Trade,Night Repair Cream 50ml,29,920.0,28.3,379.13,Rahul D,2023,August,3,26680.0,7550.4400000000005,19129.559999999998,10994.77,8134.789999999997,42.52471044812321
BT-04537,2023-08-21,West,Online,Hair Serum 100ml,18,580.0,29.1,248.12,Priya S,2023,August,3,10440.0,3038.0400000000004,7401.959999999999,4466.16,2935.7999999999993,39.662467778804526
BT-04587,2023-08-21,East,General Trade,Kajal Eye Pencil,57,200.0,11.5,62.62,Meena G,2023,August,3,11400.0,1311.0,10089.0,3569.3399999999997,6519.66,64.62146892655367
BT-04637,2023-08-21,West,Modern Trade,Compact Powder,58,320.0,31.6,119.87,Priya S,2023,August,3,18560.0,5864.96,12695.04,6952.46,5742.580000000001,45.23483187134503
BT-00191,2023-08-22,East,Salon Wholesale,Blush Palette,15,820.0,8.0,353.75,Meena G,2023,August,3,12300.0,984.0,11316.0,5306.25,6009.75,53.10843054082714
BT-00440,2023-08-22,South,Modern Trade,Compact Powder,60,420.0,23.6,156.62,Kiran T,2023,August,3,25200.0,5947.200000000001,19252.8,9397.2,9855.599999999999,51.19047619047619
BT-00609,2023-08-22,East,Online,Eyeshadow Palette 9-shade,7,830.0,8.1,335.07,Sneha B,2023,August,3,5810.0,470.61,5339.39,2345.49,2993.9000000000005,56.071948293718954
BT-00673,2023-08-22,Central,General Trade,Face Wash 100ml,43,300.0,9.2,97.8,Suresh K,2023,August,3,12900.0,1186.8,11713.2,4205.4,7507.800000000001,64.09691629955948
BT-00685,2023-08-22,South,General Trade,Night Repair Cream 50ml,42,870.0,28.9,360.01,Priya R,2023,August,3,36540.0,10560.06,25979.940000000002,15120.42,10859.520000000002,41.799634641188554
BT-01140,2023-08-22,Central,General Trade,Eyeshadow Palette 9-shade,10,800.0,8.7,391.2,Sunita P,2023,August,3,8000.0,696.0,7304.0,3912.0,3392.0,46.440306681270535
BT-01271,2023-08-22,South,General Trade,Hydrating Moisturiser 50ml,23,480.0,12.2,169.34,Anand V,2023,August,3,11040.0,1346.8799999999999,9693.12,3894.82,5798.300000000001,59.818716780561886
BT-01477,2023-08-22,South,Online,Kajal Eye Pencil,54,190.0,16.6,52.97,Anand V,2023,August,3,10260.0,1703.16,8556.84,2860.38,5696.46,66.57200555345197
BT-01883,2023-08-22,North,General Trade,Vitamin C Face Serum 30ml,51,750.0,7.9,215.25,Deepa S,2023,August,3,38250.0,3021.75,35228.25,10977.75,24250.5,68.83821932681867
BT-02340,2023-08-22,West,Online,Perfume 100ml EDP,9,2170.0,28.7,1052.88,Rahul D,2023,August,3,19530.0,5605.11,13924.89,9475.920000000002,4448.9699999999975,31.949767646279415
BT-02342,2023-08-22,West,Pharmacy,Hydrating Moisturiser 50ml,31,570.0,32.4,221.05,Nidhi C,2023,August,3,17670.0,5725.08,11944.92,6852.55,5092.37,42.63209799647046
BT-02648,2023-08-22,East,General Trade,Nail Polish Set (12pc),4,510.0,15.7,218.69,Meena G,2023,August,3,2040.0,320.28000000000003,1719.72,874.76,844.96,49.133579885097575
BT-02746,2023-08-22,Central,Online,Micellar Cleansing Water,50,310.0,10.0,88.78,Sunita P,2023,August,3,15500.0,1550.0,13950.0,4439.0,9511.0,68.17921146953405
BT-02819,2023-08-22,North,General Trade,Mascara,44,330.0,9.2,144.08,Rohit K,2023,August,3,14520.0,1335.84,13184.16,6339.52,6844.639999999999,51.91563209184354
BT-02967,2023-08-22,East,Modern Trade,Micellar Cleansing Water,38,330.0,4.4,117.74,Pooja N,2023,August,3,12540.0,551.7600000000001,11988.24,4474.12,7514.12,62.67909217700013
BT-03054,2023-08-22,West,Salon Wholesale,Vitamin C Face Serum 30ml,34,680.0,24.4,219.23,Rahul D,2023,August,3,23120.0,5641.28,17478.72,7453.82,10024.900000000001,57.354886399004045
BT-03115,2023-08-22,North,Salon Wholesale,Blush Palette,50,640.0,7.7,252.42,Deepa S,2023,August,3,32000.0,2464.0,29536.0,12621.0,16915.0,57.269095341278444
BT-03314,2023-08-22,East,Modern Trade,Under Eye Cream 15ml,40,750.0,12.1,210.97,Meena G,2023,August,3,30000.0,3630.0,26370.0,8438.8,17931.2,67.99848312476298
BT-03542,2023-08-22,Central,Salon Wholesale,SPF 50 Sunscreen 100g,52,330.0,4.2,132.79,Sunita P,2023,August,3,17160.0,720.72,16439.28,6905.08,9534.199999999999,57.99645726576833
BT-03705,2023-08-22,North,Online,Compact Powder,41,360.0,7.7,138.38,Deepa S,2023,August,3,14760.0,1136.52,13623.48,5673.58,7949.9,58.35439990369567
BT-03742,2023-08-22,North,Salon Wholesale,Blush Palette,53,800.0,5.0,348.16,Anjali M,2023,August,3,42400.0,2120.0,40280.0,18452.48,21827.52,54.18947368421053
BT-03919,2023-08-22,Central,Salon Wholesale,Hydrating Moisturiser 50ml,13,390.0,6.9,147.22,Suresh K,2023,August,3,5070.0,349.83000000000004,4720.17,1913.86,2806.3100000000004,59.45357900245119
BT-04392,2023-08-22,South,Modern Trade,Lip Gloss,17,220.0,12.9,62.24,Anand V,2023,August,3,3740.0,482.46000000000004,3257.54,1058.08,2199.46,67.51904811606305
BT-04498,2023-08-22,West,Pharmacy,Kajal Eye Pencil,5,210.0,24.1,59.18,Nidhi C,2023,August,3,1050.0,253.05,796.95,295.9,501.05000000000007,62.870945479641136
BT-04714,2023-08-22,South,Online,Face Wash 100ml,5,290.0,21.7,91.38,Anand V,2023,August,3,1450.0,314.65,1135.35,456.9,678.4499999999999,59.75690315761659
BT-00035,2023-08-23,West,General Trade,SPF 50 Sunscreen 100g,44,470.0,42.5,184.29,Priya S,2023,August,3,20680.0,8789.0,11891.0,8108.759999999999,3782.2400000000007,31.807585568917673
BT-00958,2023-08-23,East,Online,Kajal Eye Pencil,30,220.0,15.7,75.37,Sneha B,2023,August,3,6600.0,1036.2,5563.8,2261.1000000000004,3302.7,59.360509004637116
BT-01236,2023-08-23,North,General Trade,SPF 50 Sunscreen 100g,20,320.0,8.2,137.09,Anjali M,2023,August,3,6400.0,524.8,5875.2,2741.8,3133.3999999999996,53.33265250544662
BT-01543,2023-08-23,Central,General Trade,BB Cream 30ml,10,550.0,13.5,215.49,Suresh K,2023,August,3,5500.0,742.5,4757.5,2154.9,2602.6,54.705202312138724
BT-01817,2023-08-23,East,Pharmacy,Compact Powder,36,280.0,6.0,102.7,Sneha B,2023,August,3,10080.0,604.8,9475.2,3697.2000000000003,5778.0,60.980243161094215
BT-01910,2023-08-23,North,General Trade,Face Wash 100ml,8,180.0,12.1,51.01,Anjali M,2023,August,3,1440.0,174.24,1265.76,408.08,857.6800000000001,67.76008090001264
BT-02604,2023-08-23,North,Salon Wholesale,Hair Serum 100ml,17,490.0,11.2,198.55,Anjali M,2023,August,3,8330.0,932.9599999999999,7397.04,3375.3500000000004,4021.6899999999996,54.368909726052586
BT-02847,2023-08-23,Central,Pharmacy,Perfume 100ml EDP,18,1330.0,8.0,680.96,Vikram N,2023,August,3,23940.0,1915.2,22024.8,12257.28,9767.519999999999,44.347826086956516
BT-02983,2023-08-23,West,Modern Trade,Micellar Cleansing Water,41,320.0,37.8,89.89,Rahul D,2023,August,3,13120.0,4959.36,8160.64,3685.4900000000002,4475.15,54.8382234726688
BT-03645,2023-08-23,South,Online,Face Wash 100ml,25,260.0,20.6,81.41,Priya R,2023,August,3,6500.0,1339.0,5161.0,2035.25,3125.75,60.56481302073241
BT-03738,2023-08-23,Central,Online,Hair Oil 200ml,55,360.0,6.3,114.37,Suresh K,2023,August,3,19800.0,1247.4,18552.6,6290.35,12262.249999999998,66.09450966441361
BT-03954,2023-08-23,Central,Pharmacy,Matte Lipstick,48,350.0,8.0,126.63,Vikram N,2023,August,3,16800.0,1344.0,15456.0,6078.24,9377.76,60.673913043478265
BT-04131,2023-08-23,West,Modern Trade,SPF 50 Sunscreen 100g,30,380.0,36.7,157.62,Rahul D,2023,August,3,11400.0,4183.8,7216.2,4728.6,2487.5999999999995,34.47243701671239
BT-04164,2023-08-23,South,Salon Wholesale,Micellar Cleansing Water,38,340.0,25.1,114.34,Priya R,2023,August,3,12920.0,3242.92,9677.08,4344.92,5332.16,55.10091887222178
BT-04355,2023-08-23,East,Online,Micellar Cleansing Water,10,400.0,5.9,120.68,Pooja N,2023,August,3,4000.0,236.00000000000003,3764.0,1206.8000000000002,2557.2,67.93836344314559
BT-00128,2023-08-24,North,General Trade,Lip Gloss,51,210.0,4.1,68.06,Deepa S,2023,August,3,10710.0,439.10999999999996,10270.89,3471.06,6799.83,66.20487611102836
BT-00833,2023-08-24,Central,Online,Rose Water Toner 200ml,34,340.0,9.9,97.58,Suresh K,2023,August,3,11560.0,1144.44,10415.56,3317.72,7097.84,68.14650388457271
BT-01321,2023-08-24,North,Salon Wholesale,BB Cream 30ml,21,680.0,12.3,253.91,Anjali M,2023,August,3,14280.0,1756.4400000000003,12523.56,5332.11,7191.45,57.42336843517338
BT-01494,2023-08-24,North,Salon Wholesale,Under Eye Cream 15ml,54,780.0,10.7,260.6,Deepa S,2023,August,3,42120.0,4506.84,37613.16,14072.400000000001,23540.760000000002,62.586498980675906
BT-01999,2023-08-24,North,Online,Nail Polish Set (12pc),60,490.0,7.4,215.65,Anjali M,2023,August,3,29400.0,2175.6000000000004,27224.4,12939.0,14285.400000000001,52.472781769295196
BT-02165,2023-08-24,South,Salon Wholesale,Hair Serum 100ml,46,620.0,25.0,204.91,Priya R,2023,August,3,28520.0,7130.0,21390.0,9425.86,11964.14,55.93333333333334
BT-02256,2023-08-24,Central,Salon Wholesale,Compact Powder,22,470.0,12.4,170.19,Vikram N,2023,August,3,10340.0,1282.16,9057.84,3744.18,5313.66,58.663654911104636
BT-02303,2023-08-24,South,Online,Hydrating Moisturiser 50ml,46,550.0,25.2,180.68,Kiran T,2023,August,3,25300.0,6375.6,18924.4,8311.28,10613.12,56.081672338356825
BT-02390,2023-08-24,South,Online,Kajal Eye Pencil,45,190.0,21.6,59.96,Kiran T,2023,August,3,8550.0,1846.8000000000002,6703.2,2698.2,4005.0,59.74758324382384
BT-02639,2023-08-24,East,Pharmacy,Matte Lipstick,10,400.0,8.3,137.48,Pooja N,2023,August,3,4000.0,332.0,3668.0,1374.8,2293.2,62.51908396946564
BT-03111,2023-08-24,North,Modern Trade,Eyeshadow Palette 9-shade,21,900.0,8.9,415.26,Deepa S,2023,August,3,18900.0,1682.1000000000001,17217.9,8720.46,8497.440000000002,49.3523600439078
BT-03179,2023-08-24,West,Online,Eyeshadow Palette 9-shade,51,950.0,34.4,472.15,Priya S,2023,August,3,48450.0,16666.8,31783.2,24079.649999999998,7703.550000000003,24.237804878048788
BT-03609,2023-08-24,North,Online,Kajal Eye Pencil,46,170.0,9.1,48.82,Rohit K,2023,August,3,7820.0,711.62,7108.38,2245.72,4862.66,68.40742897819193
BT-03969,2023-08-24,West,General Trade,Hair Oil 200ml,59,400.0,42.7,141.24,Priya S,2023,August,3,23600.0,10077.2,13522.8,8333.16,5189.639999999999,38.37696335078534
BT-04393,2023-08-24,West,Modern Trade,BB Cream 30ml,57,680.0,31.0,230.32,Nidhi C,2023,August,3,38760.0,12015.6,26744.4,13128.24,13616.160000000002,50.912190963341864
BT-04759,2023-08-24,West,Modern Trade,Face Wash 100ml,39,280.0,38.5,85.51,Priya S,2023,August,3,10920.0,4204.2,6715.8,3334.8900000000003,3380.91,50.342624854819974
BT-00775,2023-08-25,South,Modern Trade,Rose Water Toner 200ml,38,360.0,24.9,93.85,Anand V,2023,August,3,13680.0,3406.32,10273.68,3566.2999999999997,6707.380000000001,65.28702470779702
BT-01300,2023-08-25,North,Pharmacy,Compact Powder,9,380.0,10.7,117.65,Deepa S,2023,August,3,3420.0,365.94,3054.06,1058.8500000000001,1995.2099999999998,65.32975776507337
BT-01646,2023-08-25,East,General Trade,Mascara,12,480.0,8.1,214.94,Pooja N,2023,August,3,5760.0,466.56,5293.44,2579.2799999999997,2714.16,51.2740297424737
BT-01694,2023-08-25,North,Salon Wholesale,Face Wash 100ml,34,310.0,5.2,94.83,Anjali M,2023,August,3,10540.0,548.08,9991.92,3224.22,6767.700000000001,67.73172723560637
BT-01698,2023-08-25,South,General Trade,Mascara,18,330.0,17.2,139.52,Anand V,2023,August,3,5940.0,1021.68,4918.32,2511.36,2406.9599999999996,48.93866198214024
BT-02844,2023-08-25,North,Salon Wholesale,Matte Lipstick,10,370.0,6.9,133.9,Deepa S,2023,August,3,3700.0,255.3,3444.7,1339.0,2105.7,61.12869045199872
BT-03320,2023-08-25,South,Online,Face Wash 100ml,25,210.0,15.3,63.99,Kiran T,2023,August,3,5250.0,803.25,4446.75,1599.75,2847.0,64.02428740091078
BT-03419,2023-08-25,North,Pharmacy,Under Eye Cream 15ml,37,690.0,11.0,212.73,Rohit K,2023,August,3,25530.0,2808.3,22721.7,7871.009999999999,14850.690000000002,65.35906204201271
BT-04280,2023-08-25,North,Online,Night Repair Cream 50ml,54,790.0,10.7,293.64,Rohit K,2023,August,3,42660.0,4564.62,38095.38,15856.56,22238.82,58.37668504684821
BT-04812,2023-08-25,East,Pharmacy,SPF 50 Sunscreen 100g,10,450.0,6.0,196.61,Pooja N,2023,August,3,4500.0,270.0,4230.0,1966.1000000000001,2263.8999999999996,53.52009456264775
BT-00107,2023-08-26,West,Online,Rose Water Toner 200ml,6,350.0,23.1,82.46,Rahul D,2023,August,3,2100.0,485.1,1614.9,494.76,1120.14,69.3628088426528
BT-00184,2023-08-26,West,General Trade,BB Cream 30ml,3,460.0,34.9,165.83,Nidhi C,2023,August,3,1380.0,481.61999999999995,898.3800000000001,497.49,400.8900000000001,44.623655913978496
BT-00676,2023-08-26,North,Modern Trade,Matte Lipstick,40,390.0,11.5,145.43,Anjali M,2023,August,3,15600.0,1794.0,13806.0,5817.200000000001,7988.799999999999,57.864696508764304
BT-01064,2023-08-26,North,Online,Hair Oil 200ml,50,270.0,11.6,104.09,Deepa S,2023,August,3,13500.0,1566.0,11934.0,5204.5,6729.5,56.3893078598961
BT-01071,2023-08-26,Central,Online,Rose Water Toner 200ml,22,340.0,9.6,79.56,Vikram N,2023,August,3,7480.0,718.08,6761.92,1750.3200000000002,5011.6,74.11504424778762
BT-01101,2023-08-26,South,Modern Trade,Rose Water Toner 200ml,40,240.0,29.8,54.5,Priya R,2023,August,3,9600.0,2860.7999999999997,6739.200000000001,2180.0,4559.200000000001,67.65194681861348
BT-02386,2023-08-26,East,Salon Wholesale,Kajal Eye Pencil,27,170.0,6.9,45.02,Meena G,2023,August,3,4590.0,316.71000000000004,4273.29,1215.5400000000002,3057.75,71.55493776457952
BT-03637,2023-08-26,South,Salon Wholesale,Hair Serum 100ml,32,630.0,20.9,247.09,Priya R,2023,August,3,20160.0,4213.44,15946.560000000001,7906.88,8039.680000000001,50.4163907450886
BT-03916,2023-08-26,South,Pharmacy,Lip Gloss,53,220.0,26.6,66.24,Priya R,2023,August,3,11660.0,3101.56,8558.44,3510.72,5047.720000000001,58.97944017835027
BT-04030,2023-08-26,Central,Salon Wholesale,Hydrating Moisturiser 50ml,41,500.0,11.1,170.35,Sunita P,2023,August,3,20500.0,2275.5,18224.5,6984.349999999999,11240.150000000001,61.67604049493814
BT-04694,2023-08-26,Central,General Trade,Matte Lipstick,25,300.0,6.1,116.49,Sunita P,2023,August,3,7500.0,457.5,7042.5,2912.25,4130.25,58.64749733759318
BT-04793,2023-08-26,West,Online,Blush Palette,47,570.0,30.6,253.82,Priya S,2023,August,3,26790.0,8197.74,18592.260000000002,11929.539999999999,6662.720000000003,35.83598766368372
BT-00099,2023-08-27,South,Modern Trade,Hair Serum 100ml,16,460.0,30.5,156.81,Priya R,2023,August,3,7360.0,2244.7999999999997,5115.200000000001,2508.96,2606.2400000000007,50.95089146074445
BT-01329,2023-08-27,Central,Modern Trade,Night Repair Cream 50ml,34,870.0,10.9,310.33,Sunita P,2023,August,3,29580.0,3224.22,26355.78,10551.22,15804.56,59.96620096236954
BT-01852,2023-08-27,North,Modern Trade,Night Repair Cream 50ml,36,1000.0,8.7,367.2,Anjali M,2023,August,3,36000.0,3132.0,32868.0,13219.199999999999,19648.800000000003,59.78094194961666
BT-02164,2023-08-27,East,Pharmacy,Eyeshadow Palette 9-shade,4,830.0,11.0,379.81,Pooja N,2023,August,3,3320.0,365.2,2954.8,1519.24,1435.5600000000002,48.58399891701639
BT-02273,2023-08-27,South,Pharmacy,Mascara,30,340.0,22.8,119.71,Priya R,2023,August,3,10200.0,2325.6,7874.4,3591.2999999999997,4283.1,54.392715635476996
BT-02343,2023-08-27,West,Pharmacy,Hydrating Moisturiser 50ml,10,430.0,37.9,139.32,Priya S,2023,August,3,4300.0,1629.7,2670.3,1393.1999999999998,1277.1000000000004,47.82608695652175
BT-02591,2023-08-27,Central,Modern Trade,Vitamin C Face Serum 30ml,60,770.0,12.7,217.83,Suresh K,2023,August,3,46200.0,5867.4,40332.6,13069.800000000001,27262.799999999996,67.59494800731913
BT-02880,2023-08-27,Central,Salon Wholesale,Mascara,32,380.0,7.8,149.07,Vikram N,2023,August,3,12160.0,948.48,11211.52,4770.24,6441.280000000001,57.45233474140884
BT-03016,2023-08-27,Central,Modern Trade,Matte Lipstick,21,300.0,7.5,90.75,Sunita P,2023,August,3,6300.0,472.5,5827.5,1905.75,3921.75,67.29729729729729
BT-03132,2023-08-27,South,Modern Trade,Under Eye Cream 15ml,49,730.0,23.5,268.79,Anand V,2023,August,3,35770.0,8405.949999999999,27364.050000000003,13170.710000000001,14193.340000000002,51.86856477750917
BT-03209,2023-08-27,Central,Salon Wholesale,Under Eye Cream 15ml,58,870.0,12.9,330.34,Suresh K,2023,August,3,50460.0,6509.34,43950.66,19159.719999999998,24790.940000000006,56.406297425340156
BT-03516,2023-08-27,South,Pharmacy,Perfume 100ml EDP,13,2610.0,15.9,1140.31,Kiran T,2023,August,3,33930.0,5394.87,28535.13,14824.029999999999,13711.100000000002,48.04989498908889
BT-03926,2023-08-27,Central,General Trade,Rose Water Toner 200ml,60,350.0,9.3,101.99,Vikram N,2023,August,3,21000.0,1953.0000000000002,19047.0,6119.4,12927.6,67.87210584343991
BT-04943,2023-08-27,East,Salon Wholesale,Blush Palette,54,520.0,7.4,241.38,Pooja N,2023,August,3,28080.0,2077.92,26002.08,13034.52,12967.560000000001,49.87124106994518
BT-00460,2023-08-28,Central,General Trade,Hair Oil 200ml,17,250.0,9.3,87.67,Vikram N,2023,August,3,4250.0,395.25000000000006,3854.75,1490.39,2364.3599999999997,61.336273428886436
BT-00850,2023-08-28,East,Online,Nail Polish Set (12pc),28,600.0,13.7,268.92,Meena G,2023,August,3,16800.0,2301.6,14498.4,7529.76,6968.639999999999,48.0648899188876
BT-01018,2023-08-28,South,General Trade,BB Cream 30ml,2,450.0,18.4,185.49,Kiran T,2023,August,3,900.0,165.6,734.4,370.98,363.41999999999996,49.48529411764706
BT-01105,2023-08-28,Central,General Trade,Eyeshadow Palette 9-shade,53,660.0,6.2,294.95,Vikram N,2023,August,3,34980.0,2168.7599999999998,32811.24,15632.349999999999,17178.89,52.35672287911094
BT-01342,2023-08-28,West,Online,Eyeshadow Palette 9-shade,43,590.0,30.8,260.31,Priya S,2023,August,3,25370.0,7813.96,17556.04,11193.33,6362.710000000001,36.242284706573926
BT-01356,2023-08-28,East,Pharmacy,Under Eye Cream 15ml,59,900.0,15.8,306.45,Sneha B,2023,August,3,53100.0,8389.8,44710.2,18080.55,26629.649999999998,59.56057007125891
BT-01740,2023-08-28,West,General Trade,Micellar Cleansing Water,41,460.0,26.5,146.42,Rahul D,2023,August,3,18860.0,4997.900000000001,13862.099999999999,6003.219999999999,7858.879999999999,56.6932860100562
BT-02077,2023-08-28,South,Salon Wholesale,Compact Powder,56,260.0,23.0,102.57,Anand V,2023,August,3,14560.0,3348.8,11211.2,5743.92,5467.280000000001,48.76623376623377
BT-02793,2023-08-28,South,Online,Hydrating Moisturiser 50ml,49,540.0,21.7,186.08,Kiran T,2023,August,3,26460.0,5741.82,20718.18,9117.92,11600.26,55.99072891537771
BT-02876,2023-08-28,South,General Trade,Under Eye Cream 15ml,10,580.0,29.6,197.49,Priya R,2023,August,3,5800.0,1716.8000000000002,4083.2,1974.9,2108.2999999999997,51.63352272727272
BT-03033,2023-08-28,South,Pharmacy,Micellar Cleansing Water,49,290.0,18.9,87.96,Priya R,2023,August,3,14210.0,2685.6899999999996,11524.310000000001,4310.04,7214.270000000001,62.600450699434504
BT-03173,2023-08-28,South,Pharmacy,Night Repair Cream 50ml,37,1130.0,26.5,471.77,Priya R,2023,August,3,41810.0,11079.650000000001,30730.35,17455.489999999998,13274.86,43.19788092228042
BT-03911,2023-08-28,Central,Pharmacy,Under Eye Cream 15ml,26,820.0,13.3,251.41,Suresh K,2023,August,3,21320.0,2835.56,18484.44,6536.66,11947.779999999999,64.6369595183841
BT-03988,2023-08-28,Central,Online,Vitamin C Face Serum 30ml,59,500.0,9.8,141.75,Vikram N,2023,August,3,29500.0,2891.0,26609.0,8363.25,18245.75,68.56984478935698
BT-04239,2023-08-28,North,Modern Trade,Eyeshadow Palette 9-shade,40,780.0,5.8,363.4,Anjali M,2023,August,3,31200.0,1809.6,29390.4,14536.0,14854.400000000001,50.54167347160978
BT-04855,2023-08-28,South,Modern Trade,Nail Polish Set (12pc),5,540.0,28.3,226.96,Priya R,2023,August,3,2700.0,764.1,1935.9,1134.8,801.1000000000001,41.38126969368253
BT-00226,2023-08-29,East,Salon Wholesale,Compact Powder,45,300.0,13.7,93.51,Pooja N,2023,August,3,13500.0,1849.4999999999998,11650.5,4207.95,7442.55,63.88180764774044
BT-00528,2023-08-29,West,Online,Matte Lipstick,12,380.0,36.1,141.13,Nidhi C,2023,August,3,4560.0,1646.1599999999999,2913.84,1693.56,1220.2800000000002,41.87875792768306
BT-00680,2023-08-29,West,Salon Wholesale,Nail Polish Set (12pc),53,470.0,29.0,196.65,Priya S,2023,August,3,24910.0,7223.9,17686.1,10422.45,7263.649999999998,41.069823194486055
BT-01353,2023-08-29,East,General Trade,Blush Palette,17,590.0,13.6,246.15,Meena G,2023,August,3,10030.0,1364.0800000000002,8665.92,4184.55,4481.37,51.71257062146892
BT-01406,2023-08-29,West,Online,Night Repair Cream 50ml,25,720.0,31.5,284.9,Priya S,2023,August,3,18000.0,5670.0,12330.0,7122.499999999999,5207.500000000001,42.23438767234388
BT-01656,2023-08-29,West,Online,Eyeshadow Palette 9-shade,52,810.0,32.7,398.28,Rahul D,2023,August,3,42120.0,13773.24,28346.760000000002,20710.559999999998,7636.200000000004,26.93852842441254
BT-01862,2023-08-29,South,Salon Wholesale,Nail Polish Set (12pc),30,600.0,17.8,228.72,Anand V,2023,August,3,18000.0,3204.0000000000005,14796.0,6861.6,7934.4,53.625304136253035
BT-02309,2023-08-29,North,General Trade,Hair Serum 100ml,52,470.0,4.7,195.99,Deepa S,2023,August,3,24440.0,1148.68,23291.32,10191.48,13099.84,56.243441762854154
BT-02599,2023-08-29,South,General Trade,Hair Serum 100ml,42,640.0,16.3,223.23,Kiran T,2023,August,3,26880.0,4381.4400000000005,22498.559999999998,9375.66,13122.899999999998,58.3277329749104
BT-03578,2023-08-29,Central,Online,Micellar Cleansing Water,18,450.0,4.4,135.81,Sunita P,2023,August,3,8100.0,356.40000000000003,7743.6,2444.58,5299.02,68.43096234309624
BT-04274,2023-08-29,North,Modern Trade,Perfume 100ml EDP,25,2410.0,4.2,1188.85,Deepa S,2023,August,3,60250.0,2530.5,57719.5,29721.249999999996,27998.250000000004,48.50743682810836
BT-04561,2023-08-29,Central,General Trade,Perfume 100ml EDP,32,1570.0,5.0,723.3,Vikram N,2023,August,3,50240.0,2512.0,47728.0,23145.6,24582.4,51.50519611129736
BT-01016,2023-08-30,North,Modern Trade,Compact Powder,7,460.0,10.3,149.87,Rohit K,2023,August,3,3220.0,331.66,2888.34,1049.0900000000001,1839.25,63.67844505840725
BT-01650,2023-08-30,South,General Trade,Lip Gloss,52,250.0,18.1,73.25,Priya R,2023,August,3,13000.0,2353.0000000000005,10647.0,3809.0,6838.0,64.22466422466422
BT-01779,2023-08-30,North,Salon Wholesale,Kajal Eye Pencil,45,220.0,5.4,64.0,Deepa S,2023,August,3,9900.0,534.6,9365.4,2880.0,6485.4,69.24851047472612
BT-01937,2023-08-30,South,Modern Trade,Micellar Cleansing Water,35,440.0,23.4,123.24,Anand V,2023,August,3,15400.0,3603.6,11796.4,4313.4,7483.0,63.434607168288636
BT-01948,2023-08-30,North,Online,Vitamin C Face Serum 30ml,27,760.0,13.5,258.25,Anjali M,2023,August,3,20520.0,2770.2000000000003,17749.8,6972.75,10777.05,60.716458777000305
BT-02447,2023-08-30,East,General Trade,Compact Powder,31,390.0,6.7,123.59,Sneha B,2023,August,3,12090.0,810.0300000000001,11279.97,3831.29,7448.679999999999,66.03457278698436
BT-02461,2023-08-30,East,Online,Hydrating Moisturiser 50ml,43,430.0,7.5,135.71,Pooja N,2023,August,3,18490.0,1386.75,17103.25,5835.530000000001,11267.72,65.88057825267127
BT-02974,2023-08-30,East,Online,Mascara,28,540.0,8.5,215.78,Meena G,2023,August,3,15120.0,1285.2,13834.8,6041.84,7792.959999999999,56.32867840518113
BT-03597,2023-08-30,East,Pharmacy,BB Cream 30ml,12,630.0,4.9,224.91,Pooja N,2023,August,3,7560.0,370.44,7189.56,2698.92,4490.64,62.46056782334385
BT-03785,2023-08-30,East,Salon Wholesale,Night Repair Cream 50ml,38,1140.0,10.0,469.45,Meena G,2023,August,3,43320.0,4332.0,38988.0,17839.1,21148.9,54.24463937621833
BT-04011,2023-08-30,West,Salon Wholesale,Kajal Eye Pencil,44,240.0,32.2,67.3,Nidhi C,2023,August,3,10560.0,3400.32,7159.68,2961.2,4198.4800000000005,58.64060963618486
BT-04181,2023-08-30,Central,General Trade,Vitamin C Face Serum 30ml,9,700.0,12.6,210.14,Suresh K,2023,August,3,6300.0,793.8,5506.2,1891.2599999999998,3614.94,65.65217391304347
BT-04581,2023-08-30,South,General Trade,Under Eye Cream 15ml,28,870.0,23.8,267.61,Priya R,2023,August,3,24360.0,5797.68,18562.32,7493.08,11069.24,59.63284761818566
BT-04726,2023-08-30,North,General Trade,Micellar Cleansing Water,37,290.0,5.1,86.74,Anjali M,2023,August,3,10730.0,547.23,10182.77,3209.3799999999997,6973.390000000001,68.48224991824426
BT-04820,2023-08-30,West,General Trade,Hair Serum 100ml,50,490.0,36.3,197.42,Priya S,2023,August,3,24500.0,8893.5,15606.5,9871.0,5735.5,36.7507128440073
BT-04958,2023-08-30,North,Pharmacy,Face Wash 100ml,12,310.0,9.7,94.61,Anjali M,2023,August,3,3720.0,360.84,3359.16,1135.32,2223.84,66.20226485192727
BT-00032,2023-08-31,West,Pharmacy,SPF 50 Sunscreen 100g,44,560.0,26.8,226.69,Nidhi C,2023,August,3,24640.0,6603.52,18036.48,9974.36,8062.119999999999,44.6989656518345
BT-00037,2023-08-31,North,Modern Trade,SPF 50 Sunscreen 100g,41,510.0,10.0,195.13,Anjali M,2023,August,3,20910.0,2091.0,18819.0,8000.33,10818.67,57.4880174291939
BT-00106,2023-08-31,West,General Trade,Nail Polish Set (12pc),3,570.0,26.5,252.22,Rahul D,2023,August,3,1710.0,453.15000000000003,1256.85,756.66,500.18999999999994,39.79711182718702
BT-00709,2023-08-31,West,Pharmacy,Hair Serum 100ml,10,420.0,35.7,143.93,Priya S,2023,August,3,4200.0,1499.4,2700.6,1439.3000000000002,1261.2999999999997,46.70443605124786
BT-00959,2023-08-31,Central,General Trade,Perfume 100ml EDP,44,2450.0,8.0,1162.04,Suresh K,2023,August,3,107800.0,8624.0,99176.0,51129.759999999995,48046.240000000005,48.445430346051474
BT-01214,2023-08-31,Central,Pharmacy,Hydrating Moisturiser 50ml,2,480.0,8.9,173.23,Vikram N,2023,August,3,960.0,85.44000000000001,874.56,346.46,528.0999999999999,60.38465056714233
BT-02191,2023-08-31,North,General Trade,SPF 50 Sunscreen 100g,18,340.0,12.3,129.71,Anjali M,2023,August,3,6120.0,752.7600000000001,5367.24,2334.78,3032.4599999999996,56.49942987457241
BT-02775,2023-08-31,North,Modern Trade,Hair Oil 200ml,41,310.0,14.0,99.05,Anjali M,2023,August,3,12710.0,1779.4,10930.6,4061.0499999999997,6869.550000000001,62.84696174043511
BT-03433,2023-08-31,South,Modern Trade,Mascara,21,350.0,21.9,146.97,Kiran T,2023,August,3,7350.0,1609.6499999999999,5740.35,3086.37,2653.9800000000005,46.23376623376624
BT-03482,2023-08-31,Central,General Trade,Mascara,9,510.0,8.8,200.63,Vikram N,2023,August,3,4590.0,403.92,4186.08,1805.67,2380.41,56.864895080839354
BT-04013,2023-08-31,Central,Online,BB Cream 30ml,53,660.0,4.7,269.68,Sunita P,2023,August,3,34980.0,1644.06,33335.94,14293.04,19042.9,57.12423288498839
BT-04176,2023-08-31,Central,Pharmacy,SPF 50 Sunscreen 100g,13,370.0,4.5,156.51,Sunita P,2023,August,3,4810.0,216.45,4593.55,2034.6299999999999,2558.92,55.70680628272251
BT-04242,2023-08-31,South,General Trade,Under Eye Cream 15ml,5,580.0,30.8,180.5,Priya R,2023,August,3,2900.0,893.1999999999999,2006.8000000000002,902.5,1104.3000000000002,55.02790512258322
BT-04351,2023-08-31,East,Salon Wholesale,Blush Palette,46,630.0,16.5,284.63,Meena G,2023,August,3,28980.0,4781.7,24198.3,13092.98,11105.32,45.89297595285619
BT-04495,2023-08-31,South,Pharmacy,Compact Powder,48,420.0,29.8,149.39,Priya R,2023,August,3,20160.0,6007.679999999999,14152.32,7170.719999999999,6981.6,49.33184099850767
BT-04745,2023-08-31,North,General Trade,Lip Gloss,6,320.0,7.1,110.56,Rohit K,2023,August,3,1920.0,136.32,1783.68,663.36,1120.3200000000002,62.809472551130256
BT-00285,2023-09-01,Central,Online,Perfume 100ml EDP,19,2460.0,11.7,1254.11,Suresh K,2023,September,3,46740.0,5468.58,41271.42,23828.089999999997,17443.33,42.26491358911325
BT-00358,2023-09-01,Central,Pharmacy,Hydrating Moisturiser 50ml,51,380.0,8.0,137.52,Vikram N,2023,September,3,19380.0,1550.4,17829.6,7013.52,10816.079999999998,60.66361556064073
BT-00876,2023-09-01,Central,Modern Trade,Perfume 100ml EDP,33,1730.0,7.1,875.9,Suresh K,2023,September,3,57090.0,4053.3899999999994,53036.61,28904.7,24131.91,45.500475991961025
BT-01493,2023-09-01,Central,General Trade,Mascara,10,370.0,9.7,160.84,Suresh K,2023,September,3,3700.0,358.9,3341.1,1608.4,1732.6999999999998,51.86016581365418
BT-01652,2023-09-01,Central,General Trade,Face Wash 100ml,49,310.0,9.5,93.34,Vikram N,2023,September,3,15190.0,1443.05,13746.95,4573.66,9173.29,66.72963821065764
BT-02718,2023-09-01,Central,Modern Trade,Face Wash 100ml,54,260.0,6.2,84.27,Sunita P,2023,September,3,14040.0,870.48,13169.52,4550.58,8618.94,65.44612104313597
BT-03085,2023-09-01,West,Salon Wholesale,Under Eye Cream 15ml,34,680.0,31.2,229.98,Priya S,2023,September,3,23120.0,7213.44,15906.560000000001,7819.32,8087.240000000002,50.84216826265391
BT-03093,2023-09-01,North,Online,Hydrating Moisturiser 50ml,30,570.0,11.2,222.41,Rohit K,2023,September,3,17100.0,1915.1999999999998,15184.8,6672.3,8512.5,56.05934882250671
BT-03589,2023-09-01,North,Pharmacy,SPF 50 Sunscreen 100g,14,480.0,12.8,187.49,Anjali M,2023,September,3,6720.0,860.16,5859.84,2624.86,3234.98,55.20594418960244
BT-03932,2023-09-01,West,Pharmacy,Micellar Cleansing Water,50,470.0,30.0,139.64,Nidhi C,2023,September,3,23500.0,7050.0,16450.0,6981.999999999999,9468.0,57.556231003039514
BT-04048,2023-09-01,North,Modern Trade,Hydrating Moisturiser 50ml,33,500.0,14.0,169.2,Anjali M,2023,September,3,16500.0,2310.0,14190.0,5583.599999999999,8606.400000000001,60.65116279069769
BT-04837,2023-09-01,North,Pharmacy,Micellar Cleansing Water,21,370.0,7.4,119.03,Rohit K,2023,September,3,7770.0,574.9800000000001,7195.0199999999995,2499.63,4695.389999999999,65.25888739711634
BT-04900,2023-09-01,North,Pharmacy,Night Repair Cream 50ml,14,1000.0,10.4,351.0,Anjali M,2023,September,3,14000.0,1456.0000000000002,12544.0,4914.0,7630.0,60.82589285714286
BT-00566,2023-09-02,East,Online,Nail Polish Set (12pc),18,520.0,15.4,238.42,Sneha B,2023,September,3,9360.0,1441.44,7918.5599999999995,4291.5599999999995,3627.0,45.80378250591017
BT-01054,2023-09-02,East,General Trade,Lip Gloss,5,220.0,13.5,66.99,Sneha B,2023,September,3,1100.0,148.5,951.5,334.95,616.55,64.79768786127167
BT-01337,2023-09-02,North,Salon Wholesale,SPF 50 Sunscreen 100g,31,480.0,7.6,212.54,Anjali M,2023,September,3,14880.0,1130.8799999999999,13749.12,6588.74,7160.380000000001,52.078823953823964
BT-02172,2023-09-02,West,Salon Wholesale,Hair Serum 100ml,55,660.0,31.4,222.68,Priya S,2023,September,3,36300.0,11398.2,24901.8,12247.4,12654.4,50.81721000088347
BT-02519,2023-09-02,South,Salon Wholesale,Kajal Eye Pencil,3,200.0,24.5,51.88,Kiran T,2023,September,3,600.0,147.0,453.0,155.64000000000001,297.36,65.64238410596028
BT-02533,2023-09-02,North,Salon Wholesale,Under Eye Cream 15ml,37,890.0,6.7,280.62,Rohit K,2023,September,3,32930.0,2206.31,30723.69,10382.94,20340.75,66.20542649662198
BT-03308,2023-09-02,Central,Pharmacy,Lip Gloss,16,290.0,9.8,89.73,Sunita P,2023,September,3,4640.0,454.72,4185.28,1435.68,2749.5999999999995,65.69691872467313
BT-04161,2023-09-02,South,Modern Trade,Kajal Eye Pencil,26,180.0,23.8,45.25,Priya R,2023,September,3,4680.0,1113.8400000000001,3566.16,1176.5,2389.66,67.00933216681248
BT-04713,2023-09-02,West,Pharmacy,Micellar Cleansing Water,11,310.0,34.6,94.61,Rahul D,2023,September,3,3410.0,1179.8600000000001,2230.14,1040.71,1189.4299999999998,53.33431981848673
BT-00142,2023-09-03,West,Pharmacy,SPF 50 Sunscreen 100g,15,470.0,33.1,175.64,Rahul D,2023,September,3,7050.0,2333.55,4716.45,2634.6,2081.85,44.14019018541488
BT-00881,2023-09-03,Central,Online,Under Eye Cream 15ml,23,840.0,5.7,300.13,Sunita P,2023,September,3,19320.0,1101.24,18218.76,6902.99,11315.769999999999,62.11053880725142
BT-01178,2023-09-03,West,Pharmacy,Rose Water Toner 200ml,47,280.0,44.0,62.66,Priya S,2023,September,3,13160.0,5790.4,7369.6,2945.02,4424.58,60.03826530612244
BT-01696,2023-09-03,Central,Online,Hair Serum 100ml,12,420.0,11.2,156.32,Vikram N,2023,September,3,5040.0,564.4799999999999,4475.52,1875.84,2599.6800000000003,58.08665808665808
BT-01892,2023-09-03,East,Salon Wholesale,Matte Lipstick,30,430.0,15.6,133.6,Sneha B,2023,September,3,12900.0,2012.4,10887.6,4008.0,6879.6,63.187479334288554
BT-02319,2023-09-03,East,Pharmacy,Hair Serum 100ml,42,500.0,8.3,165.6,Sneha B,2023,September,3,21000.0,1743.0,19257.0,6955.2,12301.8,63.88222464558342
BT-02442,2023-09-03,East,Modern Trade,Under Eye Cream 15ml,3,600.0,5.5,205.44,Sneha B,2023,September,3,1800.0,99.0,1701.0,616.3199999999999,1084.68,63.76719576719577
BT-02487,2023-09-03,North,Online,Lip Gloss,39,310.0,12.3,101.8,Anjali M,2023,September,3,12090.0,1487.0700000000002,10602.93,3970.2,6632.7300000000005,62.55563320704749
BT-02897,2023-09-03,North,Pharmacy,Hair Oil 200ml,60,300.0,14.0,99.21,Rohit K,2023,September,3,18000.0,2520.0000000000005,15480.0,5952.599999999999,9527.400000000001,61.54651162790699
BT-03784,2023-09-03,West,Online,Hair Serum 100ml,42,570.0,30.4,225.04,Priya S,2023,September,3,23940.0,7277.76,16662.239999999998,9451.68,7210.559999999998,43.274853801169584
BT-04083,2023-09-03,South,Salon Wholesale,Perfume 100ml EDP,20,1870.0,22.9,812.33,Priya R,2023,September,3,37400.0,8564.599999999999,28835.4,16246.6,12588.800000000001,43.65744883025726
BT-04290,2023-09-03,West,Modern Trade,Perfume 100ml EDP,57,1360.0,40.5,609.01,Nidhi C,2023,September,3,77520.0,31395.600000000002,46124.399999999994,34713.57,11410.829999999994,24.739248640632717
BT-04334,2023-09-03,East,Modern Trade,Lip Gloss,40,230.0,7.6,78.27,Pooja N,2023,September,3,9200.0,699.1999999999999,8500.8,3130.7999999999997,5370.0,63.17052512704687
BT-04342,2023-09-03,West,Modern Trade,Eyeshadow Palette 9-shade,20,970.0,31.6,446.39,Nidhi C,2023,September,3,19400.0,6130.4,13269.6,8927.8,4341.800000000001,32.71990112738893
BT-04571,2023-09-03,South,Pharmacy,Nail Polish Set (12pc),5,410.0,22.0,191.14,Anand V,2023,September,3,2050.0,451.0,1599.0,955.6999999999999,643.3000000000001,40.23139462163853
BT-04685,2023-09-03,West,General Trade,Hair Serum 100ml,5,390.0,30.7,138.68,Priya S,2023,September,3,1950.0,598.65,1351.35,693.4000000000001,657.9499999999998,48.688348688348675
BT-01080,2023-09-04,West,Online,Matte Lipstick,11,360.0,33.0,139.9,Rahul D,2023,September,3,3960.0,1306.8,2653.2,1538.9,1114.2999999999997,41.99834162520729
BT-01503,2023-09-04,North,Modern Trade,Matte Lipstick,22,320.0,7.9,116.96,Deepa S,2023,September,3,7040.0,556.16,6483.84,2573.12,3910.7200000000003,60.31487513572205
BT-01528,2023-09-04,Central,General Trade,Hydrating Moisturiser 50ml,52,390.0,12.1,119.81,Vikram N,2023,September,3,20280.0,2453.88,17826.12,6230.12,11596.0,65.05061112569646
BT-01545,2023-09-04,Central,Online,Lip Gloss,54,250.0,11.6,78.5,Vikram N,2023,September,3,13500.0,1566.0,11934.0,4239.0,7695.0,64.47963800904978
BT-02174,2023-09-04,South,Salon Wholesale,Matte Lipstick,51,320.0,13.7,105.95,Anand V,2023,September,3,16320.0,2235.8399999999997,14084.16,5403.45,8680.71,61.634559675550406
BT-02305,2023-09-04,North,Modern Trade,Lip Gloss,36,320.0,9.4,107.3,Anjali M,2023,September,3,11520.0,1082.88,10437.119999999999,3862.7999999999997,6574.32,62.98979028697572
BT-02791,2023-09-04,North,Pharmacy,Perfume 100ml EDP,5,1290.0,13.6,583.98,Anjali M,2023,September,3,6450.0,877.2,5572.8,2919.9,2652.9,47.60443583118002
BT-03146,2023-09-04,West,Pharmacy,Blush Palette,8,740.0,29.1,321.75,Nidhi C,2023,September,3,5920.0,1722.7200000000003,4197.28,2574.0,1623.2799999999997,38.67457019784241
BT-03402,2023-09-04,West,General Trade,Hydrating Moisturiser 50ml,34,460.0,37.7,148.35,Rahul D,2023,September,3,15640.0,5896.28,9743.720000000001,5043.9,4699.8200000000015,48.23434991974319
BT-03531,2023-09-04,West,Pharmacy,Mascara,37,510.0,28.1,218.94,Nidhi C,2023,September,3,18870.0,5302.47,13567.529999999999,8100.78,5466.749999999999,40.29289045242575
BT-03962,2023-09-04,East,Pharmacy,Micellar Cleansing Water,16,390.0,8.5,119.07,Pooja N,2023,September,3,6240.0,530.4000000000001,5709.6,1905.12,3804.4800000000005,66.6330390920555
BT-04562,2023-09-04,North,Modern Trade,Vitamin C Face Serum 30ml,37,720.0,9.7,235.08,Deepa S,2023,September,3,26640.0,2584.08,24055.92,8697.960000000001,15357.959999999997,63.84274640088593
BT-04569,2023-09-04,West,Online,Compact Powder,28,290.0,26.2,100.31,Rahul D,2023,September,3,8120.0,2127.44,5992.5599999999995,2808.6800000000003,3183.879999999999,53.13054854686477
BT-04735,2023-09-04,East,Pharmacy,SPF 50 Sunscreen 100g,44,560.0,8.5,207.37,Pooja N,2023,September,3,24640.0,2094.4,22545.6,9124.28,13421.319999999998,59.52966432474629
BT-01107,2023-09-05,North,Modern Trade,Face Wash 100ml,29,280.0,9.3,84.84,Rohit K,2023,September,3,8120.0,755.1600000000001,7364.84,2460.36,4904.48,66.59316427783902
BT-01373,2023-09-05,West,Salon Wholesale,Perfume 100ml EDP,15,1430.0,23.8,627.48,Rahul D,2023,September,3,21450.0,5105.1,16344.9,9412.2,6932.699999999999,42.41506524971091
BT-01579,2023-09-05,East,Modern Trade,Mascara,59,460.0,14.3,195.22,Meena G,2023,September,3,27140.0,3881.0200000000004,23258.98,11517.98,11741.0,50.479427730708736
BT-01716,2023-09-05,Central,Modern Trade,SPF 50 Sunscreen 100g,43,530.0,12.6,216.77,Suresh K,2023,September,3,22790.0,2871.54,19918.46,9321.11,10597.349999999999,53.20366132723111
BT-01790,2023-09-05,East,Salon Wholesale,Eyeshadow Palette 9-shade,25,820.0,13.0,334.56,Sneha B,2023,September,3,20500.0,2665.0,17835.0,8364.0,9471.0,53.103448275862064
BT-01854,2023-09-05,South,Pharmacy,Matte Lipstick,8,520.0,23.5,165.62,Anand V,2023,September,3,4160.0,977.5999999999999,3182.4,1324.96,1857.44,58.36601307189543
BT-02593,2023-09-05,West,Salon Wholesale,Micellar Cleansing Water,21,280.0,37.1,87.3,Rahul D,2023,September,3,5880.0,2181.48,3698.52,1833.3,1865.22,50.431523960935735
BT-02992,2023-09-05,South,Online,Perfume 100ml EDP,12,2750.0,22.6,1340.62,Priya R,2023,September,3,33000.0,7458.0,25542.0,16087.439999999999,9454.560000000001,37.015738783180645
BT-03019,2023-09-05,Central,Modern Trade,Hair Serum 100ml,41,400.0,11.8,132.16,Vikram N,2023,September,3,16400.0,1935.2,14464.8,5418.5599999999995,9046.24,62.53968253968254
BT-04026,2023-09-05,South,Salon Wholesale,Nail Polish Set (12pc),4,570.0,15.6,230.28,Kiran T,2023,September,3,2280.0,355.68,1924.32,921.12,1003.1999999999999,52.132701421800945
BT-04124,2023-09-05,East,General Trade,Eyeshadow Palette 9-shade,58,620.0,5.2,255.75,Pooja N,2023,September,3,35960.0,1869.92,34090.08,14833.5,19256.58,56.4873417721519
BT-04340,2023-09-05,South,Salon Wholesale,Compact Powder,35,370.0,26.2,142.52,Priya R,2023,September,3,12950.0,3392.9,9557.1,4988.200000000001,4568.9,47.80634292829414
BT-04374,2023-09-05,North,Online,Perfume 100ml EDP,24,2530.0,6.1,1084.36,Anjali M,2023,September,3,60720.0,3703.92,57016.08,26024.64,30991.440000000002,54.35561336380895
BT-04690,2023-09-05,Central,Pharmacy,BB Cream 30ml,46,630.0,10.8,260.69,Suresh K,2023,September,3,28980.0,3129.84,25850.16,11991.74,13858.42,53.610577265285784
BT-04929,2023-09-05,South,Online,Face Wash 100ml,28,300.0,31.7,98.07,Priya R,2023,September,3,8400.0,2662.8,5737.2,2745.96,2991.24,52.13762811127379
BT-00208,2023-09-06,East,Salon Wholesale,Kajal Eye Pencil,50,230.0,4.3,74.01,Pooja N,2023,September,3,11500.0,494.49999999999994,11005.5,3700.5000000000005,7305.0,66.3759029576121
BT-00338,2023-09-06,North,Salon Wholesale,Rose Water Toner 200ml,7,340.0,8.0,94.89,Anjali M,2023,September,3,2380.0,190.4,2189.6,664.23,1525.37,69.66432225063939
BT-02381,2023-09-06,South,Pharmacy,Perfume 100ml EDP,59,2160.0,16.7,1103.11,Anand V,2023,September,3,127440.0,21282.479999999996,106157.52,65083.48999999999,41074.03000000001,38.691587746209606
BT-02610,2023-09-06,South,Online,Hydrating Moisturiser 50ml,14,370.0,18.1,121.8,Anand V,2023,September,3,5180.0,937.5800000000002,4242.42,1705.2,2537.2200000000003,59.80595980595981
BT-02928,2023-09-06,North,Online,Rose Water Toner 200ml,33,280.0,8.7,77.78,Rohit K,2023,September,3,9240.0,803.88,8436.12,2566.7400000000002,5869.380000000001,69.57440150211235
BT-03467,2023-09-06,West,Online,Under Eye Cream 15ml,34,640.0,31.8,198.4,Priya S,2023,September,3,21760.0,6919.68,14840.32,6745.6,8094.719999999999,54.54545454545454
BT-03700,2023-09-06,North,Modern Trade,Matte Lipstick,36,300.0,4.6,117.69,Deepa S,2023,September,3,10800.0,496.8,10303.2,4236.84,6066.360000000001,58.878406708595385
BT-03749,2023-09-06,East,Online,Mascara,53,500.0,5.2,216.15,Sneha B,2023,September,3,26500.0,1378.0000000000002,25122.0,11455.95,13666.05,54.39873417721519
BT-04451,2023-09-06,South,Modern Trade,Hydrating Moisturiser 50ml,7,490.0,13.6,191.93,Anand V,2023,September,3,3430.0,466.48,2963.52,1343.51,1620.01,54.6650604686319
BT-04640,2023-09-06,South,General Trade,Face Wash 100ml,25,290.0,24.3,81.81,Priya R,2023,September,3,7250.0,1761.75,5488.25,2045.25,3443.0,62.73402268482668
BT-04818,2023-09-06,West,Modern Trade,Perfume 100ml EDP,7,2110.0,36.7,894.64,Priya S,2023,September,3,14770.0,5420.590000000001,9349.41,6262.48,3086.9300000000003,33.017377567140606
BT-04967,2023-09-06,North,Salon Wholesale,Nail Polish Set (12pc),32,520.0,10.9,240.97,Rohit K,2023,September,3,16640.0,1813.76,14826.24,7711.04,7115.2,47.99058965725632
BT-00364,2023-09-07,Central,Online,Night Repair Cream 50ml,9,720.0,7.1,241.2,Vikram N,2023,September,3,6480.0,460.08,6019.92,2170.7999999999997,3849.1200000000003,63.93972012917115
BT-00723,2023-09-07,East,Modern Trade,Mascara,8,420.0,8.0,167.45,Sneha B,2023,September,3,3360.0,268.8,3091.2,1339.6,1751.6,56.664078674948236
BT-00940,2023-09-07,South,Pharmacy,Under Eye Cream 15ml,53,550.0,20.7,160.93,Kiran T,2023,September,3,29150.0,6034.049999999999,23115.95,8529.29,14586.66,63.10214375788146
BT-01089,2023-09-07,East,Modern Trade,Rose Water Toner 200ml,35,340.0,12.2,85.03,Sneha B,2023,September,3,11900.0,1451.8,10448.2,2976.05,7472.150000000001,71.51614632185448
BT-02131,2023-09-07,Central,Online,Kajal Eye Pencil,53,160.0,10.3,43.1,Sunita P,2023,September,3,8480.0,873.44,7606.5599999999995,2284.3,5322.259999999999,69.96934225195093
BT-02152,2023-09-07,South,Salon Wholesale,Face Wash 100ml,5,250.0,29.2,77.15,Priya R,2023,September,3,1250.0,365.0,885.0,385.75,499.25,56.41242937853107
BT-02446,2023-09-07,East,Modern Trade,Matte Lipstick,48,410.0,13.7,133.09,Meena G,2023,September,3,19680.0,2696.16,16983.84,6388.32,10595.52,62.385891529830715
BT-02667,2023-09-07,West,Online,Face Wash 100ml,44,190.0,42.4,49.0,Priya S,2023,September,3,8360.0,3544.64,4815.360000000001,2156.0,2659.3600000000006,55.22660818713451
BT-04380,2023-09-07,East,Pharmacy,Under Eye Cream 15ml,20,780.0,11.0,278.3,Meena G,2023,September,3,15600.0,1716.0,13884.0,5566.0,8318.0,59.91068856237396
BT-04391,2023-09-07,Central,General Trade,Matte Lipstick,21,490.0,5.2,190.32,Vikram N,2023,September,3,10290.0,535.08,9754.92,3996.72,5758.200000000001,59.02867476104367
BT-04559,2023-09-07,East,Online,Eyeshadow Palette 9-shade,52,740.0,11.2,341.58,Sneha B,2023,September,3,38480.0,4309.759999999999,34170.24,17762.16,16408.079999999998,48.018626734842954
BT-04662,2023-09-07,East,Online,Nail Polish Set (12pc),54,630.0,10.3,257.54,Pooja N,2023,September,3,34020.0,3504.0600000000004,30515.94,13907.160000000002,16608.78,54.426571817876166
BT-04758,2023-09-07,Central,Salon Wholesale,Night Repair Cream 50ml,16,880.0,12.0,333.7,Vikram N,2023,September,3,14080.0,1689.6,12390.4,5339.2,7051.2,56.90857438016529
BT-04901,2023-09-07,North,Modern Trade,BB Cream 30ml,4,710.0,5.5,257.45,Anjali M,2023,September,3,2840.0,156.2,2683.8,1029.8,1654.0000000000002,61.62903346001938
BT-00136,2023-09-08,South,Pharmacy,Vitamin C Face Serum 30ml,31,550.0,28.7,188.32,Priya R,2023,September,3,17050.0,4893.349999999999,12156.650000000001,5837.92,6318.730000000001,51.97755960729313
BT-01005,2023-09-08,West,Online,BB Cream 30ml,52,550.0,36.7,215.88,Nidhi C,2023,September,3,28600.0,10496.2,18103.8,11225.76,6878.039999999999,37.992244722102534
BT-01667,2023-09-08,West,General Trade,Blush Palette,25,770.0,33.9,349.5,Priya S,2023,September,3,19250.0,6525.749999999999,12724.25,8737.5,3986.75,31.331905613297444
BT-02559,2023-09-08,Central,Online,SPF 50 Sunscreen 100g,32,460.0,8.4,161.41,Vikram N,2023,September,3,14720.0,1236.48,13483.52,5165.12,8318.400000000001,61.693089044997166
BT-02565,2023-09-08,West,Online,Hydrating Moisturiser 50ml,26,520.0,30.9,161.62,Rahul D,2023,September,3,13520.0,4177.68,9342.32,4202.12,5140.2,55.020594456195035
BT-02905,2023-09-08,South,Modern Trade,Eyeshadow Palette 9-shade,19,970.0,17.5,428.35,Anand V,2023,September,3,18430.0,3225.25,15204.75,8138.650000000001,7066.099999999999,46.47297719462667
BT-03374,2023-09-08,West,Modern Trade,Night Repair Cream 50ml,7,1080.0,37.7,452.63,Rahul D,2023,September,3,7560.0,2850.12,4709.88,3168.41,1541.4700000000003,32.72843469472683
BT-03570,2023-09-08,South,Pharmacy,Night Repair Cream 50ml,11,820.0,31.8,343.58,Priya R,2023,September,3,9020.0,2868.36,6151.639999999999,3779.3799999999997,2372.2599999999998,38.56304985337243
BT-03771,2023-09-08,North,General Trade,Rose Water Toner 200ml,28,280.0,6.0,74.62,Deepa S,2023,September,3,7840.0,470.4,7369.6,2089.36,5280.24,71.64893617021276
BT-03885,2023-09-08,West,Online,Micellar Cleansing Water,50,370.0,33.9,112.04,Nidhi C,2023,September,3,18500.0,6271.499999999999,12228.5,5602.0,6626.5,54.1889847487427
BT-03993,2023-09-08,West,Pharmacy,Matte Lipstick,24,420.0,38.4,139.36,Nidhi C,2023,September,3,10080.0,3870.7200000000003,6209.28,3344.6400000000003,2864.6399999999994,46.134817563388985
BT-04497,2023-09-08,South,Salon Wholesale,Face Wash 100ml,57,280.0,21.9,71.62,Priya R,2023,September,3,15960.0,3495.24,12464.76,4082.34,8382.42,67.24894823486373
BT-04737,2023-09-08,East,Salon Wholesale,Compact Powder,51,270.0,9.4,106.79,Pooja N,2023,September,3,13770.0,1294.38,12475.619999999999,5446.29,7029.329999999999,56.34453437985446
BT-00140,2023-09-09,Central,Modern Trade,Kajal Eye Pencil,20,230.0,12.3,61.3,Vikram N,2023,September,3,4600.0,565.8000000000001,4034.2,1226.0,2808.2,69.60983590302911
BT-00174,2023-09-09,West,Online,Hydrating Moisturiser 50ml,52,620.0,37.0,192.51,Priya S,2023,September,3,32240.0,11928.8,20311.2,10010.52,10300.68,50.71428571428571
BT-00252,2023-09-09,East,General Trade,Under Eye Cream 15ml,8,660.0,14.9,192.32,Sneha B,2023,September,3,5280.0,786.7199999999999,4493.28,1538.56,2954.72,65.75864401951358
BT-02495,2023-09-09,South,Pharmacy,Face Wash 100ml,21,270.0,29.1,73.39,Priya R,2023,September,3,5670.0,1649.9700000000003,4020.0299999999997,1541.19,2478.8399999999997,61.662226401295506
BT-02502,2023-09-09,Central,General Trade,Matte Lipstick,25,280.0,11.8,95.42,Sunita P,2023,September,3,7000.0,826.0,6174.0,2385.5,3788.5,61.36216391318432
BT-02630,2023-09-09,South,Online,Perfume 100ml EDP,51,2410.0,18.9,1023.53,Anand V,2023,September,3,122910.0,23229.989999999998,99680.01000000001,52200.03,47479.98000000001,47.63239891328262
BT-03291,2023-09-09,West,Online,Night Repair Cream 50ml,47,1150.0,39.5,423.43,Priya S,2023,September,3,54050.0,21349.75,32700.25,19901.21,12799.04,39.1404958677686
BT-03648,2023-09-09,South,Salon Wholesale,Perfume 100ml EDP,22,2720.0,17.2,1187.55,Kiran T,2023,September,3,59840.0,10292.48,49547.520000000004,26126.1,23421.420000000006,47.27062020460359
BT-03755,2023-09-09,West,Modern Trade,Micellar Cleansing Water,54,360.0,38.4,115.88,Priya S,2023,September,3,19440.0,7464.96,11975.04,6257.5199999999995,5717.520000000001,47.74531024531025
BT-03966,2023-09-09,South,Online,Hydrating Moisturiser 50ml,54,380.0,29.5,126.24,Priya R,2023,September,3,20520.0,6053.4,14466.6,6816.96,7649.64,52.87793952967525
BT-04069,2023-09-09,South,General Trade,Hydrating Moisturiser 50ml,54,360.0,23.3,140.04,Anand V,2023,September,3,19440.0,4529.52,14910.48,7562.16,7348.32,49.282920469361144
BT-04211,2023-09-09,Central,General Trade,BB Cream 30ml,4,580.0,9.5,215.41,Sunita P,2023,September,3,2320.0,220.4,2099.6,861.64,1237.96,58.96170699180797
BT-04479,2023-09-09,South,General Trade,Rose Water Toner 200ml,47,240.0,15.1,63.58,Kiran T,2023,September,3,11280.0,1703.28,9576.72,2988.2599999999998,6588.459999999999,68.79662347860227
BT-04612,2023-09-09,South,Pharmacy,Perfume 100ml EDP,6,2420.0,18.3,1250.41,Anand V,2023,September,3,14520.0,2657.16,11862.84,7502.460000000001,4360.379999999999,36.756628261023494
BT-04617,2023-09-09,South,Modern Trade,Kajal Eye Pencil,31,210.0,21.8,71.25,Kiran T,2023,September,3,6510.0,1419.18,5090.82,2208.75,2882.0699999999997,56.61308001461454
BT-00471,2023-09-10,North,Modern Trade,Compact Powder,45,430.0,8.0,140.14,Deepa S,2023,September,3,19350.0,1548.0,17802.0,6306.299999999999,11495.7,64.5753286147624
BT-00682,2023-09-10,South,Salon Wholesale,SPF 50 Sunscreen 100g,19,470.0,16.3,187.86,Kiran T,2023,September,3,8930.0,1455.5900000000001,7474.41,3569.34,3905.0699999999997,52.24586288416076
BT-00738,2023-09-10,South,Pharmacy,Kajal Eye Pencil,9,160.0,23.2,43.36,Anand V,2023,September,3,1440.0,334.08,1105.92,390.24,715.6800000000001,64.71354166666666
BT-00999,2023-09-10,South,Modern Trade,Blush Palette,36,800.0,14.7,318.8,Anand V,2023,September,3,28800.0,4233.599999999999,24566.4,11476.800000000001,13089.6,53.28253223915592
BT-01052,2023-09-10,South,Modern Trade,Hair Oil 200ml,36,290.0,20.6,107.59,Anand V,2023,September,3,10440.0,2150.6400000000003,8289.36,3873.2400000000002,4416.120000000001,53.274559193954666
BT-01057,2023-09-10,North,Salon Wholesale,Micellar Cleansing Water,10,360.0,8.4,101.45,Deepa S,2023,September,3,3600.0,302.40000000000003,3297.6,1014.5,2283.1,69.2352013585638
BT-02163,2023-09-10,East,General Trade,Mascara,13,330.0,8.2,147.11,Sneha B,2023,September,3,4290.0,351.78,3938.2200000000003,1912.4300000000003,2025.79,51.43922889020928
BT-02203,2023-09-10,East,Salon Wholesale,Lip Gloss,46,330.0,5.5,111.74,Pooja N,2023,September,3,15180.0,834.9,14345.1,5140.04,9205.060000000001,64.16867083533751
BT-02344,2023-09-10,West,Online,Hydrating Moisturiser 50ml,55,590.0,36.9,213.4,Nidhi C,2023,September,3,32450.0,11974.05,20475.95,11737.0,8738.95,42.67909425447904
BT-02403,2023-09-10,North,Pharmacy,Blush Palette,60,750.0,6.5,334.05,Deepa S,2023,September,3,45000.0,2925.0,42075.0,20043.0,22032.0,52.36363636363637
BT-03048,2023-09-10,North,General Trade,Compact Powder,50,380.0,13.4,141.25,Rohit K,2023,September,3,19000.0,2546.0,16454.0,7062.5,9391.5,57.0773064300474
BT-03174,2023-09-10,South,Salon Wholesale,Eyeshadow Palette 9-shade,7,900.0,26.5,430.38,Kiran T,2023,September,3,6300.0,1669.5,4630.5,3012.66,1617.8400000000001,34.93877551020408
BT-03889,2023-09-10,Central,Modern Trade,Mascara,48,390.0,7.4,162.71,Vikram N,2023,September,3,18720.0,1385.2800000000002,17334.72,7810.08,9524.640000000001,54.94545051780473
BT-04763,2023-09-10,Central,General Trade,Hydrating Moisturiser 50ml,50,510.0,5.4,173.04,Vikram N,2023,September,3,25500.0,1377.0000000000002,24123.0,8652.0,15471.0,64.13381420221366
BT-04970,2023-09-10,Central,Modern Trade,Face Wash 100ml,9,230.0,9.4,63.89,Suresh K,2023,September,3,2070.0,194.58,1875.42,575.01,1300.41,69.33966791438718
BT-00344,2023-09-11,Central,Modern Trade,Lip Gloss,29,260.0,6.3,79.04,Vikram N,2023,September,3,7540.0,475.02,7064.98,2292.1600000000003,4772.82,67.55602988260405
BT-01423,2023-09-11,Central,General Trade,BB Cream 30ml,43,710.0,10.5,266.53,Sunita P,2023,September,3,30530.0,3205.65,27324.35,11460.789999999999,15863.56,58.05649539696278
BT-01684,2023-09-11,West,Online,Hair Serum 100ml,32,410.0,37.8,152.77,Nidhi C,2023,September,3,13120.0,4959.36,8160.64,4888.64,3272.0,40.09489451807701
BT-01931,2023-09-11,Central,Pharmacy,Night Repair Cream 50ml,55,1020.0,12.3,419.42,Vikram N,2023,September,3,56100.0,6900.300000000001,49199.7,23068.100000000002,26131.599999999995,53.113331991861735
BT-02071,2023-09-11,South,Salon Wholesale,Blush Palette,19,720.0,19.6,334.3,Kiran T,2023,September,3,13680.0,2681.28,10998.72,6351.7,4647.0199999999995,42.25055279159757
BT-02797,2023-09-11,Central,Pharmacy,Nail Polish Set (12pc),12,440.0,12.7,191.84,Suresh K,2023,September,3,5280.0,670.5600000000001,4609.44,2302.08,2307.3599999999997,50.057273768613975
BT-04116,2023-09-11,South,Modern Trade,Eyeshadow Palette 9-shade,49,590.0,15.4,255.41,Kiran T,2023,September,3,28910.0,4452.14,24457.86,12515.09,11942.77,48.829987578635254
BT-04143,2023-09-11,East,Salon Wholesale,Blush Palette,8,710.0,13.2,330.58,Sneha B,2023,September,3,5680.0,749.76,4930.24,2644.64,2285.6,46.358797948984225
BT-04563,2023-09-11,West,Pharmacy,Hair Serum 100ml,41,420.0,30.3,176.86,Rahul D,2023,September,3,17220.0,5217.66,12002.34,7251.26,4751.08,39.58461433353829
BT-04769,2023-09-11,West,General Trade,Under Eye Cream 15ml,13,680.0,28.2,246.64,Nidhi C,2023,September,3,8840.0,2492.8799999999997,6347.120000000001,3206.3199999999997,3140.800000000001,49.48386039652631
BT-00084,2023-09-12,South,Pharmacy,Matte Lipstick,37,330.0,30.7,131.87,Priya R,2023,September,3,12210.0,3748.47,8461.53,4879.1900000000005,3582.34,42.33678779133324
BT-00206,2023-09-12,South,Pharmacy,Under Eye Cream 15ml,44,650.0,21.1,209.69,Kiran T,2023,September,3,28600.0,6034.6,22565.4,9226.36,13339.04,59.1128010139417
BT-00325,2023-09-12,South,Pharmacy,Micellar Cleansing Water,47,380.0,31.0,126.77,Priya R,2023,September,3,17860.0,5536.6,12323.4,5958.19,6365.21,51.65141113653699
BT-00758,2023-09-12,West,General Trade,Nail Polish Set (12pc),48,650.0,42.9,257.14,Priya S,2023,September,3,31200.0,13384.8,17815.2,12342.72,5472.480000000001,30.71803852889668
BT-01167,2023-09-12,West,Pharmacy,Rose Water Toner 200ml,28,250.0,40.9,55.6,Priya S,2023,September,3,7000.0,2863.0,4137.0,1556.8,2580.2,62.36886632825719
BT-02026,2023-09-12,East,General Trade,Hair Oil 200ml,11,390.0,8.5,144.22,Pooja N,2023,September,3,4290.0,364.65000000000003,3925.35,1586.42,2338.93,59.585259913128766
BT-02227,2023-09-12,South,Pharmacy,Hair Oil 200ml,37,340.0,23.3,116.18,Priya R,2023,September,3,12580.0,2931.1400000000003,9648.86,4298.66,5350.200000000001,55.44903750287599
BT-02399,2023-09-12,East,Salon Wholesale,Blush Palette,55,670.0,9.9,277.78,Meena G,2023,September,3,36850.0,3648.15,33201.85,15277.899999999998,17923.95,53.984793016051825
BT-02491,2023-09-12,Central,Modern Trade,Eyeshadow Palette 9-shade,4,930.0,7.9,402.13,Sunita P,2023,September,3,3720.0,293.88,3426.12,1608.52,1817.6,53.051264987799605
BT-02720,2023-09-12,Central,Pharmacy,Hair Oil 200ml,49,280.0,8.4,107.46,Suresh K,2023,September,3,13720.0,1152.48,12567.52,5265.54,7301.9800000000005,58.101996257018094
BT-03333,2023-09-12,Central,Pharmacy,Nail Polish Set (12pc),12,450.0,7.0,201.78,Sunita P,2023,September,3,5400.0,378.00000000000006,5022.0,2421.36,2600.64,51.784946236559136
BT-03485,2023-09-12,East,Pharmacy,Vitamin C Face Serum 30ml,49,660.0,9.3,195.89,Pooja N,2023,September,3,32340.0,3007.6200000000003,29332.38,9598.609999999999,19733.770000000004,67.27640239216866
BT-03571,2023-09-12,South,Salon Wholesale,Matte Lipstick,34,460.0,18.7,160.31,Kiran T,2023,September,3,15640.0,2924.68,12715.32,5450.54,7264.78,57.13407134071341
BT-03745,2023-09-12,West,Pharmacy,Hydrating Moisturiser 50ml,38,560.0,25.8,192.53,Rahul D,2023,September,3,21280.0,5490.24,15789.76,7316.14,8473.619999999999,53.66528686946476
BT-03754,2023-09-12,East,General Trade,SPF 50 Sunscreen 100g,23,320.0,7.6,136.42,Pooja N,2023,September,3,7360.0,559.36,6800.64,3137.66,3662.9800000000005,53.862283549783555
BT-03757,2023-09-12,East,Online,Kajal Eye Pencil,20,210.0,12.1,70.25,Pooja N,2023,September,3,4200.0,508.2,3691.8,1405.0,2286.8,61.9426837856872
BT-04309,2023-09-12,South,Modern Trade,Perfume 100ml EDP,39,1960.0,14.0,899.64,Anand V,2023,September,3,76440.0,10701.6,65738.4,35085.96,30652.439999999995,46.627906976744185
BT-04579,2023-09-12,East,Salon Wholesale,Kajal Eye Pencil,22,200.0,6.0,50.82,Pooja N,2023,September,3,4400.0,264.0,4136.0,1118.04,3017.96,72.96808510638299
BT-04716,2023-09-12,East,Online,Eyeshadow Palette 9-shade,55,740.0,13.8,365.63,Sneha B,2023,September,3,40700.0,5616.6,35083.4,20109.65,14973.75,42.680441462344014
BT-00569,2023-09-13,West,Modern Trade,Rose Water Toner 200ml,44,320.0,35.7,74.11,Nidhi C,2023,September,3,14080.0,5026.56,9053.439999999999,3260.84,5792.5999999999985,63.98230948678071
BT-00821,2023-09-13,East,Online,Face Wash 100ml,36,250.0,5.0,64.45,Pooja N,2023,September,3,9000.0,450.0,8550.0,2320.2000000000003,6229.799999999999,72.86315789473683
BT-01688,2023-09-13,North,General Trade,Perfume 100ml EDP,47,2000.0,5.6,902.4,Anjali M,2023,September,3,94000.0,5263.999999999999,88736.0,42412.799999999996,46323.200000000004,52.203389830508485
BT-02328,2023-09-13,West,General Trade,Rose Water Toner 200ml,52,360.0,27.5,107.17,Rahul D,2023,September,3,18720.0,5148.0,13572.0,5572.84,7999.16,58.93869731800766
BT-02950,2023-09-13,North,Online,Nail Polish Set (12pc),29,430.0,7.5,197.71,Anjali M,2023,September,3,12470.0,935.25,11534.75,5733.59,5801.16,50.2928975487115
BT-02977,2023-09-13,East,Online,Compact Powder,40,470.0,10.7,148.66,Sneha B,2023,September,3,18800.0,2011.6,16788.4,5946.4,10842.000000000002,64.5803054490005
BT-03350,2023-09-13,Central,Pharmacy,Micellar Cleansing Water,53,390.0,6.8,129.44,Vikram N,2023,September,3,20670.0,1405.5600000000002,19264.44,6860.32,12404.119999999999,64.38868713546825
BT-04033,2023-09-13,West,Salon Wholesale,Matte Lipstick,10,440.0,35.6,160.78,Priya S,2023,September,3,4400.0,1566.4,2833.6,1607.8,1225.8,43.259457933370975
BT-04215,2023-09-13,South,Online,Nail Polish Set (12pc),5,530.0,23.5,229.07,Kiran T,2023,September,3,2650.0,622.75,2027.25,1145.35,881.9000000000001,43.50228141571094
BT-04367,2023-09-13,West,Online,Nail Polish Set (12pc),52,610.0,31.4,283.89,Priya S,2023,September,3,31720.0,9960.08,21759.92,14762.279999999999,6997.639999999999,32.15839028819959
BT-04634,2023-09-13,West,Online,Nail Polish Set (12pc),56,610.0,33.4,244.79,Nidhi C,2023,September,3,34160.0,11409.439999999999,22750.56,13708.24,9042.320000000002,39.74548318810614
BT-04663,2023-09-13,Central,Pharmacy,Vitamin C Face Serum 30ml,60,650.0,5.6,231.21,Vikram N,2023,September,3,39000.0,2184.0,36816.0,13872.6,22943.4,62.3191003911343
BT-01008,2023-09-14,West,Salon Wholesale,Night Repair Cream 50ml,19,960.0,29.0,320.06,Rahul D,2023,September,3,18240.0,5289.599999999999,12950.400000000001,6081.14,6869.260000000001,53.042840375586856
BT-01046,2023-09-14,West,Pharmacy,Eyeshadow Palette 9-shade,4,590.0,35.2,285.26,Priya S,2023,September,3,2360.0,830.72,1529.28,1141.04,388.24,25.387110274115926
BT-01782,2023-09-14,South,Pharmacy,Compact Powder,12,420.0,23.9,167.45,Kiran T,2023,September,3,5040.0,1204.56,3835.44,2009.3999999999999,1826.0400000000002,47.60966147299919
BT-01900,2023-09-14,North,Pharmacy,Nail Polish Set (12pc),28,470.0,9.5,186.97,Anjali M,2023,September,3,13160.0,1250.2,11909.8,5235.16,6674.639999999999,56.04325849300575
BT-02138,2023-09-14,West,Salon Wholesale,BB Cream 30ml,35,450.0,25.9,145.98,Nidhi C,2023,September,3,15750.0,4079.25,11670.75,5109.299999999999,6561.450000000001,56.221322537112016
BT-02297,2023-09-14,East,Salon Wholesale,Nail Polish Set (12pc),22,500.0,14.7,199.6,Meena G,2023,September,3,11000.0,1617.0,9383.0,4391.2,4991.8,53.20046893317703
BT-02433,2023-09-14,North,General Trade,Hair Serum 100ml,47,620.0,9.1,264.31,Deepa S,2023,September,3,29140.0,2651.74,26488.260000000002,12422.57,14065.690000000002,53.10160048262891
BT-03053,2023-09-14,East,General Trade,Micellar Cleansing Water,34,280.0,6.6,97.97,Meena G,2023,September,3,9520.0,628.32,8891.68,3330.98,5560.700000000001,62.538237993270116
BT-03431,2023-09-14,West,Modern Trade,Lip Gloss,46,220.0,29.7,62.88,Priya S,2023,September,3,10120.0,3005.64,7114.360000000001,2892.48,4221.880000000001,59.343075132548826
BT-03579,2023-09-14,South,Salon Wholesale,Hair Serum 100ml,45,430.0,13.8,149.34,Anand V,2023,September,3,19350.0,2670.3,16679.7,6720.3,9959.400000000001,59.70970700911887
BT-03644,2023-09-14,North,Salon Wholesale,Vitamin C Face Serum 30ml,40,660.0,12.6,211.79,Anjali M,2023,September,3,26400.0,3326.4,23073.6,8471.6,14601.999999999998,63.28444629359961
BT-04108,2023-09-14,South,Salon Wholesale,Under Eye Cream 15ml,56,600.0,21.4,226.02,Priya R,2023,September,3,33600.0,7190.4,26409.6,12657.12,13752.479999999998,52.07379134860051
BT-04120,2023-09-14,North,Online,Lip Gloss,41,310.0,7.4,110.64,Rohit K,2023,September,3,12710.0,940.5400000000001,11769.46,4536.24,7233.219999999999,61.45753501010242
BT-04719,2023-09-14,North,Pharmacy,Face Wash 100ml,5,240.0,8.4,63.91,Rohit K,2023,September,3,1200.0,100.80000000000001,1099.2,319.54999999999995,779.6500000000001,70.92885735080058
BT-04882,2023-09-14,South,Modern Trade,Face Wash 100ml,54,220.0,30.6,56.52,Priya R,2023,September,3,11880.0,3635.2799999999997,8244.720000000001,3052.0800000000004,5192.640000000001,62.98139900445376
BT-00970,2023-09-15,South,Salon Wholesale,BB Cream 30ml,33,550.0,23.5,223.69,Kiran T,2023,September,3,18150.0,4265.25,13884.75,7381.7699999999995,6502.9800000000005,46.835412953060015
BT-01075,2023-09-15,North,General Trade,Hair Oil 200ml,28,240.0,9.2,89.11,Anjali M,2023,September,3,6720.0,618.24,6101.76,2495.08,3606.6800000000003,59.10884728340676
BT-01420,2023-09-15,South,Online,Eyeshadow Palette 9-shade,39,910.0,12.0,390.12,Anand V,2023,September,3,35490.0,4258.8,31231.2,15214.68,16016.52,51.28371628371629
BT-01746,2023-09-15,Central,Modern Trade,Face Wash 100ml,46,190.0,6.3,52.14,Vikram N,2023,September,3,8740.0,550.62,8189.38,2398.44,5790.9400000000005,70.71280121327867
BT-02023,2023-09-15,East,General Trade,Compact Powder,33,440.0,17.0,155.5,Meena G,2023,September,3,14520.0,2468.4,12051.6,5131.5,6920.1,57.420591456736034
BT-03118,2023-09-15,North,Salon Wholesale,Hair Oil 200ml,41,250.0,9.3,79.15,Deepa S,2023,September,3,10250.0,953.2500000000001,9296.75,3245.15,6051.6,65.09371554575523
BT-04409,2023-09-15,East,Pharmacy,Perfume 100ml EDP,58,2260.0,10.2,955.75,Sneha B,2023,September,3,131080.0,13370.16,117709.84,55433.5,62276.34,52.906655892149715
BT-04594,2023-09-15,Central,Modern Trade,Eyeshadow Palette 9-shade,40,830.0,12.1,403.96,Vikram N,2023,September,3,33200.0,4017.2,29182.8,16158.4,13024.4,44.63039872801787
BT-00512,2023-09-16,North,Online,BB Cream 30ml,19,550.0,5.6,210.65,Anjali M,2023,September,3,10450.0,585.1999999999999,9864.8,4002.35,5862.449999999999,59.427966101694906
BT-00822,2023-09-16,North,Salon Wholesale,Mascara,40,330.0,9.9,131.01,Deepa S,2023,September,3,13200.0,1306.8,11893.2,5240.4,6652.800000000001,55.937846836847946
BT-01447,2023-09-16,North,Pharmacy,Hair Serum 100ml,27,500.0,9.6,197.45,Deepa S,2023,September,3,13500.0,1296.0,12204.0,5331.15,6872.85,56.31637168141593
BT-01693,2023-09-16,West,Pharmacy,Nail Polish Set (12pc),47,660.0,38.6,279.51,Nidhi C,2023,September,3,31020.0,11973.720000000001,19046.28,13136.97,5909.3099999999995,31.02605863192182
BT-02113,2023-09-16,North,General Trade,Eyeshadow Palette 9-shade,19,780.0,8.3,312.39,Deepa S,2023,September,3,14820.0,1230.0600000000002,13589.94,5935.41,7654.530000000001,56.324972737186485
BT-02512,2023-09-16,North,Salon Wholesale,Lip Gloss,40,220.0,13.2,68.42,Rohit K,2023,September,3,8800.0,1161.6000000000001,7638.4,2736.8,4901.599999999999,64.17050691244239
BT-03490,2023-09-16,South,Pharmacy,Eyeshadow Palette 9-shade,23,690.0,23.4,277.17,Anand V,2023,September,3,15870.0,3713.58,12156.42,6374.910000000001,5781.509999999999,47.55931433760926
BT-03720,2023-09-16,South,Pharmacy,Vitamin C Face Serum 30ml,31,550.0,17.0,176.77,Kiran T,2023,September,3,17050.0,2898.5,14151.5,5479.87,8671.630000000001,61.27710843373495
BT-04126,2023-09-16,South,Modern Trade,Lip Gloss,56,280.0,20.5,97.38,Priya R,2023,September,3,15680.0,3214.3999999999996,12465.6,5453.28,7012.320000000001,56.253369272237194
BT-04227,2023-09-16,West,General Trade,Kajal Eye Pencil,53,200.0,25.6,50.66,Rahul D,2023,September,3,10600.0,2713.6,7886.4,2684.98,5201.42,65.95430107526882
BT-04631,2023-09-16,West,Pharmacy,Compact Powder,43,370.0,35.3,111.63,Rahul D,2023,September,3,15910.0,5616.23,10293.77,4800.09,5493.68,53.3689794895359
BT-04993,2023-09-16,East,Online,Hair Oil 200ml,37,360.0,8.6,123.95,Sneha B,2023,September,3,13320.0,1145.52,12174.48,4586.150000000001,7588.329999999999,62.32980792608801
BT-00055,2023-09-17,West,Salon Wholesale,Mascara,21,500.0,41.7,192.15,Nidhi C,2023,September,3,10500.0,4378.5,6121.5,4035.15,2086.35,34.082332761578044
BT-00057,2023-09-17,South,Salon Wholesale,Rose Water Toner 200ml,44,380.0,26.4,104.65,Priya R,2023,September,3,16720.0,4414.08,12305.92,4604.6,7701.32,62.58223684210527
BT-00536,2023-09-17,Central,Modern Trade,Nail Polish Set (12pc),53,630.0,6.7,284.0,Vikram N,2023,September,3,33390.0,2237.13,31152.87,15052.0,16100.869999999999,51.68342435223464
BT-00737,2023-09-17,East,Salon Wholesale,Vitamin C Face Serum 30ml,31,570.0,13.7,183.14,Meena G,2023,September,3,17670.0,2420.7899999999995,15249.210000000001,5677.339999999999,9571.870000000003,62.76961232745829
BT-00759,2023-09-17,South,Salon Wholesale,Face Wash 100ml,15,290.0,20.8,89.26,Priya R,2023,September,3,4350.0,904.8000000000001,3445.2,1338.9,2106.2999999999997,61.13723441309647
BT-01603,2023-09-17,North,General Trade,Blush Palette,2,820.0,5.2,346.7,Anjali M,2023,September,3,1640.0,85.28,1554.72,693.4,861.32,55.4003293197489
BT-01638,2023-09-17,West,Modern Trade,SPF 50 Sunscreen 100g,42,400.0,42.1,157.2,Priya S,2023,September,3,16800.0,7072.800000000001,9727.199999999999,6602.4,3124.7999999999993,32.12435233160622
BT-01672,2023-09-17,East,Pharmacy,Vitamin C Face Serum 30ml,53,530.0,12.6,157.2,Sneha B,2023,September,3,28090.0,3539.34,24550.66,8331.599999999999,16219.060000000001,66.06364146625793
BT-02658,2023-09-17,North,Pharmacy,Compact Powder,58,480.0,11.2,170.02,Anjali M,2023,September,3,27840.0,3118.0799999999995,24721.920000000002,9861.16,14860.760000000002,60.111674174174176
BT-02744,2023-09-17,Central,Modern Trade,Blush Palette,41,800.0,9.8,339.6,Suresh K,2023,September,3,32800.0,3214.4,29585.6,13923.6,15661.999999999998,52.937915742793784
BT-03072,2023-09-17,West,Online,Night Repair Cream 50ml,32,680.0,38.8,218.01,Nidhi C,2023,September,3,21760.0,8442.88,13317.12,6976.32,6340.800000000001,47.61389850057671
BT-03366,2023-09-17,Central,General Trade,Mascara,9,450.0,7.9,166.77,Sunita P,2023,September,3,4050.0,319.95,3730.05,1500.93,2229.12,59.76112920738327
BT-03426,2023-09-17,West,Pharmacy,Mascara,25,350.0,36.5,154.03,Rahul D,2023,September,3,8750.0,3193.75,5556.25,3850.75,1705.5,30.69516310461192
BT-03638,2023-09-17,Central,Modern Trade,Matte Lipstick,51,380.0,9.6,137.52,Vikram N,2023,September,3,19380.0,1860.48,17519.52,7013.52,10506.0,59.96739636702375
BT-03886,2023-09-17,Central,Pharmacy,Under Eye Cream 15ml,36,630.0,7.9,190.83,Vikram N,2023,September,3,22680.0,1791.72,20888.28,6869.88,14018.399999999998,67.11131792565017
BT-04074,2023-09-17,South,Salon Wholesale,Hair Serum 100ml,31,590.0,16.4,201.19,Anand V,2023,September,3,18290.0,2999.5599999999995,15290.44,6236.89,9053.55,59.210526315789465
BT-00156,2023-09-18,Central,Modern Trade,Face Wash 100ml,21,190.0,11.0,62.61,Suresh K,2023,September,3,3990.0,438.9,3551.1,1314.81,2236.29,62.974571259609704
BT-00568,2023-09-18,West,Modern Trade,Mascara,2,480.0,36.6,211.34,Rahul D,2023,September,3,960.0,351.36,608.64,422.68,185.95999999999998,30.553364879074657
BT-00988,2023-09-18,West,General Trade,Hydrating Moisturiser 50ml,31,370.0,27.4,130.98,Rahul D,2023,September,3,11470.0,3142.7799999999997,8327.220000000001,4060.3799999999997,4266.840000000002,51.23966942148762
BT-01058,2023-09-18,East,General Trade,Lip Gloss,60,190.0,9.1,60.63,Sneha B,2023,September,3,11400.0,1037.3999999999999,10362.6,3637.8,6724.8,64.89491054368595
BT-01215,2023-09-18,North,Pharmacy,Lip Gloss,23,270.0,10.7,89.45,Deepa S,2023,September,3,6210.0,664.47,5545.53,2057.35,3488.18,62.90075069470367
BT-01560,2023-09-18,West,General Trade,Rose Water Toner 200ml,9,230.0,30.7,67.25,Rahul D,2023,September,3,2070.0,635.49,1434.51,605.25,829.26,57.80789259050129
BT-01954,2023-09-18,Central,Modern Trade,Blush Palette,53,670.0,8.4,267.26,Suresh K,2023,September,3,35510.0,2982.84,32527.16,14164.779999999999,18362.38,56.45245388776641
BT-02581,2023-09-18,North,Online,Lip Gloss,41,330.0,10.7,110.12,Rohit K,2023,September,3,13530.0,1447.71,12082.29,4514.92,7567.370000000001,62.63191828701348
BT-02873,2023-09-18,East,Salon Wholesale,Face Wash 100ml,48,230.0,12.2,68.52,Sneha B,2023,September,3,11040.0,1346.8799999999999,9693.12,3288.96,6404.160000000001,66.06912944438943
BT-03178,2023-09-18,East,Salon Wholesale,Hair Serum 100ml,9,610.0,10.8,259.49,Sneha B,2023,September,3,5490.0,592.9200000000001,4897.08,2335.41,2561.67,52.31015217231493
BT-03679,2023-09-18,North,Online,BB Cream 30ml,13,460.0,10.7,154.74,Deepa S,2023,September,3,5980.0,639.86,5340.14,2011.6200000000001,3328.5200000000004,62.33020108087054
BT-03847,2023-09-18,Central,Modern Trade,Eyeshadow Palette 9-shade,50,830.0,10.8,369.27,Sunita P,2023,September,3,41500.0,4482.000000000001,37018.0,18463.5,18554.5,50.12291317737317
BT-04265,2023-09-18,North,Modern Trade,Vitamin C Face Serum 30ml,27,740.0,8.4,221.7,Deepa S,2023,September,3,19980.0,1678.3200000000002,18301.68,5985.9,12315.78,67.2931665289744
BT-04333,2023-09-18,East,Pharmacy,Micellar Cleansing Water,38,320.0,13.1,104.7,Meena G,2023,September,3,12160.0,1592.96,10567.04,3978.6,6588.4400000000005,62.34896432681243
BT-00587,2023-09-19,South,Online,Perfume 100ml EDP,10,2620.0,26.6,1251.31,Priya R,2023,September,3,26200.0,6969.200000000001,19230.8,12513.099999999999,6717.700000000001,34.93198410882543
BT-00640,2023-09-19,Central,Salon Wholesale,Nail Polish Set (12pc),5,530.0,4.0,247.46,Sunita P,2023,September,3,2650.0,106.0,2544.0,1237.3,1306.7,51.36399371069182
BT-00923,2023-09-19,South,Pharmacy,Hydrating Moisturiser 50ml,20,400.0,23.4,124.44,Anand V,2023,September,3,8000.0,1872.0,6128.0,2488.8,3639.2,59.38642297650131
BT-01061,2023-09-19,East,Pharmacy,Mascara,58,440.0,6.6,157.17,Meena G,2023,September,3,25520.0,1684.3200000000002,23835.68,9115.859999999999,14719.820000000002,61.755401985594716
BT-01654,2023-09-19,North,Online,Matte Lipstick,15,310.0,9.7,110.36,Deepa S,2023,September,3,4650.0,451.04999999999995,4198.95,1655.4,2543.5499999999997,60.57585825027685
BT-02004,2023-09-19,Central,Modern Trade,Rose Water Toner 200ml,58,290.0,10.8,71.46,Sunita P,2023,September,3,16820.0,1816.5600000000002,15003.44,4144.679999999999,10858.760000000002,72.37513530230402
BT-02112,2023-09-19,Central,General Trade,Hair Serum 100ml,28,540.0,6.9,195.26,Suresh K,2023,September,3,15120.0,1043.2800000000002,14076.72,5467.28,8609.439999999999,61.16083860444762
BT-02628,2023-09-19,West,Pharmacy,Kajal Eye Pencil,39,230.0,23.1,71.09,Rahul D,2023,September,3,8970.0,2072.07,6897.93,2772.51,4125.42,59.806637643466956
BT-02714,2023-09-19,North,Salon Wholesale,Compact Powder,41,450.0,12.7,162.18,Rohit K,2023,September,3,18450.0,2343.15,16106.85,6649.38,9457.470000000001,58.71706758304697
BT-02767,2023-09-19,Central,Modern Trade,Under Eye Cream 15ml,32,790.0,6.2,249.8,Suresh K,2023,September,3,25280.0,1567.36,23712.64,7993.6,15719.039999999999,66.28970877979002
BT-03747,2023-09-19,Central,Salon Wholesale,Under Eye Cream 15ml,54,690.0,8.9,218.38,Sunita P,2023,September,3,37260.0,3316.1400000000003,33943.86,11792.52,22151.34,65.25875371864012
BT-04138,2023-09-19,West,Modern Trade,Perfume 100ml EDP,51,1680.0,38.2,676.03,Priya S,2023,September,3,85680.0,32729.760000000002,52950.24,34477.53,18472.71,34.886924025273544
BT-04592,2023-09-19,South,Modern Trade,Blush Palette,18,520.0,20.5,222.92,Priya R,2023,September,3,9360.0,1918.8,7441.2,4012.56,3428.64,46.07643928398645
BT-04938,2023-09-19,Central,Modern Trade,Matte Lipstick,31,330.0,8.4,102.86,Suresh K,2023,September,3,10230.0,859.32,9370.68,3188.66,6182.02,65.97194653963213
BT-00112,2023-09-20,West,Online,Compact Powder,14,350.0,26.9,119.28,Nidhi C,2023,September,3,4900.0,1318.1,3581.9,1669.92,1911.98,53.378932968536255
BT-00465,2023-09-20,South,Pharmacy,BB Cream 30ml,47,670.0,29.5,219.29,Priya R,2023,September,3,31490.0,9289.55,22200.45,10306.63,11893.820000000002,53.57467979252674
BT-00616,2023-09-20,South,Online,Nail Polish Set (12pc),23,620.0,15.4,267.41,Kiran T,2023,September,3,14260.0,2196.04,12063.96,6150.43,5913.529999999999,49.018149927552805
BT-01629,2023-09-20,West,General Trade,Hair Serum 100ml,58,400.0,35.3,166.12,Priya S,2023,September,3,23200.0,8189.599999999999,15010.400000000001,9634.960000000001,5375.4400000000005,35.81143740340031
BT-01630,2023-09-20,Central,Modern Trade,Perfume 100ml EDP,37,1870.0,7.1,917.98,Vikram N,2023,September,3,69190.0,4912.49,64277.51,33965.26,30312.25,47.15840734963131
BT-02015,2023-09-20,Central,Pharmacy,Night Repair Cream 50ml,44,1020.0,12.5,382.3,Suresh K,2023,September,3,44880.0,5610.0,39270.0,16821.2,22448.8,57.16526610644258
BT-02073,2023-09-20,South,Salon Wholesale,Blush Palette,40,700.0,24.6,326.97,Kiran T,2023,September,3,28000.0,6888.000000000001,21112.0,13078.800000000001,8033.199999999999,38.05039787798408
BT-02408,2023-09-20,West,General Trade,Mascara,38,370.0,35.3,146.89,Priya S,2023,September,3,14060.0,4963.179999999999,9096.82,5581.82,3515.0,38.639876352395675
BT-02812,2023-09-20,Central,Modern Trade,Compact Powder,32,330.0,8.9,123.95,Sunita P,2023,September,3,10560.0,939.8400000000001,9620.16,3966.4,5653.76,58.76991650866514
BT-03125,2023-09-20,East,Online,Rose Water Toner 200ml,60,270.0,15.5,61.16,Sneha B,2023,September,3,16200.0,2511.0,13689.0,3669.6,10019.4,73.19307473153627
BT-03145,2023-09-20,East,Pharmacy,Matte Lipstick,50,420.0,13.6,164.77,Meena G,2023,September,3,21000.0,2856.0,18144.0,8238.5,9905.5,54.59380511463845
BT-03500,2023-09-20,South,Salon Wholesale,Perfume 100ml EDP,23,1320.0,12.8,593.74,Anand V,2023,September,3,30360.0,3886.08,26473.92,13656.02,12817.899999999998,48.41708368084514
BT-04165,2023-09-20,South,General Trade,Rose Water Toner 200ml,2,300.0,29.6,73.08,Priya R,2023,September,3,600.0,177.60000000000002,422.4,146.16,276.24,65.39772727272728
BT-04750,2023-09-20,South,Modern Trade,Under Eye Cream 15ml,45,900.0,17.5,302.04,Anand V,2023,September,3,40500.0,7087.5,33412.5,13591.800000000001,19820.699999999997,59.321212121212106
BT-00054,2023-09-21,North,Modern Trade,Blush Palette,32,560.0,7.6,249.65,Deepa S,2023,September,3,17920.0,1361.92,16558.08,7988.8,8569.280000000002,51.752860235003105
BT-00693,2023-09-21,West,General Trade,Kajal Eye Pencil,11,170.0,39.7,42.87,Nidhi C,2023,September,3,1870.0,742.39,1127.6100000000001,471.57,656.0400000000002,58.17968978636232
BT-00924,2023-09-21,South,General Trade,Vitamin C Face Serum 30ml,34,620.0,25.8,209.68,Priya R,2023,September,3,21080.0,5438.64,15641.36,7129.12,8512.240000000002,54.42135466481176
BT-01091,2023-09-21,Central,Online,Mascara,32,400.0,11.8,168.16,Sunita P,2023,September,3,12800.0,1510.4,11289.6,5381.12,5908.4800000000005,52.33560090702948
BT-01148,2023-09-21,South,Pharmacy,Rose Water Toner 200ml,15,310.0,21.4,86.92,Kiran T,2023,September,3,4650.0,995.1,3654.9,1303.8,2351.1000000000004,64.32734137732908
BT-01599,2023-09-21,West,Salon Wholesale,Hydrating Moisturiser 50ml,11,440.0,27.0,148.81,Nidhi C,2023,September,3,4840.0,1306.8000000000002,3533.2,1636.91,1896.2899999999997,53.67061021170609
BT-01914,2023-09-21,East,Pharmacy,Night Repair Cream 50ml,44,1150.0,13.6,372.6,Pooja N,2023,September,3,50600.0,6881.6,43718.4,16394.4,27324.0,62.5
BT-02511,2023-09-21,East,Salon Wholesale,Hydrating Moisturiser 50ml,24,510.0,17.0,185.08,Meena G,2023,September,3,12240.0,2080.8,10159.2,4441.92,5717.280000000001,56.276872194660996
BT-02556,2023-09-21,South,Online,Hair Serum 100ml,49,650.0,31.9,278.0,Priya R,2023,September,3,31850.0,10160.15,21689.85,13622.0,8067.8499999999985,37.196430588501066
BT-02616,2023-09-21,North,Pharmacy,Night Repair Cream 50ml,14,1150.0,8.6,426.88,Anjali M,2023,September,3,16100.0,1384.6,14715.4,5976.32,8739.08,59.38730853391685
BT-02816,2023-09-21,North,Online,Under Eye Cream 15ml,31,860.0,7.8,321.55,Rohit K,2023,September,3,26660.0,2079.48,24580.52,9968.050000000001,14612.47,59.44735912828533
BT-03268,2023-09-21,South,Modern Trade,Matte Lipstick,31,430.0,16.2,142.59,Anand V,2023,September,3,13330.0,2159.46,11170.54,4420.29,6750.250000000001,60.42903924071711
BT-03590,2023-09-21,Central,Pharmacy,Eyeshadow Palette 9-shade,58,600.0,5.4,268.68,Sunita P,2023,September,3,34800.0,1879.2000000000003,32920.8,15583.44,17337.36,52.66384778012685
BT-03600,2023-09-21,South,Online,Under Eye Cream 15ml,28,590.0,22.6,188.33,Anand V,2023,September,3,16520.0,3733.52,12786.48,5273.240000000001,7513.239999999999,58.75925195988262
BT-03712,2023-09-21,Central,Pharmacy,Nail Polish Set (12pc),34,450.0,7.4,215.82,Vikram N,2023,September,3,15300.0,1132.2,14167.8,7337.88,6829.919999999999,48.207343412526996
BT-03750,2023-09-21,South,Modern Trade,Compact Powder,23,320.0,21.9,117.38,Kiran T,2023,September,3,7360.0,1611.8399999999997,5748.16,2699.74,3048.42,53.03297055057619
BT-03751,2023-09-21,Central,Online,Lip Gloss,34,290.0,10.1,94.63,Sunita P,2023,September,3,9860.0,995.8599999999999,8864.14,3217.42,5646.719999999999,63.70296498024624
BT-04823,2023-09-21,East,Pharmacy,Hair Oil 200ml,47,220.0,4.1,73.41,Pooja N,2023,September,3,10340.0,423.93999999999994,9916.06,3450.27,6465.789999999999,65.20523272348089
BT-00283,2023-09-22,East,Online,Night Repair Cream 50ml,26,1110.0,7.5,439.89,Pooja N,2023,September,3,28860.0,2164.5,26695.5,11437.14,15258.36,57.15704894083272
BT-00292,2023-09-22,East,Salon Wholesale,Hair Oil 200ml,54,320.0,10.9,108.48,Pooja N,2023,September,3,17280.0,1883.52,15396.48,5857.92,9538.56,61.95286195286195
BT-00368,2023-09-22,West,Pharmacy,Lip Gloss,6,240.0,36.5,73.18,Priya S,2023,September,3,1440.0,525.6,914.4,439.08000000000004,475.31999999999994,51.98162729658792
BT-00880,2023-09-22,Central,Online,Hydrating Moisturiser 50ml,41,390.0,9.0,128.82,Suresh K,2023,September,3,15990.0,1439.1,14550.9,5281.62,9269.279999999999,63.70245139475909
BT-01027,2023-09-22,Central,Online,Compact Powder,10,380.0,5.8,136.04,Vikram N,2023,September,3,3800.0,220.39999999999998,3579.6,1360.3999999999999,2219.2,61.995753715498935
BT-01149,2023-09-22,Central,Modern Trade,Perfume 100ml EDP,53,1540.0,4.0,712.25,Sunita P,2023,September,3,81620.0,3264.8,78355.2,37749.25,40605.95,51.822916666666664
BT-01750,2023-09-22,Central,Pharmacy,Vitamin C Face Serum 30ml,54,750.0,12.3,211.5,Suresh K,2023,September,3,40500.0,4981.500000000001,35518.5,11421.0,24097.5,67.84492588369442
BT-02144,2023-09-22,Central,General Trade,Rose Water Toner 200ml,11,310.0,11.3,73.04,Suresh K,2023,September,3,3410.0,385.33,3024.67,803.44,2221.23,73.4371022293341
BT-02237,2023-09-22,North,Pharmacy,Night Repair Cream 50ml,46,920.0,10.2,325.59,Anjali M,2023,September,3,42320.0,4316.639999999999,38003.36,14977.14,23026.22,60.58995836157646
BT-02289,2023-09-22,West,Online,Nail Polish Set (12pc),16,410.0,35.9,178.6,Nidhi C,2023,September,3,6560.0,2355.04,4204.96,2857.6,1347.3600000000001,32.042159735169896
BT-03327,2023-09-22,Central,Salon Wholesale,Hair Serum 100ml,51,640.0,4.5,248.83,Sunita P,2023,September,3,32640.0,1468.8,31171.2,12690.33,18480.870000000003,59.28828534031414
BT-03353,2023-09-22,North,General Trade,SPF 50 Sunscreen 100g,44,460.0,10.2,162.93,Rohit K,2023,September,3,20240.0,2064.48,18175.52,7168.92,11006.6,60.55727704076692
BT-03789,2023-09-22,East,Modern Trade,Kajal Eye Pencil,45,140.0,9.8,40.43,Sneha B,2023,September,3,6300.0,617.4,5682.6,1819.35,3863.2500000000005,67.98384542286982
BT-04040,2023-09-22,West,Salon Wholesale,Rose Water Toner 200ml,5,310.0,30.4,72.85,Nidhi C,2023,September,3,1550.0,471.2,1078.8,364.25,714.55,66.23563218390804
BT-04077,2023-09-22,West,Salon Wholesale,Compact Powder,49,450.0,23.0,175.77,Rahul D,2023,September,3,22050.0,5071.5,16978.5,8612.730000000001,8365.769999999999,49.27272727272726
BT-04146,2023-09-22,South,Online,Hair Serum 100ml,38,390.0,20.8,141.26,Anand V,2023,September,3,14820.0,3082.5600000000004,11737.439999999999,5367.879999999999,6369.5599999999995,54.267029267029265
BT-04152,2023-09-22,West,General Trade,SPF 50 Sunscreen 100g,5,430.0,38.1,161.42,Priya S,2023,September,3,2150.0,819.15,1330.85,807.0999999999999,523.75,39.354547845361985
BT-04553,2023-09-22,West,General Trade,Nail Polish Set (12pc),36,670.0,25.2,316.24,Rahul D,2023,September,3,24120.0,6078.24,18041.760000000002,11384.64,6657.120000000003,36.89839572192514
BT-04626,2023-09-22,West,Pharmacy,Under Eye Cream 15ml,52,790.0,37.8,259.44,Nidhi C,2023,September,3,41080.0,15528.239999999998,25551.760000000002,13490.88,12060.880000000003,47.201758313321676
BT-00133,2023-09-23,Central,Salon Wholesale,Nail Polish Set (12pc),12,500.0,6.0,202.35,Vikram N,2023,September,3,6000.0,360.0,5640.0,2428.2,3211.8,56.946808510638306
BT-00436,2023-09-23,South,Modern Trade,Under Eye Cream 15ml,2,610.0,22.0,202.52,Kiran T,2023,September,3,1220.0,268.4,951.6,405.04,546.56,57.43589743589743
BT-00715,2023-09-23,Central,General Trade,Hair Oil 200ml,15,320.0,7.7,107.97,Vikram N,2023,September,3,4800.0,369.6,4430.4,1619.55,2810.8499999999995,63.44460996749729
BT-01408,2023-09-23,East,Online,Vitamin C Face Serum 30ml,15,660.0,15.2,202.09,Meena G,2023,September,3,9900.0,1504.8,8395.2,3031.35,5363.85,63.891866781017725
BT-01512,2023-09-23,East,Modern Trade,Face Wash 100ml,48,200.0,13.2,63.6,Sneha B,2023,September,3,9600.0,1267.2,8332.8,3052.8,5279.999999999999,63.36405529953917
BT-02829,2023-09-23,South,Salon Wholesale,Micellar Cleansing Water,26,340.0,17.3,103.26,Kiran T,2023,September,3,8840.0,1529.3200000000002,7310.68,2684.76,4625.92,63.27619318585958
BT-03103,2023-09-23,West,Online,Matte Lipstick,55,410.0,31.4,148.99,Nidhi C,2023,September,3,22550.0,7080.7,15469.3,8194.45,7274.8499999999985,47.0276612387115
BT-03230,2023-09-23,West,Modern Trade,Vitamin C Face Serum 30ml,28,750.0,26.5,232.95,Rahul D,2023,September,3,21000.0,5565.0,15435.0,6522.599999999999,8912.400000000001,57.741496598639465
BT-03367,2023-09-23,North,Pharmacy,Blush Palette,26,660.0,10.8,308.35,Rohit K,2023,September,3,17160.0,1853.2800000000002,15306.72,8017.1,7289.619999999999,47.623658105720885
BT-03528,2023-09-23,East,Online,Hydrating Moisturiser 50ml,24,590.0,7.9,226.97,Sneha B,2023,September,3,14160.0,1118.64,13041.36,5447.28,7594.080000000001,58.230736671635476
BT-03660,2023-09-23,North,Pharmacy,Vitamin C Face Serum 30ml,13,560.0,9.1,165.2,Anjali M,2023,September,3,7280.0,662.48,6617.52,2147.6,4469.92,67.54675467546754
BT-04266,2023-09-23,North,Modern Trade,Perfume 100ml EDP,55,2750.0,12.6,1256.75,Anjali M,2023,September,3,151250.0,19057.5,132192.5,69121.25,63071.25,47.7116704805492
BT-04509,2023-09-23,North,General Trade,Hydrating Moisturiser 50ml,45,440.0,9.9,150.17,Deepa S,2023,September,3,19800.0,1960.2,17839.8,6757.65,11082.15,62.12037130461104
BT-00733,2023-09-24,Central,Online,BB Cream 30ml,52,590.0,6.4,216.47,Sunita P,2023,September,3,30680.0,1963.52,28716.48,11256.44,17460.04,60.80146313197161
BT-00983,2023-09-24,West,General Trade,Nail Polish Set (12pc),2,610.0,30.1,256.99,Nidhi C,2023,September,3,1220.0,367.21999999999997,852.78,513.98,338.79999999999995,39.72888669996951
BT-01304,2023-09-24,South,Salon Wholesale,Hydrating Moisturiser 50ml,56,390.0,20.4,128.35,Priya R,2023,September,3,21840.0,4455.36,17384.64,7187.599999999999,10197.04,58.655456771034665
BT-01685,2023-09-24,Central,Pharmacy,Hair Oil 200ml,22,310.0,13.6,117.74,Suresh K,2023,September,3,6820.0,927.5200000000001,5892.48,2590.2799999999997,3302.2,56.040919952210274
BT-01719,2023-09-24,Central,Online,Mascara,47,530.0,10.7,217.09,Vikram N,2023,September,3,24910.0,2665.37,22244.63,10203.23,12041.400000000001,54.13171628388515
BT-02290,2023-09-24,East,Modern Trade,Perfume 100ml EDP,34,1950.0,8.6,900.9,Sneha B,2023,September,3,66300.0,5701.799999999999,60598.2,30630.6,29967.6,49.45295404814004
BT-03224,2023-09-24,East,Modern Trade,Nail Polish Set (12pc),7,400.0,9.1,180.76,Meena G,2023,September,3,2800.0,254.79999999999998,2545.2,1265.32,1279.8799999999999,50.28602860286029
BT-04310,2023-09-24,West,General Trade,Nail Polish Set (12pc),49,670.0,37.5,310.01,Nidhi C,2023,September,3,32830.0,12311.25,20518.75,15190.49,5328.26,25.967761194029855
BT-04403,2023-09-24,West,General Trade,Rose Water Toner 200ml,39,260.0,38.8,59.77,Priya S,2023,September,3,10140.0,3934.3199999999997,6205.68,2331.03,3874.65,62.43715434891905
BT-04426,2023-09-24,Central,General Trade,Rose Water Toner 200ml,8,270.0,12.9,70.25,Suresh K,2023,September,3,2160.0,278.64,1881.3600000000001,562.0,1319.3600000000001,70.12799251605222
BT-04429,2023-09-24,South,Online,Face Wash 100ml,45,210.0,20.0,69.01,Kiran T,2023,September,3,9450.0,1890.0,7560.0,3105.4500000000003,4454.549999999999,58.92261904761904
BT-00091,2023-09-25,North,Modern Trade,BB Cream 30ml,45,450.0,12.4,175.54,Anjali M,2023,September,3,20250.0,2511.0,17739.0,7899.299999999999,9839.7,55.46930492135972
BT-00577,2023-09-25,East,Modern Trade,Face Wash 100ml,10,260.0,14.8,66.2,Sneha B,2023,September,3,2600.0,384.80000000000007,2215.2,662.0,1553.1999999999998,70.11556518598772
BT-01095,2023-09-25,North,Salon Wholesale,Hair Oil 200ml,13,220.0,11.7,76.76,Deepa S,2023,September,3,2860.0,334.62,2525.38,997.8800000000001,1527.5,60.48594666941213
BT-01371,2023-09-25,East,Modern Trade,Face Wash 100ml,24,250.0,10.8,66.1,Sneha B,2023,September,3,6000.0,648.0000000000001,5352.0,1586.3999999999999,3765.6000000000004,70.35874439461884
BT-01557,2023-09-25,East,Pharmacy,SPF 50 Sunscreen 100g,7,500.0,13.6,212.05,Pooja N,2023,September,3,3500.0,476.00000000000006,3024.0,1484.3500000000001,1539.6499999999999,50.91435185185185
BT-02860,2023-09-25,Central,Salon Wholesale,SPF 50 Sunscreen 100g,16,550.0,12.1,239.85,Vikram N,2023,September,3,8800.0,1064.8,7735.2,3837.6,3897.6,50.387837418554135
BT-03393,2023-09-25,North,Online,Blush Palette,3,520.0,11.9,200.77,Anjali M,2023,September,3,1560.0,185.64000000000001,1374.36,602.3100000000001,772.0499999999998,56.17523792892691
BT-03748,2023-09-25,East,General Trade,Nail Polish Set (12pc),52,520.0,9.2,236.76,Pooja N,2023,September,3,27040.0,2487.68,24552.32,12311.52,12240.8,49.8559810233819
BT-03935,2023-09-25,Central,General Trade,SPF 50 Sunscreen 100g,20,400.0,7.3,154.8,Sunita P,2023,September,3,8000.0,584.0,7416.0,3096.0,4320.0,58.252427184466015
BT-03992,2023-09-25,West,General Trade,Rose Water Toner 200ml,27,260.0,30.5,63.41,Priya S,2023,September,3,7020.0,2141.1,4878.9,1712.07,3166.83,64.90868843386829
BT-04232,2023-09-25,North,Online,Nail Polish Set (12pc),26,580.0,6.3,262.97,Deepa S,2023,September,3,15080.0,950.04,14129.96,6837.220000000001,7292.739999999998,51.611894159643754
BT-04435,2023-09-25,East,Pharmacy,Blush Palette,43,750.0,8.3,336.3,Meena G,2023,September,3,32250.0,2676.75,29573.25,14460.9,15112.35,51.10141766630316
BT-04457,2023-09-25,West,General Trade,Face Wash 100ml,27,270.0,29.3,87.29,Nidhi C,2023,September,3,7290.0,2135.97,5154.030000000001,2356.8300000000004,2797.2000000000003,54.27209387605427
BT-04476,2023-09-25,West,Modern Trade,Face Wash 100ml,40,320.0,36.2,92.0,Nidhi C,2023,September,3,12800.0,4633.6,8166.4,3680.0,4486.4,54.937304075235105
BT-04704,2023-09-25,East,Modern Trade,Hair Oil 200ml,47,270.0,12.1,100.39,Sneha B,2023,September,3,12690.0,1535.49,11154.51,4718.33,6436.18,57.700248598997185
BT-04846,2023-09-25,Central,Salon Wholesale,Micellar Cleansing Water,11,330.0,6.7,107.68,Vikram N,2023,September,3,3630.0,243.21,3386.79,1184.48,2202.31,65.02647049270843
BT-00036,2023-09-26,Central,Modern Trade,SPF 50 Sunscreen 100g,34,320.0,9.5,117.86,Suresh K,2023,September,3,10880.0,1033.6,9846.4,4007.24,5839.16,59.302486187845304
BT-00297,2023-09-26,Central,Modern Trade,Face Wash 100ml,20,290.0,7.7,93.23,Suresh K,2023,September,3,5800.0,446.59999999999997,5353.4,1864.6000000000001,3488.7999999999993,65.16979863264466
BT-00583,2023-09-26,East,General Trade,BB Cream 30ml,18,620.0,6.8,244.34,Meena G,2023,September,3,11160.0,758.8800000000001,10401.119999999999,4398.12,6002.999999999999,57.71493839125017
BT-00978,2023-09-26,North,Online,Matte Lipstick,28,490.0,13.1,170.52,Rohit K,2023,September,3,13720.0,1797.3200000000002,11922.68,4774.56,7148.12,59.95397008055235
BT-01177,2023-09-26,East,General Trade,Micellar Cleansing Water,17,290.0,5.1,96.89,Pooja N,2023,September,3,4930.0,251.42999999999998,4678.57,1647.13,3031.4399999999996,64.79415718905562
BT-01344,2023-09-26,South,Online,Hydrating Moisturiser 50ml,20,550.0,13.5,218.57,Anand V,2023,September,3,11000.0,1485.0,9515.0,4371.4,5143.6,54.0578034682081
BT-01460,2023-09-26,East,Online,Micellar Cleansing Water,44,420.0,10.8,134.36,Sneha B,2023,September,3,18480.0,1995.8400000000001,16484.16,5911.84,10572.32,64.1362374546231
BT-02482,2023-09-26,Central,Modern Trade,Vitamin C Face Serum 30ml,56,550.0,12.6,162.36,Vikram N,2023,September,3,30800.0,3880.8,26919.2,9092.16,17827.04,66.22425629290618
BT-02927,2023-09-26,Central,Pharmacy,Nail Polish Set (12pc),40,420.0,8.3,172.66,Sunita P,2023,September,3,16800.0,1394.4,15405.6,6906.4,8499.2,55.16954873552474
BT-03240,2023-09-26,Central,General Trade,SPF 50 Sunscreen 100g,48,540.0,8.2,191.97,Sunita P,2023,September,3,25920.0,2125.4399999999996,23794.56,9214.56,14580.000000000002,61.274509803921575
BT-03495,2023-09-26,East,Pharmacy,Kajal Eye Pencil,46,200.0,12.0,67.2,Meena G,2023,September,3,9200.0,1104.0,8096.0,3091.2000000000003,5004.799999999999,61.818181818181806
BT-04554,2023-09-26,West,Salon Wholesale,Compact Powder,24,400.0,27.0,140.04,Nidhi C,2023,September,3,9600.0,2592.0,7008.0,3360.96,3647.04,52.04109589041096
BT-00033,2023-09-27,North,Online,Vitamin C Face Serum 30ml,49,760.0,7.5,265.77,Deepa S,2023,September,3,37240.0,2793.0,34447.0,13022.73,21424.27,62.19487908961593
BT-00118,2023-09-27,West,Pharmacy,Perfume 100ml EDP,16,2240.0,29.6,1020.77,Priya S,2023,September,3,35840.0,10608.640000000001,25231.36,16332.32,8899.04,35.26975953733766
BT-00875,2023-09-27,West,General Trade,Mascara,35,520.0,35.0,199.89,Rahul D,2023,September,3,18200.0,6370.0,11830.0,6996.15,4833.85,40.86094674556213
BT-01634,2023-09-27,Central,Online,Matte Lipstick,30,430.0,10.5,138.85,Suresh K,2023,September,3,12900.0,1354.5,11545.5,4165.5,7380.0,63.921008185007146
BT-01923,2023-09-27,East,General Trade,Micellar Cleansing Water,27,390.0,7.6,127.1,Pooja N,2023,September,3,10530.0,800.28,9729.72,3431.7,6298.0199999999995,64.72971472971473
BT-01946,2023-09-27,East,General Trade,Vitamin C Face Serum 30ml,15,580.0,13.4,196.04,Pooja N,2023,September,3,8700.0,1165.8000000000002,7534.2,2940.6,4593.6,60.96997690531178
BT-02584,2023-09-27,North,Pharmacy,BB Cream 30ml,8,440.0,9.5,174.9,Deepa S,2023,September,3,3520.0,334.4,3185.6,1399.2,1786.3999999999999,56.07734806629834
BT-02656,2023-09-27,West,Online,Vitamin C Face Serum 30ml,36,610.0,31.7,209.05,Nidhi C,2023,September,3,21960.0,6961.32,14998.68,7525.8,7472.88,49.82358447543383
BT-02669,2023-09-27,South,General Trade,Rose Water Toner 200ml,58,270.0,22.6,71.6,Priya R,2023,September,3,15660.0,3539.1600000000003,12120.84,4152.799999999999,7968.040000000001,65.73834816728873
BT-02674,2023-09-27,West,Pharmacy,Kajal Eye Pencil,30,130.0,28.6,34.02,Priya S,2023,September,3,3900.0,1115.4,2784.6,1020.6000000000001,1763.9999999999998,63.348416289592755
BT-02778,2023-09-27,West,Online,Eyeshadow Palette 9-shade,33,960.0,39.8,433.15,Priya S,2023,September,3,31680.0,12608.64,19071.36,14293.949999999999,4777.410000000002,25.050179955703218
BT-03113,2023-09-27,Central,Pharmacy,Micellar Cleansing Water,48,370.0,8.0,114.77,Vikram N,2023,September,3,17760.0,1420.8,16339.2,5508.96,10830.240000000002,66.28378378378379
BT-03931,2023-09-27,North,General Trade,Compact Powder,15,360.0,8.3,137.7,Rohit K,2023,September,3,5400.0,448.20000000000005,4951.8,2065.5,2886.3,58.28789531079608
BT-04891,2023-09-27,West,General Trade,Eyeshadow Palette 9-shade,13,940.0,37.7,463.23,Rahul D,2023,September,3,12220.0,4606.94,7613.06,6021.99,1591.0700000000006,20.899217922885153
BT-00023,2023-09-28,South,Modern Trade,Blush Palette,25,530.0,25.6,202.83,Priya R,2023,September,3,13250.0,3392.0,9858.0,5070.75,4787.25,48.56208155812538
BT-00093,2023-09-28,East,General Trade,SPF 50 Sunscreen 100g,42,430.0,11.6,154.76,Pooja N,2023,September,3,18060.0,2094.96,15965.04,6499.92,9465.12,59.28654109228665
BT-00372,2023-09-28,East,Pharmacy,Compact Powder,39,470.0,13.9,142.6,Pooja N,2023,September,3,18330.0,2547.8700000000003,15782.13,5561.4,10220.73,64.76141053203845
BT-00533,2023-09-28,North,Modern Trade,Kajal Eye Pencil,12,190.0,7.9,57.19,Anjali M,2023,September,3,2280.0,180.12,2099.88,686.28,1413.6000000000001,67.31813246471228
BT-01112,2023-09-28,Central,Pharmacy,Eyeshadow Palette 9-shade,13,740.0,5.7,351.06,Vikram N,2023,September,3,9620.0,548.34,9071.66,4563.78,4507.88,49.69189762402912
BT-01489,2023-09-28,East,General Trade,Compact Powder,35,420.0,7.6,150.99,Sneha B,2023,September,3,14700.0,1117.2,13582.8,5284.650000000001,8298.149999999998,61.093073593073576
BT-01674,2023-09-28,East,Salon Wholesale,Hair Oil 200ml,50,240.0,11.2,74.81,Meena G,2023,September,3,12000.0,1343.9999999999998,10656.0,3740.5,6915.5,64.8977102102102
BT-01787,2023-09-28,East,Modern Trade,Kajal Eye Pencil,22,160.0,7.2,53.95,Meena G,2023,September,3,3520.0,253.44000000000003,3266.56,1186.9,2079.66,63.6651400862069
BT-02185,2023-09-28,Central,Modern Trade,Perfume 100ml EDP,54,1710.0,7.4,740.77,Suresh K,2023,September,3,92340.0,6833.160000000001,85506.84,40001.58,45505.259999999995,53.21826885428113
BT-02875,2023-09-28,South,Pharmacy,Rose Water Toner 200ml,9,270.0,18.5,75.63,Kiran T,2023,September,3,2430.0,449.55,1980.45,680.67,1299.7800000000002,65.6305385139741
BT-03022,2023-09-28,Central,Pharmacy,Under Eye Cream 15ml,55,780.0,11.6,286.03,Suresh K,2023,September,3,42900.0,4976.4,37923.6,15731.649999999998,22191.95,58.51751943380903
BT-03335,2023-09-28,East,General Trade,Hair Oil 200ml,35,300.0,4.5,90.15,Pooja N,2023,September,3,10500.0,472.5,10027.5,3155.25,6872.25,68.53403141361257
BT-03476,2023-09-28,North,Salon Wholesale,Hydrating Moisturiser 50ml,18,560.0,14.3,221.59,Rohit K,2023,September,3,10080.0,1441.44,8638.56,3988.62,4649.94,53.82772128688115
BT-03561,2023-09-28,Central,Salon Wholesale,Lip Gloss,5,230.0,8.2,67.23,Sunita P,2023,September,3,1150.0,94.29999999999998,1055.7,336.15000000000003,719.55,68.15856777493605
BT-03908,2023-09-28,East,Modern Trade,Hair Serum 100ml,13,500.0,8.0,202.2,Pooja N,2023,September,3,6500.0,520.0,5980.0,2628.6,3351.4,56.04347826086956
BT-04162,2023-09-28,North,Salon Wholesale,Perfume 100ml EDP,16,2650.0,8.3,1213.17,Anjali M,2023,September,3,42400.0,3519.2000000000003,38880.8,19410.72,19470.08,50.0763358778626
BT-04286,2023-09-28,East,General Trade,Vitamin C Face Serum 30ml,42,620.0,5.6,212.72,Sneha B,2023,September,3,26040.0,1458.2399999999998,24581.760000000002,8934.24,15647.520000000002,63.65500273373429
BT-04366,2023-09-28,West,Modern Trade,Hair Oil 200ml,50,380.0,29.7,122.09,Nidhi C,2023,September,3,19000.0,5643.0,13357.0,6104.5,7252.5,54.29737216440817
BT-04439,2023-09-28,Central,Modern Trade,Night Repair Cream 50ml,49,760.0,7.4,279.83,Suresh K,2023,September,3,37240.0,2755.76,34484.24,13711.67,20772.57,60.23786518131181
BT-04567,2023-09-28,East,Salon Wholesale,Perfume 100ml EDP,58,1290.0,7.1,632.87,Sneha B,2023,September,3,74820.0,5312.219999999999,69507.78,36706.46,32801.32,47.19086122445574
BT-04767,2023-09-28,South,Online,Vitamin C Face Serum 30ml,36,760.0,22.0,261.06,Kiran T,2023,September,3,27360.0,6019.2,21340.8,9398.16,11942.64,55.96153846153846
BT-00144,2023-09-29,West,Online,Hydrating Moisturiser 50ml,5,520.0,28.5,201.4,Rahul D,2023,September,3,2600.0,740.9999999999999,1859.0,1007.0,852.0,45.83109198493814
BT-00264,2023-09-29,West,Online,Night Repair Cream 50ml,53,960.0,24.4,400.03,Nidhi C,2023,September,3,50880.0,12414.72,38465.28,21201.59,17263.69,44.88122795414462
BT-00612,2023-09-29,North,Modern Trade,Hair Serum 100ml,8,590.0,6.5,243.02,Deepa S,2023,September,3,4720.0,306.8,4413.2,1944.16,2469.04,55.94670533852987
BT-01566,2023-09-29,West,Modern Trade,Rose Water Toner 200ml,44,350.0,31.3,88.06,Priya S,2023,September,3,15400.0,4820.2,10579.8,3874.6400000000003,6705.159999999999,63.377001455604066
BT-01899,2023-09-29,North,Pharmacy,Under Eye Cream 15ml,57,800.0,9.5,289.68,Rohit K,2023,September,3,45600.0,4332.0,41268.0,16511.760000000002,24756.239999999998,59.98895027624309
BT-01978,2023-09-29,South,Modern Trade,Nail Polish Set (12pc),37,490.0,18.5,186.35,Anand V,2023,September,3,18130.0,3354.05,14775.95,6894.95,7881.000000000001,53.33667209214975
BT-02324,2023-09-29,North,Online,Compact Powder,55,360.0,15.0,136.15,Rohit K,2023,September,3,19800.0,2970.0,16830.0,7488.25,9341.75,55.50653594771242
BT-02558,2023-09-29,Central,Modern Trade,Lip Gloss,27,320.0,11.6,111.2,Sunita P,2023,September,3,8640.0,1002.2399999999999,7637.76,3002.4,4635.360000000001,60.690045248868785
BT-02586,2023-09-29,South,Salon Wholesale,BB Cream 30ml,43,550.0,27.1,226.99,Kiran T,2023,September,3,23650.0,6409.150000000001,17240.85,9760.57,7480.279999999999,43.38695597954857
BT-02731,2023-09-29,North,General Trade,Eyeshadow Palette 9-shade,33,730.0,11.3,333.46,Anjali M,2023,September,3,24090.0,2722.17,21367.83,11004.179999999998,10363.650000000003,48.501181448935164
BT-02831,2023-09-29,East,Online,Nail Polish Set (12pc),46,530.0,13.3,211.74,Pooja N,2023,September,3,24380.0,3242.54,21137.46,9740.04,11397.419999999998,53.920480511849576
BT-02890,2023-09-29,Central,General Trade,Face Wash 100ml,9,220.0,7.7,69.98,Vikram N,2023,September,3,1980.0,152.46,1827.54,629.82,1197.7199999999998,65.53727962178667
BT-03450,2023-09-29,West,Modern Trade,Mascara,34,550.0,27.3,203.22,Rahul D,2023,September,3,18700.0,5105.1,13594.9,6909.48,6685.42,49.1759409778667
BT-03576,2023-09-29,North,Online,Compact Powder,3,430.0,10.0,166.15,Anjali M,2023,September,3,1290.0,129.0,1161.0,498.45000000000005,662.55,57.0671834625323
BT-03671,2023-09-29,North,Pharmacy,Blush Palette,3,540.0,7.2,241.16,Anjali M,2023,September,3,1620.0,116.64000000000001,1503.36,723.48,779.8799999999999,51.87579821200511
BT-03713,2023-09-29,West,Salon Wholesale,Hair Serum 100ml,38,460.0,31.2,155.48,Nidhi C,2023,September,3,17480.0,5453.76,12026.24,5908.24,6118.0,50.872093023255815
BT-00473,2023-09-30,Central,Pharmacy,Hair Serum 100ml,43,660.0,6.9,281.69,Suresh K,2023,September,3,28380.0,1958.2200000000003,26421.78,12112.67,14309.109999999999,54.15649513393874
BT-00524,2023-09-30,North,Pharmacy,Kajal Eye Pencil,26,120.0,12.3,41.68,Anjali M,2023,September,3,3120.0,383.76000000000005,2736.24,1083.68,1652.5599999999997,60.39528696313189
BT-00694,2023-09-30,North,Pharmacy,Rose Water Toner 200ml,43,280.0,9.3,69.78,Rohit K,2023,September,3,12040.0,1119.7200000000003,10920.279999999999,3000.54,7919.739999999999,72.52323200504016
BT-00717,2023-09-30,West,Online,Eyeshadow Palette 9-shade,20,690.0,40.3,324.58,Priya S,2023,September,3,13800.0,5561.4,8238.6,6491.599999999999,1747.000000000001,21.205059111985054
BT-00750,2023-09-30,South,Salon Wholesale,Night Repair Cream 50ml,17,1130.0,20.8,463.19,Priya R,2023,September,3,19210.0,3995.6800000000003,15214.32,7874.23,7340.09,48.24461428443729
BT-00977,2023-09-30,West,General Trade,Under Eye Cream 15ml,31,550.0,30.1,173.19,Nidhi C,2023,September,3,17050.0,5132.05,11917.95,5368.89,6549.06,54.95122902848225
BT-02266,2023-09-30,West,Pharmacy,Compact Powder,3,270.0,31.3,98.95,Nidhi C,2023,September,3,810.0,253.53,556.47,296.85,259.62,46.65480618901288
BT-02398,2023-09-30,South,Salon Wholesale,Perfume 100ml EDP,28,2140.0,15.7,915.49,Kiran T,2023,September,3,59920.0,9407.44,50512.56,25633.72,24878.839999999997,49.25277990266183
BT-02525,2023-09-30,North,Modern Trade,Face Wash 100ml,30,200.0,5.0,57.66,Deepa S,2023,September,3,6000.0,300.0,5700.0,1729.8,3970.2,69.65263157894736
BT-02754,2023-09-30,South,Pharmacy,Eyeshadow Palette 9-shade,59,700.0,19.9,314.51,Kiran T,2023,September,3,41300.0,8218.699999999999,33081.3,18556.09,14525.210000000003,43.90761548064919
BT-02842,2023-09-30,West,Salon Wholesale,Eyeshadow Palette 9-shade,7,870.0,22.0,405.42,Rahul D,2023,September,3,6090.0,1339.8,4750.2,2837.94,1912.2599999999998,40.256410256410255
BT-03163,2023-09-30,North,Modern Trade,Under Eye Cream 15ml,2,820.0,7.0,303.32,Anjali M,2023,September,3,1640.0,114.80000000000001,1525.2,606.64,918.5600000000001,60.22554419092578
BT-03252,2023-09-30,South,General Trade,Under Eye Cream 15ml,17,610.0,12.9,224.11,Anand V,2023,September,3,10370.0,1337.73,9032.27,3809.8700000000003,5222.4,57.819352167284634
BT-04177,2023-09-30,Central,Modern Trade,Micellar Cleansing Water,34,370.0,11.7,116.18,Sunita P,2023,September,3,12580.0,1471.86,11108.14,3950.1200000000003,7158.019999999999,64.43941109852773
BT-04596,2023-09-30,East,Modern Trade,Hydrating Moisturiser 50ml,22,530.0,13.4,162.23,Sneha B,2023,September,3,11660.0,1562.44,10097.56,3569.06,6528.5,64.65423329992592
BT-04701,2023-09-30,East,General Trade,Nail Polish Set (12pc),37,640.0,15.8,256.83,Sneha B,2023,September,3,23680.0,3741.44,19938.56,9502.71,10435.850000000002,52.340038598574836
BT-00277,2023-10-01,East,Pharmacy,Matte Lipstick,11,390.0,11.6,151.52,Meena G,2023,October,4,4290.0,497.64,3792.36,1666.72,2125.6400000000003,56.05058591483931
BT-00893,2023-10-01,East,Pharmacy,Micellar Cleansing Water,34,320.0,10.7,93.12,Sneha B,2023,October,4,10880.0,1164.16,9715.84,3166.08,6549.76,67.41321388577828
BT-00954,2023-10-01,Central,General Trade,Perfume 100ml EDP,3,1320.0,8.3,638.22,Sunita P,2023,October,4,3960.0,328.68,3631.32,1914.66,1716.66,47.273718647764454
BT-01037,2023-10-01,North,General Trade,Blush Palette,40,650.0,13.8,306.28,Rohit K,2023,October,4,26000.0,3588.0000000000005,22412.0,12251.199999999999,10160.800000000001,45.33642691415314
BT-01711,2023-10-01,North,Modern Trade,Eyeshadow Palette 9-shade,20,630.0,9.8,303.6,Anjali M,2023,October,4,12600.0,1234.8,11365.2,6072.0,5293.200000000001,46.57375145180024
BT-01942,2023-10-01,South,General Trade,Eyeshadow Palette 9-shade,25,640.0,18.2,261.76,Priya R,2023,October,4,16000.0,2912.0,13088.0,6544.0,6544.0,50.0
BT-02044,2023-10-01,West,Modern Trade,Hair Oil 200ml,11,240.0,31.8,94.2,Priya S,2023,October,4,2640.0,839.52,1800.48,1036.2,764.28,42.448680351906155
BT-02331,2023-10-01,North,Salon Wholesale,Face Wash 100ml,17,320.0,9.6,94.34,Deepa S,2023,October,4,5440.0,522.24,4917.76,1603.78,3313.9800000000005,67.38799778761062
BT-02637,2023-10-01,Central,Modern Trade,Kajal Eye Pencil,8,160.0,5.9,42.58,Vikram N,2023,October,4,1280.0,75.52000000000001,1204.48,340.64,863.84,71.71891604675878
BT-03197,2023-10-01,South,Salon Wholesale,Hair Oil 200ml,50,390.0,18.3,138.41,Kiran T,2023,October,4,19500.0,3568.5,15931.5,6920.5,9011.0,56.56090135894297
BT-03343,2023-10-01,North,Pharmacy,Under Eye Cream 15ml,59,640.0,5.0,234.56,Deepa S,2023,October,4,37760.0,1888.0,35872.0,13839.04,22032.96,61.421052631578945
BT-03432,2023-10-01,North,Online,Matte Lipstick,19,480.0,6.5,170.5,Deepa S,2023,October,4,9120.0,592.8000000000001,8527.2,3239.5,5287.700000000001,62.00980392156863
BT-03444,2023-10-01,North,Salon Wholesale,Rose Water Toner 200ml,45,240.0,11.6,61.97,Rohit K,2023,October,4,10800.0,1252.8,9547.2,2788.65,6758.550000000001,70.7909125188537
BT-03647,2023-10-01,Central,Online,Compact Powder,26,320.0,7.2,103.65,Sunita P,2023,October,4,8320.0,599.0400000000001,7720.96,2694.9,5026.0599999999995,65.09630926724137
BT-03687,2023-10-01,Central,Pharmacy,Kajal Eye Pencil,7,120.0,5.8,33.68,Vikram N,2023,October,4,840.0,48.72,791.28,235.76,555.52,70.20523708421797
BT-03867,2023-10-01,North,Salon Wholesale,Rose Water Toner 200ml,8,340.0,8.3,88.09,Anjali M,2023,October,4,2720.0,225.76000000000002,2494.24,704.72,1789.5199999999998,71.74610302136121
BT-04231,2023-10-01,West,Modern Trade,Face Wash 100ml,56,220.0,24.7,72.36,Rahul D,2023,October,4,12320.0,3043.04,9276.96,4052.16,5224.799999999999,56.320173850054324
BT-04410,2023-10-01,South,General Trade,BB Cream 30ml,45,640.0,31.0,205.38,Priya R,2023,October,4,28800.0,8928.0,19872.0,9242.1,10629.9,53.49184782608696
BT-04436,2023-10-01,South,Modern Trade,Vitamin C Face Serum 30ml,60,760.0,23.9,252.47,Priya R,2023,October,4,45600.0,10898.4,34701.6,15148.2,19553.399999999998,56.347257763330795
BT-00048,2023-10-02,West,Modern Trade,Perfume 100ml EDP,60,2020.0,30.9,887.18,Rahul D,2023,October,4,121200.0,37450.8,83749.2,53230.799999999996,30518.4,36.44022868278145
BT-01078,2023-10-02,East,General Trade,Face Wash 100ml,36,200.0,14.9,57.86,Sneha B,2023,October,4,7200.0,1072.8,6127.2,2082.96,4044.24,66.00470035252644
BT-02638,2023-10-02,North,General Trade,Under Eye Cream 15ml,36,590.0,9.5,177.83,Deepa S,2023,October,4,21240.0,2017.8,19222.2,6401.88,12820.32,66.69538346287105
BT-02865,2023-10-02,Central,Online,Lip Gloss,37,260.0,11.6,88.97,Suresh K,2023,October,4,9620.0,1115.9199999999998,8504.08,3291.89,5212.1900000000005,61.290462930734435
BT-03475,2023-10-02,West,General Trade,Compact Powder,21,420.0,32.5,153.17,Nidhi C,2023,October,4,8820.0,2866.5,5953.5,3216.5699999999997,2736.9300000000003,45.971781305114646
BT-04313,2023-10-02,West,Modern Trade,Blush Palette,54,730.0,34.5,294.63,Nidhi C,2023,October,4,39420.0,13599.9,25820.1,15910.02,9910.079999999998,38.38126111053016
BT-04350,2023-10-02,South,Pharmacy,Hydrating Moisturiser 50ml,24,370.0,13.0,121.92,Anand V,2023,October,4,8880.0,1154.4,7725.6,2926.08,4799.52,62.12488350419385
BT-04478,2023-10-02,East,Salon Wholesale,Lip Gloss,57,200.0,9.3,62.54,Meena G,2023,October,4,11400.0,1060.2,10339.8,3564.7799999999997,6775.0199999999995,65.5237045203969
BT-04677,2023-10-02,North,Pharmacy,Lip Gloss,8,330.0,4.1,110.58,Deepa S,2023,October,4,2640.0,108.23999999999998,2531.76,884.64,1647.1200000000003,65.05829936486872
BT-01308,2023-10-03,West,Pharmacy,Perfume 100ml EDP,56,1700.0,26.5,801.72,Rahul D,2023,October,4,95200.0,25228.0,69972.0,44896.32,25075.68,35.83673469387755
BT-02943,2023-10-03,South,Pharmacy,BB Cream 30ml,15,540.0,24.7,208.82,Anand V,2023,October,4,8100.0,2000.7,6099.3,3132.2999999999997,2967.0000000000005,48.644926466971626
BT-03044,2023-10-03,South,General Trade,Blush Palette,46,790.0,24.9,357.0,Kiran T,2023,October,4,36340.0,9048.66,27291.34,16422.0,10869.34,39.82706602167574
BT-03530,2023-10-03,South,Online,Rose Water Toner 200ml,35,360.0,15.5,90.47,Anand V,2023,October,4,12600.0,1953.0,10647.0,3166.45,7480.55,70.25969756738988
BT-03792,2023-10-03,South,General Trade,Night Repair Cream 50ml,10,960.0,15.5,355.68,Anand V,2023,October,4,9600.0,1488.0,8112.0,3556.8,4555.2,56.15384615384615
BT-03906,2023-10-03,East,Online,Rose Water Toner 200ml,9,280.0,9.8,73.84,Pooja N,2023,October,4,2520.0,246.96,2273.04,664.5600000000001,1608.48,70.76338295850492
BT-04525,2023-10-03,Central,Online,Lip Gloss,24,260.0,12.5,85.33,Suresh K,2023,October,4,6240.0,780.0,5460.0,2047.92,3412.08,62.49230769230769
BT-04740,2023-10-03,West,Salon Wholesale,Compact Powder,4,310.0,29.1,116.56,Nidhi C,2023,October,4,1240.0,360.84000000000003,879.16,466.24,412.91999999999996,46.96755994358251
BT-00232,2023-10-04,West,Online,Compact Powder,37,370.0,30.9,140.16,Nidhi C,2023,October,4,13690.0,4230.21,9459.79,5185.92,4273.870000000001,45.17933273360191
BT-00411,2023-10-04,East,General Trade,Lip Gloss,28,240.0,7.7,81.82,Meena G,2023,October,4,6720.0,517.4399999999999,6202.56,2290.96,3911.6000000000004,63.06428313470567
BT-00622,2023-10-04,West,Modern Trade,Hair Serum 100ml,47,480.0,41.1,174.96,Priya S,2023,October,4,22560.0,9272.16,13287.84,8223.12,5064.719999999999,38.11544991511035
BT-01003,2023-10-04,West,Pharmacy,Micellar Cleansing Water,55,420.0,24.9,140.49,Rahul D,2023,October,4,23100.0,5751.9,17348.1,7726.950000000001,9621.149999999998,55.45938748335551
BT-01127,2023-10-04,North,Online,Perfume 100ml EDP,45,1510.0,8.6,775.23,Anjali M,2023,October,4,67950.0,5843.7,62106.3,34885.35,27220.950000000004,43.82961148868956
BT-01355,2023-10-04,Central,General Trade,BB Cream 30ml,27,490.0,13.4,176.99,Suresh K,2023,October,4,13230.0,1772.8200000000002,11457.18,4778.7300000000005,6678.45,58.290521751425736
BT-01358,2023-10-04,West,Pharmacy,Kajal Eye Pencil,4,200.0,28.0,62.58,Rahul D,2023,October,4,800.0,224.00000000000003,576.0,250.32,325.68,56.54166666666667
BT-01700,2023-10-04,South,Online,Kajal Eye Pencil,6,130.0,23.0,36.95,Priya R,2023,October,4,780.0,179.4,600.6,221.70000000000002,378.9,63.08691308691308
BT-01754,2023-10-04,North,Online,Face Wash 100ml,2,220.0,10.8,57.05,Anjali M,2023,October,4,440.0,47.52,392.48,114.1,278.38,70.92845495311863
BT-01887,2023-10-04,Central,Salon Wholesale,Hydrating Moisturiser 50ml,14,380.0,9.7,134.22,Vikram N,2023,October,4,5320.0,516.04,4803.96,1879.08,2924.88,60.884770064696625
BT-02014,2023-10-04,Central,Pharmacy,Eyeshadow Palette 9-shade,32,800.0,12.5,372.72,Suresh K,2023,October,4,25600.0,3200.0,22400.0,11927.04,10472.96,46.75428571428571
BT-02397,2023-10-04,North,Pharmacy,Rose Water Toner 200ml,59,380.0,9.3,104.92,Rohit K,2023,October,4,22420.0,2085.0600000000004,20334.94,6190.28,14144.66,69.55840538501712
BT-02407,2023-10-04,North,Online,Eyeshadow Palette 9-shade,13,650.0,6.5,319.08,Deepa S,2023,October,4,8450.0,549.25,7900.75,4148.04,3752.71,47.49814890991362
BT-02622,2023-10-04,South,General Trade,Vitamin C Face Serum 30ml,34,750.0,21.5,263.55,Anand V,2023,October,4,25500.0,5482.5,20017.5,8960.7,11056.8,55.23566878980891
BT-03876,2023-10-04,Central,General Trade,Matte Lipstick,9,410.0,5.3,163.22,Vikram N,2023,October,4,3690.0,195.57,3494.43,1468.98,2025.4499999999998,57.962242769206995
BT-04441,2023-10-04,South,Salon Wholesale,Vitamin C Face Serum 30ml,48,700.0,31.2,205.38,Priya R,2023,October,4,33600.0,10483.2,23116.8,9858.24,13258.56,57.354651162790695
BT-00744,2023-10-05,West,Modern Trade,Hair Oil 200ml,13,230.0,25.1,73.28,Rahul D,2023,October,4,2990.0,750.49,2239.51,952.64,1286.8700000000003,57.462123410924725
BT-00960,2023-10-05,Central,Online,Nail Polish Set (12pc),36,640.0,5.5,294.27,Vikram N,2023,October,4,23040.0,1267.2,21772.8,10593.72,11179.08,51.34424603174603
BT-01051,2023-10-05,South,Pharmacy,Kajal Eye Pencil,26,230.0,24.9,59.36,Priya R,2023,October,4,5980.0,1489.02,4490.98,1543.36,2947.62,65.63422682799745
BT-01374,2023-10-05,East,Salon Wholesale,Face Wash 100ml,16,200.0,10.5,64.0,Meena G,2023,October,4,3200.0,336.0,2864.0,1024.0,1840.0,64.24581005586593
BT-01404,2023-10-05,West,General Trade,Under Eye Cream 15ml,2,850.0,37.8,313.4,Priya S,2023,October,4,1700.0,642.5999999999999,1057.4,626.8,430.60000000000014,40.72252695290336
BT-01762,2023-10-05,South,Pharmacy,Lip Gloss,9,210.0,25.2,66.23,Kiran T,2023,October,4,1890.0,476.28000000000003,1413.72,596.07,817.65,57.83677107206518
BT-02120,2023-10-05,Central,Salon Wholesale,Eyeshadow Palette 9-shade,38,630.0,8.0,282.56,Vikram N,2023,October,4,23940.0,1915.2,22024.8,10737.28,11287.519999999999,51.24913733609385
BT-02385,2023-10-05,West,General Trade,Blush Palette,42,760.0,33.2,292.83,Priya S,2023,October,4,31920.0,10597.44,21322.559999999998,12298.859999999999,9023.699999999999,42.319965332492906
BT-02494,2023-10-05,South,Salon Wholesale,Hair Oil 200ml,4,350.0,24.7,128.1,Anand V,2023,October,4,1400.0,345.8,1054.2,512.4,541.8000000000001,51.39442231075697
BT-02504,2023-10-05,West,Modern Trade,Face Wash 100ml,29,230.0,39.7,65.6,Nidhi C,2023,October,4,6670.0,2647.9900000000002,4022.0099999999998,1902.3999999999999,2119.6099999999997,52.70026678203187
BT-02748,2023-10-05,North,General Trade,Eyeshadow Palette 9-shade,11,590.0,10.0,254.53,Rohit K,2023,October,4,6490.0,649.0,5841.0,2799.83,3041.17,52.06591337099812
BT-02763,2023-10-05,North,Modern Trade,Micellar Cleansing Water,37,460.0,10.6,163.21,Anjali M,2023,October,4,17020.0,1804.12,15215.880000000001,6038.77,9177.11,60.31271277113122
BT-02789,2023-10-05,West,Salon Wholesale,Rose Water Toner 200ml,16,360.0,40.9,89.53,Priya S,2023,October,4,5760.0,2355.8399999999997,3404.1600000000003,1432.48,1971.6800000000003,57.919721752209064
BT-02920,2023-10-05,Central,Pharmacy,Perfume 100ml EDP,29,2160.0,9.9,1102.25,Suresh K,2023,October,4,62640.0,6201.360000000001,56438.64,31965.25,24473.39,43.36282731121799
BT-04279,2023-10-05,North,General Trade,Eyeshadow Palette 9-shade,15,920.0,7.3,383.0,Anjali M,2023,October,4,13800.0,1007.4,12792.6,5745.0,7047.6,55.09122461423011
BT-04433,2023-10-05,West,Modern Trade,Nail Polish Set (12pc),39,500.0,38.0,197.7,Rahul D,2023,October,4,19500.0,7410.0,12090.0,7710.299999999999,4379.700000000001,36.22580645161291
BT-04613,2023-10-05,Central,Pharmacy,Nail Polish Set (12pc),35,450.0,4.5,190.75,Sunita P,2023,October,4,15750.0,708.75,15041.25,6676.25,8365.0,55.61372891215824
BT-04707,2023-10-05,West,Salon Wholesale,Mascara,6,420.0,33.9,171.53,Nidhi C,2023,October,4,2520.0,854.28,1665.72,1029.18,636.54,38.214105611987605
BT-00425,2023-10-06,North,General Trade,Micellar Cleansing Water,19,460.0,7.3,138.55,Anjali M,2023,October,4,8740.0,638.02,8101.98,2632.4500000000003,5469.529999999999,67.50855963603958
BT-00686,2023-10-06,East,Modern Trade,Mascara,57,490.0,5.7,180.71,Pooja N,2023,October,4,27930.0,1592.01,26337.99,10300.470000000001,16037.52,60.89120695998441
BT-00695,2023-10-06,South,General Trade,Compact Powder,11,300.0,17.0,93.3,Kiran T,2023,October,4,3300.0,561.0,2739.0,1026.3,1712.7,62.53012048192771
BT-00712,2023-10-06,South,Online,Vitamin C Face Serum 30ml,48,610.0,21.3,215.09,Priya R,2023,October,4,29280.0,6236.639999999999,23043.36,10324.32,12719.04,55.19611723290354
BT-01104,2023-10-06,North,Online,Night Repair Cream 50ml,32,860.0,4.8,283.11,Deepa S,2023,October,4,27520.0,1320.96,26199.04,9059.52,17139.52,65.42041235098691
BT-01285,2023-10-06,West,Modern Trade,Micellar Cleansing Water,36,450.0,38.6,127.17,Rahul D,2023,October,4,16200.0,6253.2,9946.8,4578.12,5368.679999999999,53.97394136807817
BT-01377,2023-10-06,South,Modern Trade,Hydrating Moisturiser 50ml,29,600.0,12.8,215.76,Anand V,2023,October,4,17400.0,2227.2000000000003,15172.8,6257.04,8915.759999999998,58.761467889908246
BT-01469,2023-10-06,North,Modern Trade,Lip Gloss,45,330.0,10.3,114.48,Deepa S,2023,October,4,14850.0,1529.5500000000002,13320.45,5151.6,8168.85,61.32563089084828
BT-01565,2023-10-06,North,Modern Trade,Night Repair Cream 50ml,22,1190.0,9.9,494.33,Anjali M,2023,October,4,26180.0,2591.82,23588.18,10875.26,12712.92,53.89529840793143
BT-01947,2023-10-06,Central,Pharmacy,Eyeshadow Palette 9-shade,23,860.0,11.9,409.45,Vikram N,2023,October,4,19780.0,2353.82,17426.18,9417.35,8008.83,45.95860940263442
BT-02050,2023-10-06,West,Modern Trade,BB Cream 30ml,54,610.0,29.5,227.29,Priya S,2023,October,4,32940.0,9717.3,23222.7,12273.66,10949.04,47.14800604580863
BT-02240,2023-10-06,North,Online,Hair Oil 200ml,42,310.0,6.6,97.81,Anjali M,2023,October,4,13020.0,859.32,12160.68,4108.02,8052.66,66.21882986806659
BT-02435,2023-10-06,East,Salon Wholesale,Mascara,11,470.0,10.0,207.93,Pooja N,2023,October,4,5170.0,517.0,4653.0,2287.23,2365.77,50.843971631205676
BT-03369,2023-10-06,Central,Modern Trade,Lip Gloss,34,310.0,5.6,89.19,Vikram N,2023,October,4,10540.0,590.2399999999999,9949.76,3032.46,6917.3,69.52227993439037
BT-03461,2023-10-06,East,Salon Wholesale,Under Eye Cream 15ml,10,560.0,14.6,199.86,Sneha B,2023,October,4,5600.0,817.5999999999999,4782.4,1998.6000000000001,2783.7999999999993,58.20926731348276
BT-04283,2023-10-06,North,Pharmacy,Under Eye Cream 15ml,51,880.0,11.6,311.61,Deepa S,2023,October,4,44880.0,5206.08,39673.92,15892.11,23781.809999999998,59.94318181818181
BT-04438,2023-10-06,South,Modern Trade,Kajal Eye Pencil,24,130.0,27.2,32.68,Priya R,2023,October,4,3120.0,848.6400000000001,2271.3599999999997,784.3199999999999,1487.0399999999997,65.46914623837701
BT-04532,2023-10-06,West,Salon Wholesale,Rose Water Toner 200ml,9,340.0,32.1,84.25,Rahul D,2023,October,4,3060.0,982.26,2077.74,758.25,1319.4899999999998,63.50602096508706
BT-04578,2023-10-06,Central,Modern Trade,Lip Gloss,5,260.0,4.6,81.46,Sunita P,2023,October,4,1300.0,59.8,1240.2,407.29999999999995,832.9000000000001,67.15852281890018
BT-04585,2023-10-06,South,Online,Face Wash 100ml,53,260.0,12.3,84.89,Anand V,2023,October,4,13780.0,1694.94,12085.06,4499.17,7585.889999999999,62.770809578107176
BT-00415,2023-10-07,West,Pharmacy,Blush Palette,26,560.0,33.3,254.41,Rahul D,2023,October,4,14560.0,4848.48,9711.52,6614.66,3096.8600000000006,31.88852002570144
BT-00668,2023-10-07,Central,Pharmacy,Under Eye Cream 15ml,33,900.0,11.9,341.01,Vikram N,2023,October,4,29700.0,3534.3,26165.7,11253.33,14912.37,56.99205448354143
BT-00865,2023-10-07,North,Pharmacy,Micellar Cleansing Water,46,360.0,11.9,109.87,Anjali M,2023,October,4,16560.0,1970.64,14589.36,5054.02,9535.34,65.35817883717996
BT-01034,2023-10-07,East,Salon Wholesale,Perfume 100ml EDP,27,1770.0,13.6,831.37,Pooja N,2023,October,4,47790.0,6499.4400000000005,41290.56,22446.99,18843.569999999996,45.63650868382506
BT-01066,2023-10-07,Central,General Trade,Compact Powder,22,310.0,12.3,110.27,Suresh K,2023,October,4,6820.0,838.8600000000001,5981.139999999999,2425.94,3555.1999999999994,59.44017361238827
BT-01387,2023-10-07,North,Modern Trade,Lip Gloss,33,270.0,11.6,94.72,Rohit K,2023,October,4,8910.0,1033.56,7876.4400000000005,3125.7599999999998,4750.68,60.31506619741914
BT-01842,2023-10-07,North,Salon Wholesale,SPF 50 Sunscreen 100g,21,500.0,7.1,207.2,Rohit K,2023,October,4,10500.0,745.4999999999999,9754.5,4351.2,5403.3,55.392895586652315
BT-01844,2023-10-07,Central,Modern Trade,Kajal Eye Pencil,19,140.0,12.7,39.47,Vikram N,2023,October,4,2660.0,337.82,2322.18,749.93,1572.25,67.70577646866307
BT-01986,2023-10-07,North,Online,Eyeshadow Palette 9-shade,13,740.0,9.5,311.98,Anjali M,2023,October,4,9620.0,913.9,8706.1,4055.7400000000002,4650.360000000001,53.414961923249216
BT-02117,2023-10-07,South,Pharmacy,Nail Polish Set (12pc),31,510.0,25.0,204.41,Priya R,2023,October,4,15810.0,3952.5,11857.5,6336.71,5520.79,46.559477124183005
BT-02548,2023-10-07,North,Online,Lip Gloss,19,300.0,8.9,89.04,Rohit K,2023,October,4,5700.0,507.30000000000007,5192.7,1691.7600000000002,3500.9399999999996,67.42041712403952
BT-02552,2023-10-07,Central,General Trade,Vitamin C Face Serum 30ml,33,720.0,11.3,216.36,Vikram N,2023,October,4,23760.0,2684.88,21075.12,7139.88,13935.239999999998,66.1217587373168
BT-02574,2023-10-07,South,Pharmacy,Compact Powder,12,380.0,20.2,147.1,Anand V,2023,October,4,4560.0,921.1199999999999,3638.88,1765.1999999999998,1873.6800000000003,51.490568526579615
BT-02608,2023-10-07,South,Salon Wholesale,BB Cream 30ml,8,700.0,30.7,237.44,Priya R,2023,October,4,5600.0,1719.2,3880.8,1899.52,1981.2800000000002,51.05339105339105
BT-02830,2023-10-07,West,Modern Trade,Compact Powder,41,370.0,34.3,129.65,Rahul D,2023,October,4,15170.0,5203.3099999999995,9966.69,5315.650000000001,4651.04,46.665843926117894
BT-03438,2023-10-07,Central,General Trade,Compact Powder,20,480.0,8.4,169.01,Suresh K,2023,October,4,9600.0,806.4000000000001,8793.6,3380.2,5413.400000000001,61.560680494905384
BT-04128,2023-10-07,South,General Trade,Nail Polish Set (12pc),20,680.0,27.0,293.22,Kiran T,2023,October,4,13600.0,3672.0000000000005,9928.0,5864.400000000001,4063.5999999999995,40.9307010475423
BT-04173,2023-10-07,West,Pharmacy,Night Repair Cream 50ml,47,960.0,29.5,312.48,Rahul D,2023,October,4,45120.0,13310.4,31809.6,14686.560000000001,17123.039999999997,53.82978723404255
BT-00410,2023-10-08,North,General Trade,Night Repair Cream 50ml,23,1040.0,11.9,423.7,Deepa S,2023,October,4,23920.0,2846.48,21073.52,9745.1,11328.42,53.75665764428534
BT-00576,2023-10-08,Central,Pharmacy,Night Repair Cream 50ml,47,880.0,6.1,331.06,Sunita P,2023,October,4,41360.0,2522.96,38837.04,15559.82,23277.22,59.93561816245523
BT-00647,2023-10-08,West,Pharmacy,SPF 50 Sunscreen 100g,2,330.0,36.1,131.24,Rahul D,2023,October,4,660.0,238.26,421.74,262.48,159.26,37.76260255133494
BT-01069,2023-10-08,East,Modern Trade,SPF 50 Sunscreen 100g,31,530.0,14.9,218.84,Meena G,2023,October,4,16430.0,2448.0699999999997,13981.93,6784.04,7197.89,51.479945901602996
BT-01369,2023-10-08,South,Pharmacy,SPF 50 Sunscreen 100g,12,560.0,27.4,208.04,Priya R,2023,October,4,6720.0,1841.2799999999997,4878.72,2496.48,2382.2400000000002,48.829201101928376
BT-01798,2023-10-08,South,General Trade,Nail Polish Set (12pc),7,600.0,24.3,241.74,Anand V,2023,October,4,4200.0,1020.6,3179.4,1692.18,1487.22,46.77675033025099
BT-02900,2023-10-08,Central,Pharmacy,Perfume 100ml EDP,16,1890.0,6.9,949.72,Sunita P,2023,October,4,30240.0,2086.5600000000004,28153.44,15195.52,12957.919999999998,46.026062889650426
BT-03219,2023-10-08,South,Salon Wholesale,Lip Gloss,60,200.0,14.9,60.74,Anand V,2023,October,4,12000.0,1788.0,10212.0,3644.4,6567.6,64.31257344300822
BT-03451,2023-10-08,North,Pharmacy,Eyeshadow Palette 9-shade,24,930.0,7.4,444.73,Anjali M,2023,October,4,22320.0,1651.6800000000003,20668.32,10673.52,9994.8,48.35806683852388
BT-04424,2023-10-08,South,Modern Trade,Face Wash 100ml,36,300.0,19.7,97.5,Kiran T,2023,October,4,10800.0,2127.6,8672.4,3510.0,5162.4,59.52677459526774
BT-04665,2023-10-08,West,General Trade,Compact Powder,26,370.0,24.6,124.39,Nidhi C,2023,October,4,9620.0,2366.5200000000004,7253.48,3234.14,4019.3399999999997,55.41257437809162
BT-04965,2023-10-08,South,Modern Trade,Kajal Eye Pencil,39,220.0,24.0,67.61,Priya R,2023,October,4,8580.0,2059.2,6520.8,2636.79,3884.01,59.563397129186605
BT-00414,2023-10-09,West,Salon Wholesale,Hair Oil 200ml,44,280.0,39.5,84.03,Rahul D,2023,October,4,12320.0,4866.400000000001,7453.599999999999,3697.32,3756.2799999999993,50.395513577331755
BT-00809,2023-10-09,North,Salon Wholesale,Micellar Cleansing Water,11,440.0,5.2,142.21,Deepa S,2023,October,4,4840.0,251.68000000000004,4588.32,1564.3100000000002,3024.0099999999993,65.906693517453
BT-01192,2023-10-09,West,Online,Eyeshadow Palette 9-shade,15,630.0,30.3,255.91,Rahul D,2023,October,4,9450.0,2863.35,6586.65,3838.65,2747.9999999999995,41.7207533419872
BT-01686,2023-10-09,Central,Modern Trade,Rose Water Toner 200ml,50,270.0,6.0,71.95,Vikram N,2023,October,4,13500.0,810.0,12690.0,3597.5,9092.5,71.65090622537431
BT-01915,2023-10-09,West,Salon Wholesale,Face Wash 100ml,24,300.0,28.5,75.57,Priya S,2023,October,4,7200.0,2052.0,5148.0,1813.6799999999998,3334.32,64.76923076923077
BT-02139,2023-10-09,East,Online,BB Cream 30ml,60,620.0,12.8,248.81,Meena G,2023,October,4,37200.0,4761.6,32438.4,14928.6,17509.800000000003,53.9786179343001
BT-02710,2023-10-09,East,Salon Wholesale,Night Repair Cream 50ml,11,760.0,9.7,313.2,Sneha B,2023,October,4,8360.0,810.92,7549.08,3445.2,4103.88,54.36265081307921
BT-03546,2023-10-09,North,Modern Trade,Under Eye Cream 15ml,9,910.0,9.7,301.48,Anjali M,2023,October,4,8190.0,794.43,7395.57,2713.32,4682.25,63.31155002251349
BT-04118,2023-10-09,South,Pharmacy,Mascara,60,540.0,19.1,190.35,Anand V,2023,October,4,32400.0,6188.400000000001,26211.6,11421.0,14790.599999999999,56.427688504326326
BT-04545,2023-10-09,East,Salon Wholesale,BB Cream 30ml,14,620.0,12.3,224.07,Sneha B,2023,October,4,8680.0,1067.64,7612.36,3136.98,4475.379999999999,58.79096627064405
BT-04730,2023-10-09,East,Pharmacy,Hydrating Moisturiser 50ml,19,520.0,13.5,192.4,Pooja N,2023,October,4,9880.0,1333.8000000000002,8546.2,3655.6,4890.6,57.22543352601156
BT-04770,2023-10-09,South,Pharmacy,Vitamin C Face Serum 30ml,15,760.0,20.9,230.66,Kiran T,2023,October,4,11400.0,2382.6,9017.4,3459.9,5557.5,61.63084702907712
BT-04787,2023-10-09,Central,General Trade,Matte Lipstick,10,300.0,9.0,103.35,Suresh K,2023,October,4,3000.0,270.0,2730.0,1033.5,1696.5,62.142857142857146
BT-00378,2023-10-10,East,Pharmacy,Hair Serum 100ml,44,660.0,9.7,278.59,Meena G,2023,October,4,29040.0,2816.8799999999997,26223.12,12257.96,13965.16,53.25514279002651
BT-01092,2023-10-10,North,Pharmacy,Face Wash 100ml,4,230.0,9.7,73.62,Deepa S,2023,October,4,920.0,89.24,830.76,294.48,536.28,64.5529394771053
BT-01160,2023-10-10,South,Online,BB Cream 30ml,48,440.0,20.6,148.46,Priya R,2023,October,4,21120.0,4350.72,16769.28,7126.08,9643.199999999999,57.50515227845202
BT-01179,2023-10-10,South,Pharmacy,Matte Lipstick,37,510.0,28.9,158.71,Priya R,2023,October,4,18870.0,5453.429999999999,13416.57,5872.27,7544.299999999999,56.2312125975566
BT-01924,2023-10-10,West,General Trade,Blush Palette,56,760.0,28.9,304.23,Priya S,2023,October,4,42560.0,12299.839999999998,30260.160000000003,17036.88,13223.280000000002,43.69864534754608
BT-02474,2023-10-10,East,Online,SPF 50 Sunscreen 100g,60,330.0,15.6,141.5,Meena G,2023,October,4,19800.0,3088.8,16711.2,8490.0,8221.2,49.19574895878214
BT-03127,2023-10-10,South,General Trade,Hair Oil 200ml,58,400.0,14.1,140.56,Anand V,2023,October,4,23200.0,3271.2,19928.8,8152.4800000000005,11776.32,59.09196740395809
BT-04082,2023-10-10,East,Modern Trade,Perfume 100ml EDP,6,2360.0,10.4,1152.86,Meena G,2023,October,4,14160.0,1472.64,12687.36,6917.16,5770.200000000001,45.47991071428572
BT-04881,2023-10-10,East,General Trade,Blush Palette,17,560.0,16.6,253.85,Meena G,2023,October,4,9520.0,1580.3200000000002,7939.68,4315.45,3624.2300000000005,45.647053785542994
BT-04950,2023-10-10,South,Salon Wholesale,Hair Serum 100ml,28,670.0,18.3,270.41,Kiran T,2023,October,4,18760.0,3433.08,15326.92,7571.4800000000005,7755.44,50.60012057216975
BT-00080,2023-10-11,West,Salon Wholesale,Vitamin C Face Serum 30ml,37,540.0,25.5,191.54,Nidhi C,2023,October,4,19980.0,5094.9,14885.1,7086.98,7798.120000000001,52.3887646035297
BT-00311,2023-10-11,North,General Trade,Kajal Eye Pencil,17,170.0,10.2,48.35,Rohit K,2023,October,4,2890.0,294.78,2595.2200000000003,821.95,1773.2700000000002,68.32831127996856
BT-00753,2023-10-11,South,General Trade,Night Repair Cream 50ml,2,1100.0,21.5,377.08,Anand V,2023,October,4,2200.0,473.0,1727.0,754.16,972.84,56.3312101910828
BT-00858,2023-10-11,East,Modern Trade,Compact Powder,22,400.0,7.5,121.76,Sneha B,2023,October,4,8800.0,660.0,8140.0,2678.7200000000003,5461.28,67.09189189189189
BT-01266,2023-10-11,South,Online,Mascara,58,520.0,16.5,187.15,Kiran T,2023,October,4,30160.0,4976.400000000001,25183.6,10854.7,14328.899999999998,56.897742975587285
BT-01601,2023-10-11,East,Pharmacy,Night Repair Cream 50ml,14,1080.0,7.3,452.74,Pooja N,2023,October,4,15120.0,1103.76,14016.24,6338.360000000001,7677.879999999999,54.77845698989172
BT-01761,2023-10-11,East,Modern Trade,Rose Water Toner 200ml,28,270.0,7.7,73.36,Pooja N,2023,October,4,7560.0,582.12,6977.88,2054.08,4923.8,70.56297901368323
BT-01766,2023-10-11,West,Online,Compact Powder,6,460.0,25.9,175.58,Rahul D,2023,October,4,2760.0,714.84,2045.1599999999999,1053.48,991.6799999999998,48.489115766003636
BT-02665,2023-10-11,South,Pharmacy,Rose Water Toner 200ml,24,290.0,13.6,67.42,Anand V,2023,October,4,6960.0,946.5600000000001,6013.44,1618.08,4395.36,73.09227330779055
BT-03100,2023-10-11,Central,General Trade,SPF 50 Sunscreen 100g,48,340.0,10.0,138.18,Suresh K,2023,October,4,16320.0,1632.0,14688.0,6632.64,8055.36,54.84313725490196
BT-03106,2023-10-11,West,Modern Trade,Rose Water Toner 200ml,32,290.0,34.6,81.92,Nidhi C,2023,October,4,9280.0,3210.88,6069.12,2621.44,3447.68,56.80691764209638
BT-03141,2023-10-11,West,Pharmacy,Lip Gloss,45,250.0,38.4,71.03,Priya S,2023,October,4,11250.0,4320.0,6930.0,3196.35,3733.65,53.87662337662338
BT-03635,2023-10-11,South,Online,Under Eye Cream 15ml,21,610.0,20.3,207.4,Anand V,2023,October,4,12810.0,2600.4300000000003,10209.57,4355.400000000001,5854.169999999999,57.34002509410288
BT-03670,2023-10-11,Central,Salon Wholesale,Lip Gloss,44,290.0,7.6,101.5,Sunita P,2023,October,4,12760.0,969.76,11790.24,4466.0,7324.24,62.121212121212125
BT-03803,2023-10-11,East,Pharmacy,Night Repair Cream 50ml,20,1100.0,12.2,407.88,Meena G,2023,October,4,22000.0,2684.0,19316.0,8157.6,11158.4,57.76765375854214
BT-03836,2023-10-11,South,Online,Lip Gloss,37,250.0,16.9,87.25,Kiran T,2023,October,4,9250.0,1563.2499999999998,7686.75,3228.25,4458.5,58.00240673886883
BT-04171,2023-10-11,East,Modern Trade,Hair Serum 100ml,36,640.0,8.2,214.46,Pooja N,2023,October,4,23040.0,1889.2799999999997,21150.72,7720.56,13430.16,63.4974128540305
BT-04338,2023-10-11,South,General Trade,Under Eye Cream 15ml,26,600.0,17.5,180.96,Anand V,2023,October,4,15600.0,2730.0,12870.0,4704.96,8165.04,63.442424242424245
BT-04908,2023-10-11,East,Modern Trade,Rose Water Toner 200ml,24,370.0,5.2,89.69,Sneha B,2023,October,4,8880.0,461.76000000000005,8418.24,2152.56,6265.68,74.42980955639183
BT-00461,2023-10-12,East,Salon Wholesale,Nail Polish Set (12pc),15,680.0,16.0,307.84,Meena G,2023,October,4,10200.0,1632.0,8568.0,4617.599999999999,3950.4000000000005,46.10644257703082
BT-00534,2023-10-12,West,Online,Vitamin C Face Serum 30ml,43,730.0,36.0,240.61,Priya S,2023,October,4,31390.0,11300.4,20089.6,10346.230000000001,9743.369999999997,48.49957191780821
BT-00564,2023-10-12,West,General Trade,Mascara,5,340.0,31.6,144.3,Priya S,2023,October,4,1700.0,537.2,1162.8,721.5,441.29999999999995,37.95149638802889
BT-01680,2023-10-12,East,Online,Blush Palette,47,590.0,13.5,229.63,Pooja N,2023,October,4,27730.0,3743.55,23986.45,10792.61,13193.84,55.005388458900754
BT-01758,2023-10-12,North,Salon Wholesale,Face Wash 100ml,2,220.0,5.1,72.23,Deepa S,2023,October,4,440.0,22.439999999999998,417.56,144.46,273.1,65.4037743078839
BT-02455,2023-10-12,South,Salon Wholesale,Night Repair Cream 50ml,17,920.0,30.2,373.24,Priya R,2023,October,4,15640.0,4723.28,10916.720000000001,6345.08,4571.640000000001,41.87741372866576
BT-02923,2023-10-12,Central,Modern Trade,Hair Oil 200ml,50,270.0,8.6,105.22,Vikram N,2023,October,4,13500.0,1161.0,12339.0,5261.0,7078.0,57.36283329281141
BT-02980,2023-10-12,East,Modern Trade,Perfume 100ml EDP,40,2030.0,14.2,911.67,Meena G,2023,October,4,81200.0,11530.4,69669.6,36466.799999999996,33202.80000000001,47.65751489889422
BT-03086,2023-10-12,West,Modern Trade,Nail Polish Set (12pc),13,420.0,37.3,169.64,Priya S,2023,October,4,5460.0,2036.58,3423.42,2205.3199999999997,1218.1000000000004,35.581377686640856
BT-04050,2023-10-12,West,Modern Trade,Blush Palette,26,560.0,29.8,251.33,Priya S,2023,October,4,14560.0,4338.88,10221.119999999999,6534.58,3686.539999999999,36.06786731786731
BT-04502,2023-10-12,West,General Trade,Lip Gloss,9,290.0,29.9,101.93,Rahul D,2023,October,4,2610.0,780.39,1829.6100000000001,917.3700000000001,912.24,49.85980618820404
BT-04536,2023-10-12,Central,Modern Trade,Hair Oil 200ml,26,360.0,12.4,123.7,Suresh K,2023,October,4,9360.0,1160.64,8199.36,3216.2000000000003,4983.16,60.7749873160832
BT-00241,2023-10-13,North,Online,Vitamin C Face Serum 30ml,25,740.0,9.1,263.29,Anjali M,2023,October,4,18500.0,1683.5,16816.5,6582.250000000001,10234.25,60.85838313561086
BT-01175,2023-10-13,West,General Trade,SPF 50 Sunscreen 100g,13,570.0,31.7,237.01,Nidhi C,2023,October,4,7410.0,2348.9700000000003,5061.03,3081.13,1979.8999999999996,39.12049523515964
BT-01828,2023-10-13,East,Online,Matte Lipstick,58,350.0,14.0,120.19,Sneha B,2023,October,4,20300.0,2842.0000000000005,17458.0,6971.0199999999995,10486.98,60.06976744186046
BT-02095,2023-10-13,West,Salon Wholesale,Micellar Cleansing Water,3,460.0,32.5,158.24,Priya S,2023,October,4,1380.0,448.5,931.5,474.72,456.78,49.03703703703704
BT-02333,2023-10-13,North,Online,Hydrating Moisturiser 50ml,3,360.0,4.2,133.96,Deepa S,2023,October,4,1080.0,45.36,1034.64,401.88,632.7600000000001,61.15750405938299
BT-02499,2023-10-13,South,General Trade,Lip Gloss,55,290.0,31.9,88.65,Priya R,2023,October,4,15950.0,5088.05,10861.95,4875.75,5986.200000000001,55.111651222846724
BT-02821,2023-10-13,Central,Pharmacy,Micellar Cleansing Water,56,400.0,13.8,114.6,Suresh K,2023,October,4,22400.0,3091.2000000000003,19308.8,6417.599999999999,12891.2,66.76334106728538
BT-03307,2023-10-13,North,Salon Wholesale,Face Wash 100ml,49,260.0,8.0,67.29,Deepa S,2023,October,4,12740.0,1019.2,11720.8,3297.2100000000005,8423.589999999998,71.86872909698995
BT-03525,2023-10-13,South,Modern Trade,Hair Serum 100ml,48,480.0,16.6,169.68,Anand V,2023,October,4,23040.0,3824.6400000000003,19215.36,8144.64,11070.720000000001,57.61390887290169
BT-03584,2023-10-13,East,Salon Wholesale,Matte Lipstick,59,500.0,12.5,152.6,Sneha B,2023,October,4,29500.0,3687.5,25812.5,9003.4,16809.1,65.11999999999999
BT-03743,2023-10-13,Central,Online,Kajal Eye Pencil,21,130.0,8.1,32.56,Sunita P,2023,October,4,2730.0,221.13,2508.87,683.76,1825.11,72.7462961412907
BT-03913,2023-10-13,West,Pharmacy,Eyeshadow Palette 9-shade,14,950.0,31.5,392.35,Nidhi C,2023,October,4,13300.0,4189.5,9110.5,5492.900000000001,3617.5999999999995,39.708029197080286
BT-04816,2023-10-13,East,Online,Under Eye Cream 15ml,21,630.0,4.5,226.55,Pooja N,2023,October,4,13230.0,595.35,12634.65,4757.55,7877.099999999999,62.34521731903931
BT-00253,2023-10-14,Central,Modern Trade,Rose Water Toner 200ml,32,350.0,7.0,98.14,Suresh K,2023,October,4,11200.0,784.0000000000001,10416.0,3140.48,7275.52,69.84946236559139
BT-00390,2023-10-14,East,Salon Wholesale,Hair Oil 200ml,19,290.0,9.3,94.95,Pooja N,2023,October,4,5510.0,512.4300000000001,4997.57,1804.05,3193.5199999999995,63.90145610766832
BT-00636,2023-10-14,South,Modern Trade,Blush Palette,15,530.0,23.2,243.96,Kiran T,2023,October,4,7950.0,1844.3999999999999,6105.6,3659.4,2446.2000000000003,40.06485849056604
BT-00714,2023-10-14,North,General Trade,Hair Serum 100ml,57,660.0,7.5,280.76,Deepa S,2023,October,4,37620.0,2821.5,34798.5,16003.32,18795.18,54.01146601146601
BT-01615,2023-10-14,North,Pharmacy,Nail Polish Set (12pc),12,640.0,6.4,283.78,Rohit K,2023,October,4,7680.0,491.52,7188.48,3405.3599999999997,3783.12,52.62753739316239
BT-01888,2023-10-14,East,Salon Wholesale,SPF 50 Sunscreen 100g,14,570.0,14.3,215.29,Sneha B,2023,October,4,7980.0,1141.14,6838.86,3014.06,3824.7999999999997,55.927449896620196
BT-01981,2023-10-14,West,General Trade,Matte Lipstick,49,330.0,25.4,113.39,Nidhi C,2023,October,4,16170.0,4107.18,12062.82,5556.11,6506.71,53.940206353074984
BT-02940,2023-10-14,West,Salon Wholesale,SPF 50 Sunscreen 100g,54,470.0,27.2,194.11,Nidhi C,2023,October,4,25380.0,6903.360000000001,18476.64,10481.94,7994.699999999999,43.26923076923077
BT-03136,2023-10-14,North,Modern Trade,Lip Gloss,3,270.0,8.4,90.96,Rohit K,2023,October,4,810.0,68.04,741.96,272.88,469.08000000000004,63.22173702086366
BT-03430,2023-10-14,West,Pharmacy,Hair Serum 100ml,22,550.0,33.6,188.59,Rahul D,2023,October,4,12100.0,4065.6000000000004,8034.4,4148.9800000000005,3885.419999999999,48.35980284775464
BT-04003,2023-10-14,South,Pharmacy,Mascara,9,380.0,16.4,155.95,Kiran T,2023,October,4,3420.0,560.8799999999999,2859.12,1403.55,1455.57,50.90972047343239
BT-00444,2023-10-15,Central,Online,Mascara,49,530.0,9.0,221.22,Vikram N,2023,October,4,25970.0,2337.2999999999997,23632.7,10839.78,12792.92,54.1322828115281
BT-01876,2023-10-15,West,Salon Wholesale,Blush Palette,22,660.0,24.7,315.22,Nidhi C,2023,October,4,14520.0,3586.44,10933.56,6934.84,3998.7199999999993,36.57290031792023
BT-01906,2023-10-15,West,General Trade,Face Wash 100ml,55,310.0,38.2,85.72,Rahul D,2023,October,4,17050.0,6513.1,10536.9,4714.6,5822.299999999999,55.25628980060549
BT-02886,2023-10-15,North,Salon Wholesale,Under Eye Cream 15ml,4,550.0,9.6,179.19,Rohit K,2023,October,4,2200.0,211.20000000000002,1988.8,716.76,1272.04,63.96017699115044
BT-03319,2023-10-15,West,Modern Trade,Blush Palette,40,550.0,28.7,249.04,Rahul D,2023,October,4,22000.0,6313.999999999999,15686.0,9961.6,5724.4,36.493688639551195
BT-03407,2023-10-15,Central,General Trade,Lip Gloss,36,220.0,8.4,78.65,Suresh K,2023,October,4,7920.0,665.2800000000001,7254.72,2831.4,4423.32,60.97161572052401
BT-03462,2023-10-15,West,Modern Trade,Nail Polish Set (12pc),37,390.0,34.1,160.41,Nidhi C,2023,October,4,14430.0,4920.63,9509.369999999999,5935.17,3574.199999999999,37.58608614450799
BT-04405,2023-10-15,South,Salon Wholesale,Mascara,28,370.0,19.9,148.52,Anand V,2023,October,4,10360.0,2061.64,8298.36,4158.56,4139.8,49.88696561730269
BT-04550,2023-10-15,North,Online,Rose Water Toner 200ml,44,350.0,9.5,88.03,Deepa S,2023,October,4,15400.0,1463.0,13937.0,3873.32,10063.68,72.20836621941594
BT-04848,2023-10-15,West,Salon Wholesale,Perfume 100ml EDP,2,1230.0,41.0,563.09,Priya S,2023,October,4,2460.0,1008.5999999999999,1451.4,1126.18,325.22,22.407330852969547
BT-00790,2023-10-16,Central,Online,BB Cream 30ml,49,710.0,8.3,273.78,Sunita P,2023,October,4,34790.0,2887.57,31902.43,13415.22,18487.21,57.94922204985639
BT-01143,2023-10-16,North,Salon Wholesale,Eyeshadow Palette 9-shade,45,880.0,13.4,396.79,Rohit K,2023,October,4,39600.0,5306.400000000001,34293.6,17855.55,16438.05,47.933287843795924
BT-01181,2023-10-16,Central,Online,Hair Oil 200ml,27,240.0,7.4,95.69,Sunita P,2023,October,4,6480.0,479.52000000000004,6000.48,2583.63,3416.8499999999995,56.94294456443484
BT-01188,2023-10-16,West,Salon Wholesale,Compact Powder,47,460.0,40.1,170.71,Nidhi C,2023,October,4,21620.0,8669.62,12950.38,8023.370000000001,4927.009999999998,38.04529287943673
BT-01189,2023-10-16,West,Online,Mascara,59,400.0,41.3,141.72,Priya S,2023,October,4,23600.0,9746.8,13853.2,8361.48,5491.720000000001,39.64224872231687
BT-01378,2023-10-16,East,Online,Night Repair Cream 50ml,4,870.0,8.9,292.58,Meena G,2023,October,4,3480.0,309.72,3170.2799999999997,1170.32,1999.9599999999998,63.084648674565024
BT-01866,2023-10-16,South,Online,Mascara,25,540.0,13.0,204.17,Anand V,2023,October,4,13500.0,1755.0,11745.0,5104.25,6640.75,56.54108131119625
BT-02384,2023-10-16,North,Online,Hair Serum 100ml,57,410.0,8.0,163.43,Rohit K,2023,October,4,23370.0,1869.6000000000001,21500.4,9315.51,12184.890000000001,56.672852598091204
BT-03006,2023-10-16,East,General Trade,Micellar Cleansing Water,10,420.0,6.8,136.08,Pooja N,2023,October,4,4200.0,285.6,3914.4,1360.8000000000002,2553.6,65.23605150214593
BT-03064,2023-10-16,North,General Trade,Matte Lipstick,35,290.0,13.8,94.31,Rohit K,2023,October,4,10150.0,1400.7,8749.3,3300.85,5448.449999999999,62.27298183854708
BT-04611,2023-10-16,Central,General Trade,Compact Powder,23,430.0,7.0,158.76,Vikram N,2023,October,4,9890.0,692.3000000000001,9197.7,3651.4799999999996,5546.220000000001,60.3000750187547
BT-04734,2023-10-16,West,Pharmacy,Under Eye Cream 15ml,33,710.0,35.4,241.12,Rahul D,2023,October,4,23430.0,8294.22,15135.78,7956.96,7178.820000000001,47.429468451576334
BT-04752,2023-10-16,Central,Pharmacy,Lip Gloss,19,250.0,11.8,70.45,Suresh K,2023,October,4,4750.0,560.5,4189.5,1338.55,2850.95,68.0498866213152
BT-00441,2023-10-17,North,Salon Wholesale,Hair Oil 200ml,54,280.0,7.5,106.29,Anjali M,2023,October,4,15120.0,1134.0,13986.0,5739.660000000001,8246.34,58.96138996138996
BT-00530,2023-10-17,South,Salon Wholesale,BB Cream 30ml,52,640.0,21.1,252.03,Priya R,2023,October,4,33280.0,7022.080000000001,26257.92,13105.56,13152.359999999999,50.08911596958174
BT-01390,2023-10-17,East,Online,Compact Powder,29,400.0,8.1,152.36,Pooja N,2023,October,4,11600.0,939.6,10660.4,4418.4400000000005,6241.959999999999,58.552774755168656
BT-01531,2023-10-17,West,General Trade,Vitamin C Face Serum 30ml,40,750.0,36.1,229.95,Nidhi C,2023,October,4,30000.0,10830.0,19170.0,9198.0,9972.0,52.01877934272301
BT-01591,2023-10-17,West,Salon Wholesale,Night Repair Cream 50ml,45,960.0,33.6,379.68,Nidhi C,2023,October,4,43200.0,14515.2,28684.8,17085.6,11599.2,40.43674698795181
BT-02438,2023-10-17,Central,Pharmacy,Nail Polish Set (12pc),30,490.0,8.1,203.45,Vikram N,2023,October,4,14700.0,1190.7,13509.3,6103.5,7405.799999999999,54.82001288001599
BT-03498,2023-10-17,South,General Trade,BB Cream 30ml,59,670.0,29.7,240.86,Priya R,2023,October,4,39530.0,11740.41,27789.59,14210.740000000002,13578.849999999999,48.863081463238565
BT-03869,2023-10-17,East,Modern Trade,Rose Water Toner 200ml,57,370.0,5.1,83.4,Sneha B,2023,October,4,21090.0,1075.59,20014.41,4753.8,15260.61,76.2481132344146
BT-04106,2023-10-17,North,Online,Hair Oil 200ml,55,300.0,4.1,96.69,Deepa S,2023,October,4,16500.0,676.4999999999999,15823.5,5317.95,10505.55,66.39207507820646
BT-04195,2023-10-17,North,Modern Trade,Kajal Eye Pencil,6,220.0,7.9,75.17,Anjali M,2023,October,4,1320.0,104.28,1215.72,451.02,764.7,62.90099694008489
BT-04327,2023-10-17,East,Salon Wholesale,Under Eye Cream 15ml,5,650.0,15.3,223.6,Meena G,2023,October,4,3250.0,497.25,2752.75,1118.0,1634.75,59.38606847697757
BT-04419,2023-10-17,Central,Modern Trade,Compact Powder,41,350.0,10.0,127.96,Suresh K,2023,October,4,14350.0,1435.0,12915.0,5246.36,7668.64,59.37777777777779
BT-04460,2023-10-17,West,Pharmacy,Rose Water Toner 200ml,45,270.0,31.0,66.2,Rahul D,2023,October,4,12150.0,3766.5,8383.5,2979.0,5404.5,64.46591519055286
BT-04831,2023-10-17,South,Pharmacy,Micellar Cleansing Water,48,390.0,25.0,126.71,Priya R,2023,October,4,18720.0,4680.0,14040.0,6082.08,7957.92,56.68034188034188
BT-04843,2023-10-17,Central,Pharmacy,Lip Gloss,49,250.0,8.3,77.9,Vikram N,2023,October,4,12250.0,1016.75,11233.25,3817.1000000000004,7416.15,66.01962922573608
BT-00116,2023-10-18,North,General Trade,Hair Serum 100ml,19,490.0,12.6,171.45,Rohit K,2023,October,4,9310.0,1173.06,8136.9400000000005,3257.5499999999997,4879.390000000001,59.96590856022044
BT-00696,2023-10-18,North,Pharmacy,Hydrating Moisturiser 50ml,38,380.0,10.5,131.59,Rohit K,2023,October,4,14440.0,1516.2,12923.8,5000.42,7923.379999999999,61.30843869450161
BT-00825,2023-10-18,East,Modern Trade,Hair Serum 100ml,27,650.0,9.7,278.98,Pooja N,2023,October,4,17550.0,1702.35,15847.65,7532.460000000001,8315.189999999999,52.469545957918044
BT-01183,2023-10-18,South,Online,Eyeshadow Palette 9-shade,14,960.0,22.3,473.18,Priya R,2023,October,4,13440.0,2997.12,10442.880000000001,6624.52,3818.3600000000006,36.56424281424282
BT-01237,2023-10-18,East,Modern Trade,Mascara,50,500.0,13.3,183.0,Sneha B,2023,October,4,25000.0,3325.0,21675.0,9150.0,12525.0,57.785467128027676
BT-01296,2023-10-18,Central,General Trade,Blush Palette,52,490.0,6.1,219.18,Vikram N,2023,October,4,25480.0,1554.28,23925.72,11397.36,12528.36,52.36356523440047
BT-01322,2023-10-18,Central,Salon Wholesale,Vitamin C Face Serum 30ml,36,610.0,4.3,178.3,Sunita P,2023,October,4,21960.0,944.28,21015.72,6418.8,14596.920000000002,69.45714921972696
BT-01364,2023-10-18,Central,Salon Wholesale,BB Cream 30ml,44,590.0,4.8,222.13,Sunita P,2023,October,4,25960.0,1246.08,24713.92,9773.72,14940.199999999999,60.45257085885202
BT-01394,2023-10-18,East,Pharmacy,Hair Serum 100ml,25,470.0,13.1,167.13,Pooja N,2023,October,4,11750.0,1539.25,10210.75,4178.25,6032.5,59.07989129104131
BT-01446,2023-10-18,Central,Pharmacy,Night Repair Cream 50ml,57,830.0,6.4,331.92,Sunita P,2023,October,4,47310.0,3027.84,44282.16,18919.440000000002,25362.72,57.27525486561631
BT-03573,2023-10-18,Central,Pharmacy,BB Cream 30ml,13,540.0,11.1,180.04,Vikram N,2023,October,4,7020.0,779.22,6240.78,2340.52,3900.2599999999998,62.49635462233887
BT-04169,2023-10-18,West,Modern Trade,Perfume 100ml EDP,13,1640.0,38.3,852.14,Priya S,2023,October,4,21320.0,8165.559999999999,13154.440000000002,11077.82,2076.6200000000026,15.786456892121612
BT-04488,2023-10-18,Central,Salon Wholesale,Hydrating Moisturiser 50ml,11,510.0,11.0,167.84,Sunita P,2023,October,4,5610.0,617.1,4992.9,1846.24,3146.66,63.0226922229566
BT-04798,2023-10-18,Central,Salon Wholesale,Hair Serum 100ml,20,420.0,12.5,167.24,Vikram N,2023,October,4,8400.0,1050.0,7350.0,3344.8,4005.2,54.49251700680272
BT-04892,2023-10-18,North,Modern Trade,Hair Oil 200ml,54,420.0,5.9,166.91,Anjali M,2023,October,4,22680.0,1338.1200000000001,21341.88,9013.14,12328.740000000002,57.767825514903095
BT-04904,2023-10-18,Central,Salon Wholesale,Compact Powder,51,390.0,6.6,154.52,Suresh K,2023,October,4,19890.0,1312.74,18577.26,7880.52,10696.739999999998,57.57975072750233
BT-00377,2023-10-19,West,Salon Wholesale,Lip Gloss,51,230.0,25.0,65.62,Rahul D,2023,October,4,11730.0,2932.5,8797.5,3346.6200000000003,5450.879999999999,61.95942028985506
BT-00557,2023-10-19,West,Online,Perfume 100ml EDP,39,1560.0,25.2,626.81,Nidhi C,2023,October,4,60840.0,15331.68,45508.32,24445.589999999997,21062.730000000003,46.283251062662835
BT-01238,2023-10-19,West,Salon Wholesale,Mascara,33,500.0,38.1,198.95,Rahul D,2023,October,4,16500.0,6286.5,10213.5,6565.349999999999,3648.1500000000005,35.718901453958004
BT-01401,2023-10-19,East,Online,Perfume 100ml EDP,29,1680.0,5.0,695.69,Sneha B,2023,October,4,48720.0,2436.0,46284.0,20175.010000000002,26108.989999999998,56.41040100250626
BT-02013,2023-10-19,East,Modern Trade,Blush Palette,56,730.0,13.3,348.21,Sneha B,2023,October,4,40880.0,5437.04,35442.96,19499.76,15943.2,44.982698961937714
BT-02063,2023-10-19,North,General Trade,SPF 50 Sunscreen 100g,47,450.0,8.2,164.56,Rohit K,2023,October,4,21150.0,1734.2999999999997,19415.7,7734.32,11681.380000000001,60.16460905349794
BT-02660,2023-10-19,Central,General Trade,Kajal Eye Pencil,27,160.0,5.5,44.67,Sunita P,2023,October,4,4320.0,237.6,4082.4,1206.0900000000001,2876.31,70.4563492063492
BT-03080,2023-10-19,Central,Modern Trade,Rose Water Toner 200ml,37,280.0,11.8,82.26,Sunita P,2023,October,4,10360.0,1222.48,9137.52,3043.6200000000003,6093.9,66.69096209912536
BT-04194,2023-10-19,North,Salon Wholesale,Perfume 100ml EDP,30,1680.0,4.6,790.78,Deepa S,2023,October,4,50400.0,2318.4,48081.6,23723.399999999998,24358.2,50.660127782769294
BT-04250,2023-10-19,East,Salon Wholesale,Lip Gloss,49,290.0,13.9,87.55,Sneha B,2023,October,4,14210.0,1975.1900000000003,12234.81,4289.95,7944.86,64.93652128639513
BT-04866,2023-10-19,South,Pharmacy,BB Cream 30ml,37,460.0,23.0,177.61,Kiran T,2023,October,4,17020.0,3914.6000000000004,13105.4,6571.570000000001,6533.829999999999,49.85601355166572
BT-04959,2023-10-19,North,Pharmacy,Hair Oil 200ml,38,340.0,13.4,120.5,Anjali M,2023,October,4,12920.0,1731.2800000000002,11188.72,4579.0,6609.719999999999,59.07485396005977
BT-00418,2023-10-20,East,Salon Wholesale,Blush Palette,16,820.0,4.7,373.67,Pooja N,2023,October,4,13120.0,616.64,12503.36,5978.72,6524.64,52.183093184551986
BT-00853,2023-10-20,West,General Trade,Face Wash 100ml,28,270.0,28.3,81.03,Nidhi C,2023,October,4,7560.0,2139.48,5420.52,2268.84,3151.6800000000003,58.14349914768325
BT-01171,2023-10-20,Central,Pharmacy,SPF 50 Sunscreen 100g,40,350.0,12.5,131.78,Vikram N,2023,October,4,14000.0,1750.0,12250.0,5271.2,6978.8,56.96979591836735
BT-01541,2023-10-20,South,Pharmacy,Hair Oil 200ml,48,290.0,24.1,109.65,Anand V,2023,October,4,13920.0,3354.7200000000003,10565.279999999999,5263.200000000001,5302.079999999998,50.183998909636074
BT-01619,2023-10-20,South,Salon Wholesale,Under Eye Cream 15ml,17,790.0,20.0,290.72,Anand V,2023,October,4,13430.0,2686.0,10744.0,4942.240000000001,5801.759999999999,53.99999999999999
BT-02253,2023-10-20,East,Pharmacy,BB Cream 30ml,34,460.0,7.3,185.61,Meena G,2023,October,4,15640.0,1141.72,14498.28,6310.740000000001,8187.54,56.47249190938511
BT-02382,2023-10-20,Central,Online,Nail Polish Set (12pc),3,460.0,8.0,178.71,Sunita P,2023,October,4,1380.0,110.4,1269.6,536.13,733.4699999999999,57.77173913043478
BT-02650,2023-10-20,North,Modern Trade,Night Repair Cream 50ml,8,1030.0,12.8,361.32,Rohit K,2023,October,4,8240.0,1054.72,7185.28,2890.56,4294.719999999999,59.77108755678275
BT-03241,2023-10-20,Central,Online,Eyeshadow Palette 9-shade,11,890.0,7.0,385.73,Vikram N,2023,October,4,9790.0,685.3000000000001,9104.7,4243.030000000001,4861.67,53.39736619548145
BT-03337,2023-10-20,Central,General Trade,Rose Water Toner 200ml,41,360.0,5.0,79.24,Vikram N,2023,October,4,14760.0,738.0,14022.0,3248.8399999999997,10773.16,76.83040935672516
BT-03599,2023-10-20,West,General Trade,Rose Water Toner 200ml,25,310.0,36.9,69.56,Rahul D,2023,October,4,7750.0,2859.75,4890.25,1739.0,3151.25,64.43944583610245
BT-03704,2023-10-20,West,Modern Trade,Under Eye Cream 15ml,32,800.0,31.4,241.36,Nidhi C,2023,October,4,25600.0,8038.4,17561.6,7723.52,9838.079999999998,56.0204081632653
BT-04031,2023-10-20,East,Salon Wholesale,BB Cream 30ml,5,460.0,8.3,159.57,Meena G,2023,October,4,2300.0,190.9,2109.1,797.8499999999999,1311.25,62.17106822815419
BT-04655,2023-10-20,South,Modern Trade,Micellar Cleansing Water,60,350.0,14.9,102.24,Anand V,2023,October,4,21000.0,3129.0,17871.0,6134.4,11736.6,65.6739969783448
BT-04748,2023-10-20,South,Salon Wholesale,Vitamin C Face Serum 30ml,52,540.0,29.2,158.0,Priya R,2023,October,4,28080.0,8199.359999999999,19880.64,8216.0,11664.64,58.67336262816488
BT-00294,2023-10-21,East,Pharmacy,Blush Palette,11,780.0,16.6,334.39,Meena G,2023,October,4,8580.0,1424.28,7155.72,3678.29,3477.4300000000003,48.596507409457054
BT-00525,2023-10-21,North,Modern Trade,Night Repair Cream 50ml,36,1160.0,12.7,410.41,Anjali M,2023,October,4,41760.0,5303.52,36456.479999999996,14774.76,21681.719999999994,59.47288383299758
BT-00808,2023-10-21,East,General Trade,Nail Polish Set (12pc),4,650.0,6.4,302.12,Sneha B,2023,October,4,2600.0,166.4,2433.6,1208.48,1225.12,50.34188034188034
BT-00918,2023-10-21,North,Online,Micellar Cleansing Water,4,280.0,8.5,97.8,Deepa S,2023,October,4,1120.0,95.2,1024.8,391.2,633.5999999999999,61.82669789227165
BT-01414,2023-10-21,North,Online,Hair Oil 200ml,9,270.0,10.5,88.83,Rohit K,2023,October,4,2430.0,255.14999999999998,2174.85,799.47,1375.3799999999999,63.24022346368715
BT-01965,2023-10-21,East,Modern Trade,Eyeshadow Palette 9-shade,58,590.0,6.1,240.37,Sneha B,2023,October,4,34220.0,2087.42,32132.58,13941.460000000001,18191.120000000003,56.612696521723436
BT-02036,2023-10-21,West,Modern Trade,Rose Water Toner 200ml,11,340.0,28.8,97.07,Rahul D,2023,October,4,3740.0,1077.1200000000001,2662.88,1067.77,1595.1100000000001,59.90168539325843
BT-02136,2023-10-21,West,Modern Trade,Matte Lipstick,33,370.0,27.3,126.39,Rahul D,2023,October,4,12210.0,3333.3300000000004,8876.67,4170.87,4705.8,53.013123164429906
BT-02166,2023-10-21,West,General Trade,Night Repair Cream 50ml,18,830.0,36.7,328.93,Priya S,2023,October,4,14940.0,5482.9800000000005,9457.02,5920.74,3536.2800000000007,37.393174594111045
BT-02189,2023-10-21,South,Salon Wholesale,Compact Powder,15,400.0,19.8,144.32,Kiran T,2023,October,4,6000.0,1188.0,4812.0,2164.7999999999997,2647.2000000000003,55.012468827930185
BT-02935,2023-10-21,South,General Trade,Mascara,49,520.0,27.0,210.6,Priya R,2023,October,4,25480.0,6879.6,18600.4,10319.4,8281.000000000002,44.520547945205486
BT-03180,2023-10-21,North,General Trade,Perfume 100ml EDP,19,1870.0,11.6,768.2,Rohit K,2023,October,4,35530.0,4121.48,31408.52,14595.800000000001,16812.72,53.52916979214557
BT-03249,2023-10-21,Central,Modern Trade,Micellar Cleansing Water,19,400.0,10.2,135.88,Sunita P,2023,October,4,7600.0,775.1999999999999,6824.8,2581.72,4243.08,62.17149220489977
BT-03278,2023-10-21,North,Pharmacy,Eyeshadow Palette 9-shade,16,600.0,6.5,265.86,Anjali M,2023,October,4,9600.0,624.0,8976.0,4253.76,4722.24,52.6096256684492
BT-03666,2023-10-21,Central,Modern Trade,Hydrating Moisturiser 50ml,37,380.0,13.6,141.93,Suresh K,2023,October,4,14060.0,1912.16,12147.84,5251.41,6896.43,56.770833333333336
BT-04840,2023-10-21,North,Pharmacy,Eyeshadow Palette 9-shade,19,820.0,8.5,353.99,Rohit K,2023,October,4,15580.0,1324.3000000000002,14255.7,6725.81,7529.89,52.82020525123284
BT-00190,2023-10-22,South,Online,Blush Palette,31,660.0,24.3,284.59,Kiran T,2023,October,4,20460.0,4971.78,15488.220000000001,8822.289999999999,6665.930000000002,43.03870941915857
BT-00618,2023-10-22,West,Modern Trade,Rose Water Toner 200ml,24,220.0,40.2,59.07,Priya S,2023,October,4,5280.0,2122.56,3157.44,1417.68,1739.76,55.10033444816054
BT-00730,2023-10-22,South,Pharmacy,BB Cream 30ml,58,520.0,15.5,183.3,Kiran T,2023,October,4,30160.0,4674.8,25485.2,10631.400000000001,14853.8,58.28402366863905
BT-00792,2023-10-22,East,Modern Trade,Mascara,29,330.0,11.0,126.23,Meena G,2023,October,4,9570.0,1052.7,8517.3,3660.67,4856.629999999999,57.020769492679605
BT-00939,2023-10-22,Central,Pharmacy,SPF 50 Sunscreen 100g,27,570.0,11.5,199.78,Vikram N,2023,October,4,15390.0,1769.8500000000001,13620.15,5394.06,8226.09,60.39647140449995
BT-01011,2023-10-22,South,Pharmacy,Micellar Cleansing Water,35,470.0,23.3,153.97,Kiran T,2023,October,4,16450.0,3832.8500000000004,12617.15,5388.95,7228.2,57.288690393630894
BT-01550,2023-10-22,East,Online,Kajal Eye Pencil,10,180.0,5.6,61.42,Sneha B,2023,October,4,1800.0,100.79999999999998,1699.2,614.2,1085.0,63.853578154425605
BT-01880,2023-10-22,Central,Modern Trade,Lip Gloss,7,320.0,6.7,91.74,Vikram N,2023,October,4,2240.0,150.08,2089.92,642.18,1447.7400000000002,69.27250803858523
BT-02278,2023-10-22,East,Modern Trade,Hair Oil 200ml,56,260.0,7.9,91.1,Pooja N,2023,October,4,14560.0,1150.24,13409.76,5101.599999999999,8308.16,61.95606781926
BT-02401,2023-10-22,Central,General Trade,Eyeshadow Palette 9-shade,25,750.0,9.4,374.7,Sunita P,2023,October,4,18750.0,1762.5,16987.5,9367.5,7620.0,44.856512141280355
BT-02808,2023-10-22,Central,General Trade,Micellar Cleansing Water,4,400.0,8.5,117.0,Suresh K,2023,October,4,1600.0,136.0,1464.0,468.0,996.0,68.0327868852459
BT-02903,2023-10-22,East,Pharmacy,Eyeshadow Palette 9-shade,46,630.0,11.2,269.7,Pooja N,2023,October,4,28980.0,3245.7599999999998,25734.24,12406.199999999999,13328.040000000003,51.7910767910768
BT-03023,2023-10-22,West,Modern Trade,SPF 50 Sunscreen 100g,24,400.0,28.7,149.2,Rahul D,2023,October,4,9600.0,2755.2,6844.8,3580.7999999999997,3264.0000000000005,47.68583450210379
BT-03040,2023-10-22,North,Pharmacy,Rose Water Toner 200ml,28,330.0,7.2,93.55,Anjali M,2023,October,4,9240.0,665.2800000000001,8574.72,2619.4,5955.32,69.45206374085686
BT-03283,2023-10-22,South,Pharmacy,Kajal Eye Pencil,47,190.0,15.8,62.34,Anand V,2023,October,4,8930.0,1410.94,7519.0599999999995,2929.98,4589.08,61.032629078634834
BT-03683,2023-10-22,North,Online,Face Wash 100ml,40,260.0,10.8,67.57,Deepa S,2023,October,4,10400.0,1123.2,9276.8,2702.7999999999997,6574.0,70.86495343221802
BT-03924,2023-10-22,Central,Salon Wholesale,Matte Lipstick,59,320.0,9.8,124.93,Suresh K,2023,October,4,18880.0,1850.24,17029.76,7370.870000000001,9658.889999999998,56.717710643015515
BT-04104,2023-10-22,South,Modern Trade,BB Cream 30ml,25,520.0,16.3,182.78,Anand V,2023,October,4,13000.0,2119.0,10881.0,4569.5,6311.5,58.00477897252091
BT-04628,2023-10-22,East,Salon Wholesale,Mascara,40,340.0,14.2,146.44,Sneha B,2023,October,4,13600.0,1931.1999999999998,11668.8,5857.6,5811.199999999999,49.801179212943914
BT-00173,2023-10-23,Central,General Trade,Compact Powder,12,320.0,7.7,118.37,Suresh K,2023,October,4,3840.0,295.68,3544.32,1420.44,2123.88,59.923483206933916
BT-00263,2023-10-23,East,Salon Wholesale,BB Cream 30ml,50,690.0,9.2,228.25,Meena G,2023,October,4,34500.0,3174.0,31326.0,11412.5,19913.5,63.56860116197408
BT-00588,2023-10-23,West,General Trade,Micellar Cleansing Water,36,350.0,34.7,110.25,Rahul D,2023,October,4,12600.0,4372.200000000001,8227.8,3969.0,4258.799999999999,51.76110260336906
BT-01636,2023-10-23,East,Modern Trade,Vitamin C Face Serum 30ml,46,560.0,10.7,161.84,Sneha B,2023,October,4,25760.0,2756.32,23003.68,7444.64,15559.04,67.63717805151175
BT-01793,2023-10-23,West,Modern Trade,Rose Water Toner 200ml,21,270.0,24.7,64.23,Rahul D,2023,October,4,5670.0,1400.49,4269.51,1348.8300000000002,2920.6800000000003,68.40785008115687
BT-01799,2023-10-23,North,Pharmacy,Kajal Eye Pencil,60,190.0,9.4,54.28,Anjali M,2023,October,4,11400.0,1071.6,10328.4,3256.8,7071.599999999999,68.46752643197397
BT-03341,2023-10-23,East,General Trade,Under Eye Cream 15ml,56,710.0,7.8,250.13,Pooja N,2023,October,4,39760.0,3101.28,36658.72,14007.279999999999,22651.440000000002,61.79004613363478
BT-03603,2023-10-23,East,Salon Wholesale,Rose Water Toner 200ml,35,370.0,8.1,83.1,Meena G,2023,October,4,12950.0,1048.95,11901.05,2908.5,8992.55,75.56097991353704
BT-03982,2023-10-23,South,General Trade,Face Wash 100ml,27,210.0,24.6,68.82,Anand V,2023,October,4,5670.0,1394.8200000000002,4275.18,1858.1399999999999,2417.0400000000004,56.53656688139448
BT-04006,2023-10-23,East,Salon Wholesale,Micellar Cleansing Water,49,430.0,7.9,146.33,Sneha B,2023,October,4,21070.0,1664.53,19405.47,7170.170000000001,12235.3,63.05077898139029
BT-04214,2023-10-23,North,Salon Wholesale,Hair Oil 200ml,45,390.0,10.2,134.94,Rohit K,2023,October,4,17550.0,1790.1,15759.9,6072.3,9687.599999999999,61.46993318485523
BT-04468,2023-10-23,Central,General Trade,Hydrating Moisturiser 50ml,7,620.0,9.1,246.2,Sunita P,2023,October,4,4340.0,394.94,3945.06,1723.3999999999999,2221.66,56.314986337343406
BT-04922,2023-10-23,West,Pharmacy,Kajal Eye Pencil,19,120.0,36.1,33.66,Rahul D,2023,October,4,2280.0,823.0799999999999,1456.92,639.54,817.3800000000001,56.10328638497653
BT-04997,2023-10-23,East,General Trade,Micellar Cleansing Water,12,300.0,9.8,98.85,Pooja N,2023,October,4,3600.0,352.8,3247.2,1186.1999999999998,2061.0,63.47006651884701
BT-00972,2023-10-24,West,Online,Vitamin C Face Serum 30ml,4,640.0,25.4,229.57,Rahul D,2023,October,4,2560.0,650.24,1909.76,918.28,991.48,51.916471179624665
BT-01301,2023-10-24,Central,Salon Wholesale,Face Wash 100ml,47,250.0,10.9,77.75,Sunita P,2023,October,4,11750.0,1280.75,10469.25,3654.25,6815.0,65.09539842873177
BT-01388,2023-10-24,Central,Online,Face Wash 100ml,40,260.0,11.6,76.44,Vikram N,2023,October,4,10400.0,1206.3999999999999,9193.6,3057.6,6136.0,66.7420814479638
BT-01977,2023-10-24,South,Modern Trade,Face Wash 100ml,5,190.0,19.1,59.7,Anand V,2023,October,4,950.0,181.45000000000002,768.55,298.5,470.04999999999995,61.1606271550322
BT-02569,2023-10-24,Central,Pharmacy,Hair Oil 200ml,3,360.0,9.1,121.68,Vikram N,2023,October,4,1080.0,98.28,981.72,365.04,616.6800000000001,62.81628162816282
BT-03172,2023-10-24,West,Salon Wholesale,Nail Polish Set (12pc),8,660.0,34.2,278.26,Rahul D,2023,October,4,5280.0,1805.7600000000002,3474.24,2226.08,1248.1599999999999,35.92613060698167
BT-03286,2023-10-24,West,Online,Blush Palette,15,680.0,30.4,288.93,Priya S,2023,October,4,10200.0,3100.7999999999997,7099.200000000001,4333.95,2765.250000000001,38.9515720081136
BT-03323,2023-10-24,East,Pharmacy,Eyeshadow Palette 9-shade,2,600.0,13.0,279.84,Meena G,2023,October,4,1200.0,156.0,1044.0,559.68,484.32000000000005,46.39080459770115
BT-03610,2023-10-24,Central,Salon Wholesale,SPF 50 Sunscreen 100g,38,380.0,7.0,161.39,Vikram N,2023,October,4,14440.0,1010.8000000000001,13429.2,6132.82,7296.380000000001,54.3322014714205
BT-03875,2023-10-24,East,Salon Wholesale,Lip Gloss,23,260.0,12.1,91.65,Pooja N,2023,October,4,5980.0,723.5799999999999,5256.42,2107.9500000000003,3148.47,59.897610921501695
BT-04379,2023-10-24,East,Online,Mascara,41,560.0,8.4,222.94,Pooja N,2023,October,4,22960.0,1928.64,21031.36,9140.539999999999,11890.820000000002,56.53852152214598
BT-01402,2023-10-25,West,General Trade,Hair Serum 100ml,58,510.0,33.9,214.66,Priya S,2023,October,4,29580.0,10027.619999999999,19552.38,12450.28,7102.1,36.32345525199489
BT-01432,2023-10-25,North,Modern Trade,Hydrating Moisturiser 50ml,47,460.0,8.0,141.13,Rohit K,2023,October,4,21620.0,1729.6000000000001,19890.4,6633.11,13257.29,66.65170132325142
BT-01713,2023-10-25,West,Salon Wholesale,Lip Gloss,26,280.0,39.4,79.18,Priya S,2023,October,4,7280.0,2868.3199999999997,4411.68,2058.6800000000003,2353.0,53.33569071192833
BT-02577,2023-10-25,South,Online,Hair Oil 200ml,23,250.0,21.7,75.15,Anand V,2023,October,4,5750.0,1247.75,4502.25,1728.45,2773.8,61.60919540229885
BT-03143,2023-10-25,South,Online,Under Eye Cream 15ml,33,640.0,28.8,195.97,Priya R,2023,October,4,21120.0,6082.56,15037.439999999999,6467.01,8570.429999999998,56.99394311797752
BT-03631,2023-10-25,South,Salon Wholesale,Lip Gloss,54,280.0,22.8,94.39,Kiran T,2023,October,4,15120.0,3447.36,11672.64,5097.06,6575.579999999999,56.33327165062916
BT-03744,2023-10-25,East,Pharmacy,Hair Serum 100ml,29,480.0,14.7,175.34,Meena G,2023,October,4,13920.0,2046.2399999999998,11873.76,5084.86,6788.900000000001,57.17565455255959
BT-03957,2023-10-25,East,Online,Face Wash 100ml,38,190.0,7.9,54.83,Meena G,2023,October,4,7220.0,570.38,6649.62,2083.54,4566.08,68.66678095891193
BT-04072,2023-10-25,North,Modern Trade,Compact Powder,34,260.0,10.1,92.07,Anjali M,2023,October,4,8840.0,892.8399999999999,7947.16,3130.3799999999997,4816.780000000001,60.61007957559683
BT-00435,2023-10-26,North,Salon Wholesale,Hair Oil 200ml,10,420.0,10.5,162.62,Deepa S,2023,October,4,4200.0,441.0,3759.0,1626.2,2132.8,56.738494280393724
BT-01036,2023-10-26,Central,Online,Face Wash 100ml,55,220.0,8.8,67.54,Vikram N,2023,October,4,12100.0,1064.8000000000002,11035.2,3714.7000000000003,7320.5,66.33771929824562
BT-01079,2023-10-26,East,Salon Wholesale,Hair Serum 100ml,37,490.0,11.8,209.43,Sneha B,2023,October,4,18130.0,2139.34,15990.66,7748.91,8241.75,51.54102457309454
BT-01502,2023-10-26,South,Modern Trade,Hydrating Moisturiser 50ml,6,440.0,25.6,162.18,Kiran T,2023,October,4,2640.0,675.84,1964.1599999999999,973.08,991.0799999999998,50.45821114369501
BT-02322,2023-10-26,South,Pharmacy,Rose Water Toner 200ml,35,310.0,24.7,83.58,Anand V,2023,October,4,10850.0,2679.95,8170.05,2925.2999999999997,5244.75,64.19483356895
BT-02702,2023-10-26,Central,Pharmacy,Under Eye Cream 15ml,11,880.0,12.6,268.14,Suresh K,2023,October,4,9680.0,1219.68,8460.32,2949.54,5510.78,65.13677969627626
BT-03028,2023-10-26,North,Modern Trade,Hair Oil 200ml,32,290.0,8.7,94.95,Anjali M,2023,October,4,9280.0,807.3599999999999,8472.64,3038.4,5434.24,64.1386864070703
BT-03228,2023-10-26,North,Online,Perfume 100ml EDP,36,1600.0,5.0,708.0,Deepa S,2023,October,4,57600.0,2880.0,54720.0,25488.0,29232.0,53.421052631578945
BT-03315,2023-10-26,South,General Trade,Night Repair Cream 50ml,30,810.0,16.9,322.06,Anand V,2023,October,4,24300.0,4106.7,20193.3,9661.8,10531.5,52.15343703109448
BT-03357,2023-10-26,East,Modern Trade,BB Cream 30ml,18,480.0,14.8,192.96,Sneha B,2023,October,4,8640.0,1278.7200000000003,7361.28,3473.28,3887.9999999999995,52.816901408450704
BT-03650,2023-10-26,East,Online,Blush Palette,16,800.0,6.0,373.2,Sneha B,2023,October,4,12800.0,768.0,12032.0,5971.2,6060.8,50.37234042553192
BT-03884,2023-10-26,South,Pharmacy,BB Cream 30ml,40,670.0,21.4,224.65,Kiran T,2023,October,4,26800.0,5735.2,21064.8,8986.0,12078.8,57.34115681136303
BT-03943,2023-10-26,North,General Trade,SPF 50 Sunscreen 100g,31,340.0,14.5,141.58,Rohit K,2023,October,4,10540.0,1528.3,9011.7,4388.9800000000005,4622.72,51.296869625042994
BT-03963,2023-10-26,East,Salon Wholesale,Blush Palette,6,580.0,5.2,248.18,Pooja N,2023,October,4,3480.0,180.96,3299.04,1489.08,1809.96,54.86323294049178
BT-04287,2023-10-26,Central,Modern Trade,Hydrating Moisturiser 50ml,31,510.0,11.9,185.54,Vikram N,2023,October,4,15810.0,1881.39,13928.61,5751.74,8176.870000000001,58.705570764060454
BT-04524,2023-10-26,West,General Trade,Micellar Cleansing Water,46,470.0,43.8,149.27,Priya S,2023,October,4,21620.0,9469.56,12150.44,6866.42,5284.02,43.48830165821156
BT-04604,2023-10-26,West,Pharmacy,Mascara,16,400.0,25.8,160.08,Nidhi C,2023,October,4,6400.0,1651.2,4748.8,2561.28,2187.52,46.064690026954175
BT-04973,2023-10-26,West,Online,Blush Palette,19,620.0,31.2,249.86,Nidhi C,2023,October,4,11780.0,3675.36,8104.639999999999,4747.34,3357.2999999999993,41.42441860465116
BT-00578,2023-10-27,South,Online,Face Wash 100ml,54,240.0,23.7,77.06,Priya R,2023,October,4,12960.0,3071.52,9888.48,4161.24,5727.24,57.91830493665356
BT-00820,2023-10-27,West,Online,Mascara,26,470.0,22.2,182.55,Rahul D,2023,October,4,12220.0,2712.84,9507.16,4746.3,4760.86,50.07657386643329
BT-00989,2023-10-27,West,Pharmacy,Hair Serum 100ml,52,620.0,30.6,204.66,Nidhi C,2023,October,4,32240.0,9865.44,22374.559999999998,10642.32,11732.239999999998,52.43562331505066
BT-01258,2023-10-27,North,Salon Wholesale,Compact Powder,22,370.0,10.9,129.39,Anjali M,2023,October,4,8140.0,887.26,7252.74,2846.58,4406.16,60.75166075166075
BT-01422,2023-10-27,West,Online,Hair Oil 200ml,32,350.0,32.7,122.22,Nidhi C,2023,October,4,11200.0,3662.4,7537.6,3911.04,3626.5600000000004,48.11292719167905
BT-01584,2023-10-27,East,Salon Wholesale,BB Cream 30ml,27,600.0,9.7,208.26,Sneha B,2023,October,4,16200.0,1571.3999999999999,14628.6,5623.0199999999995,9005.580000000002,61.56146179401995
BT-01734,2023-10-27,Central,Online,Nail Polish Set (12pc),46,500.0,9.0,235.75,Vikram N,2023,October,4,23000.0,2070.0,20930.0,10844.5,10085.5,48.18681318681319
BT-01759,2023-10-27,Central,Online,Night Repair Cream 50ml,50,1000.0,6.1,342.5,Suresh K,2023,October,4,50000.0,3050.0,46950.0,17125.0,29825.0,63.52502662406816
BT-02572,2023-10-27,Central,Pharmacy,Under Eye Cream 15ml,46,870.0,7.6,328.25,Vikram N,2023,October,4,40020.0,3041.52,36978.48,15099.5,21878.980000000003,59.16679106334279
BT-02787,2023-10-27,North,Pharmacy,BB Cream 30ml,37,640.0,10.2,242.88,Anjali M,2023,October,4,23680.0,2415.3599999999997,21264.64,8986.56,12278.08,57.73942093541202
BT-02856,2023-10-27,North,Salon Wholesale,Hair Serum 100ml,5,650.0,5.8,269.03,Anjali M,2023,October,4,3250.0,188.5,3061.5,1345.1499999999999,1716.3500000000001,56.06238771843868
BT-02872,2023-10-27,East,Pharmacy,Night Repair Cream 50ml,8,750.0,12.0,276.82,Pooja N,2023,October,4,6000.0,720.0,5280.0,2214.56,3065.44,58.05757575757576
BT-03067,2023-10-27,Central,Salon Wholesale,Mascara,37,390.0,10.8,152.53,Vikram N,2023,October,4,14430.0,1558.4400000000003,12871.56,5643.61,7227.95,56.15442106473497
BT-03259,2023-10-27,North,Modern Trade,Perfume 100ml EDP,41,1900.0,6.2,954.56,Deepa S,2023,October,4,77900.0,4829.8,73070.2,39136.96,33933.24,46.43923240938167
BT-03833,2023-10-27,North,Pharmacy,Night Repair Cream 50ml,24,880.0,4.8,301.05,Deepa S,2023,October,4,21120.0,1013.76,20106.24,7225.200000000001,12881.04,64.06488731856379
BT-04856,2023-10-27,East,Salon Wholesale,Night Repair Cream 50ml,30,1020.0,7.9,338.44,Pooja N,2023,October,4,30600.0,2417.4,28182.6,10153.2,18029.399999999998,63.973515573438924
BT-04865,2023-10-27,North,Pharmacy,Lip Gloss,25,310.0,6.0,108.25,Deepa S,2023,October,4,7750.0,465.0,7285.0,2706.25,4578.75,62.85175017158545
BT-00185,2023-10-28,South,Pharmacy,Face Wash 100ml,49,270.0,23.0,81.92,Anand V,2023,October,4,13230.0,3042.9,10187.1,4014.08,6173.02,60.5964405964406
BT-00334,2023-10-28,East,Modern Trade,SPF 50 Sunscreen 100g,38,380.0,10.3,137.48,Pooja N,2023,October,4,14440.0,1487.3200000000002,12952.68,5224.24,7728.4400000000005,59.66672534178256
BT-00474,2023-10-28,East,Modern Trade,BB Cream 30ml,31,590.0,14.7,222.72,Sneha B,2023,October,4,18290.0,2688.6299999999997,15601.37,6904.32,8697.050000000001,55.74542492101655
BT-00829,2023-10-28,Central,Pharmacy,Eyeshadow Palette 9-shade,11,960.0,10.2,475.39,Sunita P,2023,October,4,10560.0,1077.12,9482.880000000001,5229.29,4253.590000000001,44.85546585003712
BT-01232,2023-10-28,North,General Trade,Eyeshadow Palette 9-shade,23,670.0,13.3,294.33,Rohit K,2023,October,4,15410.0,2049.53,13360.47,6769.589999999999,6590.88,49.331198677890825
BT-01419,2023-10-28,North,General Trade,BB Cream 30ml,28,540.0,6.6,175.82,Rohit K,2023,October,4,15120.0,997.9200000000001,14122.08,4922.96,9199.119999999999,65.13997937980807
BT-01925,2023-10-28,West,Online,Blush Palette,12,610.0,33.3,237.35,Rahul D,2023,October,4,7320.0,2437.56,4882.4400000000005,2848.2,2034.2400000000007,41.66441369479196
BT-02154,2023-10-28,Central,Online,Kajal Eye Pencil,25,140.0,7.2,38.14,Suresh K,2023,October,4,3500.0,252.00000000000003,3248.0,953.5,2294.5,70.64347290640394
BT-02375,2023-10-28,West,Online,Face Wash 100ml,15,240.0,38.9,69.58,Priya S,2023,October,4,3600.0,1400.4,2199.6,1043.7,1155.8999999999999,52.55046372067649
BT-02378,2023-10-28,West,Online,Face Wash 100ml,45,290.0,30.3,88.8,Nidhi C,2023,October,4,13050.0,3954.15,9095.85,3996.0,5099.85,56.06787710879138
BT-02585,2023-10-28,West,Online,Blush Palette,30,570.0,24.9,243.33,Rahul D,2023,October,4,17100.0,4257.9,12842.1,7299.900000000001,5542.2,43.1564930969234
BT-02745,2023-10-28,East,Salon Wholesale,Under Eye Cream 15ml,25,670.0,10.9,223.58,Pooja N,2023,October,4,16750.0,1825.75,14924.25,5589.5,9334.75,62.54753170176056
BT-02790,2023-10-28,East,Pharmacy,Under Eye Cream 15ml,40,750.0,5.1,231.52,Pooja N,2023,October,4,30000.0,1530.0,28470.0,9260.800000000001,19209.199999999997,67.47172462240954
BT-03010,2023-10-28,East,Online,Night Repair Cream 50ml,52,1020.0,13.9,333.74,Pooja N,2023,October,4,53040.0,7372.56,45667.44,17354.48,28312.960000000003,61.99813258636788
BT-03185,2023-10-28,East,Online,Eyeshadow Palette 9-shade,2,760.0,6.0,332.04,Pooja N,2023,October,4,1520.0,91.2,1428.8,664.08,764.7199999999999,53.52183650615901
BT-03300,2023-10-28,North,Pharmacy,Compact Powder,8,320.0,13.8,103.55,Rohit K,2023,October,4,2560.0,353.28000000000003,2206.72,828.4,1378.3199999999997,62.46012180974477
BT-03413,2023-10-28,South,Online,Mascara,43,400.0,20.2,178.0,Kiran T,2023,October,4,17200.0,3474.3999999999996,13725.6,7654.0,6071.6,44.23558897243108
BT-03415,2023-10-28,Central,Pharmacy,Blush Palette,57,540.0,9.1,257.69,Vikram N,2023,October,4,30780.0,2800.98,27979.02,14688.33,13290.69,47.502342826875285
BT-04110,2023-10-28,South,Salon Wholesale,Rose Water Toner 200ml,15,240.0,16.4,57.77,Anand V,2023,October,4,3600.0,590.4,3009.6,866.5500000000001,2143.0499999999997,71.20713716108452
BT-04212,2023-10-28,North,Modern Trade,Micellar Cleansing Water,39,290.0,11.2,99.96,Deepa S,2023,October,4,11310.0,1266.7199999999998,10043.28,3898.4399999999996,6144.840000000001,61.18359739049395
BT-00698,2023-10-29,East,Salon Wholesale,BB Cream 30ml,26,550.0,10.2,178.31,Sneha B,2023,October,4,14300.0,1458.6,12841.4,4636.06,8205.34,63.89755011135858
BT-00848,2023-10-29,East,General Trade,Night Repair Cream 50ml,32,1000.0,12.8,337.3,Meena G,2023,October,4,32000.0,4096.0,27904.0,10793.6,17110.4,61.31880733944954
BT-01002,2023-10-29,North,Modern Trade,Kajal Eye Pencil,28,180.0,9.1,62.03,Rohit K,2023,October,4,5040.0,458.64,4581.36,1736.8400000000001,2844.5199999999995,62.088986676445415
BT-01123,2023-10-29,North,General Trade,Blush Palette,46,570.0,6.9,229.82,Anjali M,2023,October,4,26220.0,1809.18,24410.82,10571.72,13839.1,56.6924830874178
BT-01293,2023-10-29,South,Online,Under Eye Cream 15ml,32,740.0,26.7,280.39,Kiran T,2023,October,4,23680.0,6322.56,17357.44,8972.48,8384.96,48.30758452859408
BT-01440,2023-10-29,North,Salon Wholesale,Matte Lipstick,59,280.0,7.2,104.78,Anjali M,2023,October,4,16520.0,1189.44,15330.56,6182.02,9148.539999999999,59.675184729064036
BT-01604,2023-10-29,South,Online,Hair Serum 100ml,54,660.0,24.6,254.63,Priya R,2023,October,4,35640.0,8767.44,26872.559999999998,13750.02,13122.539999999997,48.83248934973072
BT-01676,2023-10-29,West,Modern Trade,Night Repair Cream 50ml,22,840.0,39.6,325.58,Nidhi C,2023,October,4,18480.0,7318.08,11161.92,7162.759999999999,3999.1600000000008,35.828602964364556
BT-01825,2023-10-29,East,Online,Lip Gloss,13,300.0,6.3,85.08,Pooja N,2023,October,4,3900.0,245.7,3654.3,1106.04,2548.26,69.7331910352188
BT-02130,2023-10-29,South,Pharmacy,Micellar Cleansing Water,16,430.0,16.4,154.03,Kiran T,2023,October,4,6880.0,1128.32,5751.68,2464.48,3287.2000000000003,57.15199732947591
BT-02214,2023-10-29,East,Salon Wholesale,Mascara,35,460.0,15.5,205.85,Sneha B,2023,October,4,16100.0,2495.5,13604.5,7204.75,6399.75,47.0414201183432
BT-02239,2023-10-29,Central,Salon Wholesale,Mascara,2,550.0,4.8,208.78,Sunita P,2023,October,4,1100.0,52.800000000000004,1047.2,417.56,629.6400000000001,60.12605042016808
BT-03112,2023-10-29,East,Online,SPF 50 Sunscreen 100g,39,480.0,9.7,201.55,Pooja N,2023,October,4,18720.0,1815.8399999999997,16904.16,7860.450000000001,9043.71,53.49990771502399
BT-03274,2023-10-29,South,Modern Trade,Nail Polish Set (12pc),2,450.0,16.6,209.61,Anand V,2023,October,4,900.0,149.4,750.6,419.22,331.38,44.148681055155876
BT-03342,2023-10-29,South,Online,Eyeshadow Palette 9-shade,3,870.0,28.0,373.93,Priya R,2023,October,4,2610.0,730.8000000000001,1879.1999999999998,1121.79,757.4099999999999,40.304916985951465
BT-03601,2023-10-29,Central,General Trade,Kajal Eye Pencil,56,230.0,4.8,79.79,Sunita P,2023,October,4,12880.0,618.24,12261.76,4468.240000000001,7793.5199999999995,63.55955425648519
BT-03734,2023-10-29,South,Modern Trade,Night Repair Cream 50ml,23,750.0,26.0,309.0,Priya R,2023,October,4,17250.0,4485.0,12765.0,7107.0,5658.0,44.32432432432433
BT-03899,2023-10-29,East,General Trade,Night Repair Cream 50ml,60,890.0,11.7,321.29,Meena G,2023,October,4,53400.0,6247.799999999999,47152.2,19277.4,27874.799999999996,59.11664779161947
BT-04591,2023-10-29,East,General Trade,Eyeshadow Palette 9-shade,10,740.0,10.4,357.05,Meena G,2023,October,4,7400.0,769.6,6630.4,3570.5,3059.8999999999996,46.14955357142857
BT-04619,2023-10-29,East,Pharmacy,Night Repair Cream 50ml,17,860.0,14.5,326.2,Meena G,2023,October,4,14620.0,2119.8999999999996,12500.1,5545.4,6954.700000000001,55.63715490276078
BT-04785,2023-10-29,West,General Trade,Matte Lipstick,30,440.0,34.6,143.48,Nidhi C,2023,October,4,13200.0,4567.200000000001,8632.8,4304.4,4328.4,50.139004726160685
BT-04933,2023-10-29,South,General Trade,Night Repair Cream 50ml,25,690.0,23.8,283.45,Anand V,2023,October,4,17250.0,4105.5,13144.5,7086.25,6058.25,46.08961923237856
BT-01590,2023-10-30,North,Salon Wholesale,Vitamin C Face Serum 30ml,43,720.0,7.5,253.3,Anjali M,2023,October,4,30960.0,2322.0,28638.0,10891.9,17746.1,61.966966966966964
BT-01838,2023-10-30,South,Modern Trade,Matte Lipstick,51,410.0,25.0,136.9,Anand V,2023,October,4,20910.0,5227.5,15682.5,6981.900000000001,8700.599999999999,55.47967479674796
BT-02094,2023-10-30,South,General Trade,Hydrating Moisturiser 50ml,46,450.0,21.7,175.72,Kiran T,2023,October,4,20700.0,4491.9,16208.1,8083.12,8124.9800000000005,50.12913296438201
BT-02140,2023-10-30,East,Modern Trade,Nail Polish Set (12pc),19,650.0,15.7,301.01,Sneha B,2023,October,4,12350.0,1938.95,10411.05,5719.19,4691.86,45.06615567113788
BT-03587,2023-10-30,Central,Modern Trade,Matte Lipstick,34,460.0,8.1,178.02,Vikram N,2023,October,4,15640.0,1266.8400000000001,14373.16,6052.68,8320.48,57.889009793253535
BT-03861,2023-10-30,South,General Trade,SPF 50 Sunscreen 100g,58,340.0,20.7,139.91,Anand V,2023,October,4,19720.0,4082.04,15637.96,8114.78,7523.179999999999,48.10844892812106
BT-03991,2023-10-30,East,General Trade,Hydrating Moisturiser 50ml,5,620.0,9.0,188.54,Pooja N,2023,October,4,3100.0,279.0,2821.0,942.6999999999999,1878.3000000000002,66.58277206664303
BT-04036,2023-10-30,East,General Trade,Mascara,20,580.0,11.3,257.11,Pooja N,2023,October,4,11600.0,1310.8,10289.2,5142.200000000001,5147.0,50.02332542860475
BT-04039,2023-10-30,East,General Trade,Mascara,48,470.0,11.8,202.24,Meena G,2023,October,4,22560.0,2662.0800000000004,19897.92,9707.52,10190.399999999998,51.21339315868191
BT-00442,2023-10-31,East,Modern Trade,Nail Polish Set (12pc),41,520.0,13.3,220.74,Pooja N,2023,October,4,21320.0,2835.56,18484.44,9050.34,9434.099999999999,51.03806228373702
BT-00645,2023-10-31,West,Salon Wholesale,Blush Palette,34,530.0,30.7,205.27,Priya S,2023,October,4,18020.0,5532.14,12487.86,6979.18,5508.68,44.112281848130905
BT-01233,2023-10-31,South,Salon Wholesale,Nail Polish Set (12pc),30,520.0,22.5,205.4,Anand V,2023,October,4,15600.0,3510.0,12090.0,6162.0,5928.0,49.03225806451613
BT-01705,2023-10-31,South,General Trade,Under Eye Cream 15ml,25,550.0,25.1,201.69,Priya R,2023,October,4,13750.0,3451.25,10298.75,5042.25,5256.5,51.04017477849253
BT-01818,2023-10-31,West,General Trade,Face Wash 100ml,20,250.0,40.5,73.1,Priya S,2023,October,4,5000.0,2025.0000000000002,2975.0,1462.0,1513.0,50.857142857142854
BT-02153,2023-10-31,South,General Trade,Nail Polish Set (12pc),15,680.0,24.2,314.16,Kiran T,2023,October,4,10200.0,2468.4,7731.6,4712.400000000001,3019.2,39.05013192612137
BT-02183,2023-10-31,West,Pharmacy,Perfume 100ml EDP,20,1740.0,39.6,710.44,Priya S,2023,October,4,34800.0,13780.800000000001,21019.199999999997,14208.800000000001,6810.399999999996,32.40085255385551
BT-02618,2023-10-31,West,Modern Trade,Nail Polish Set (12pc),52,430.0,36.1,184.9,Nidhi C,2023,October,4,22360.0,8071.96,14288.04,9614.800000000001,4673.24,32.70735524256651
BT-02909,2023-10-31,Central,Pharmacy,Hair Oil 200ml,17,240.0,6.6,72.02,Sunita P,2023,October,4,4080.0,269.28000000000003,3810.72,1224.34,2586.38,67.87116345467524
BT-03020,2023-10-31,Central,Modern Trade,Compact Powder,6,390.0,8.1,131.27,Vikram N,2023,October,4,2340.0,189.54,2150.46,787.6200000000001,1362.84,63.37434781395608
BT-03114,2023-10-31,West,Pharmacy,Nail Polish Set (12pc),53,530.0,39.3,252.01,Rahul D,2023,October,4,28090.0,11039.369999999999,17050.63,13356.529999999999,3694.100000000002,21.665475117341717
BT-03316,2023-10-31,West,General Trade,Mascara,25,500.0,39.5,205.35,Nidhi C,2023,October,4,12500.0,4937.5,7562.5,5133.75,2428.75,32.11570247933884
BT-03390,2023-10-31,East,Salon Wholesale,BB Cream 30ml,51,690.0,12.2,233.5,Meena G,2023,October,4,35190.0,4293.18,30896.82,11908.5,18988.32,61.4571985078076
BT-03392,2023-10-31,South,Modern Trade,BB Cream 30ml,22,600.0,15.9,233.7,Kiran T,2023,October,4,13200.0,2098.8,11101.2,5141.4,5959.800000000001,53.68608799048752
BT-03397,2023-10-31,South,Pharmacy,Kajal Eye Pencil,17,220.0,17.7,55.75,Anand V,2023,October,4,3740.0,661.98,3078.02,947.75,2130.27,69.20910195515299
BT-03510,2023-10-31,North,Modern Trade,SPF 50 Sunscreen 100g,37,480.0,8.7,179.86,Rohit K,2023,October,4,17760.0,1545.12,16214.880000000001,6654.820000000001,9560.060000000001,58.95856151880249
BT-04614,2023-10-31,South,Pharmacy,Kajal Eye Pencil,46,180.0,20.9,55.3,Kiran T,2023,October,4,8280.0,1730.52,6549.48,2543.7999999999997,4005.68,61.16027531956736
BT-00010,2023-11-01,East,General Trade,Under Eye Cream 15ml,33,760.0,8.6,276.64,Pooja N,2023,November,4,25080.0,2156.8799999999997,22923.12,9129.119999999999,13794.0,60.17505470459519
BT-00109,2023-11-01,East,Online,Perfume 100ml EDP,60,2490.0,16.4,1015.42,Meena G,2023,November,4,149400.0,24501.6,124898.4,60925.2,63973.2,51.22019177187218
BT-00177,2023-11-01,South,Pharmacy,Night Repair Cream 50ml,50,1040.0,26.5,336.34,Priya R,2023,November,4,52000.0,13780.0,38220.0,16817.0,21403.0,55.999476713762434
BT-00727,2023-11-01,East,Salon Wholesale,Night Repair Cream 50ml,18,1190.0,7.9,402.93,Pooja N,2023,November,4,21420.0,1692.18,19727.82,7252.74,12475.08,63.235978430460136
BT-01144,2023-11-01,North,Online,SPF 50 Sunscreen 100g,4,480.0,9.4,179.38,Anjali M,2023,November,4,1920.0,180.48,1739.52,717.52,1022.0,58.75183958793231
BT-01278,2023-11-01,East,Modern Trade,Matte Lipstick,5,350.0,12.3,120.02,Pooja N,2023,November,4,1750.0,215.25000000000003,1534.75,600.1,934.65,60.89916924580551
BT-01530,2023-11-01,South,Pharmacy,Hydrating Moisturiser 50ml,45,510.0,30.0,157.69,Priya R,2023,November,4,22950.0,6885.0,16065.0,7096.05,8968.95,55.82913165266107
BT-01627,2023-11-01,East,Salon Wholesale,Hair Serum 100ml,15,550.0,10.1,224.4,Sneha B,2023,November,4,8250.0,833.2499999999999,7416.75,3366.0,4050.75,54.61624026696329
BT-01776,2023-11-01,North,Pharmacy,Hair Serum 100ml,9,670.0,6.3,247.97,Rohit K,2023,November,4,6030.0,379.89,5650.11,2231.73,3418.3799999999997,60.50112298698609
BT-02370,2023-11-01,South,Modern Trade,BB Cream 30ml,29,530.0,19.0,189.05,Kiran T,2023,November,4,15370.0,2920.3,12449.7,5482.450000000001,6967.25,55.96319590030282
BT-02475,2023-11-01,North,General Trade,Vitamin C Face Serum 30ml,13,590.0,6.8,165.79,Rohit K,2023,November,4,7670.0,521.5600000000001,7148.44,2155.27,4993.17,69.84978540772534
BT-03262,2023-11-01,Central,General Trade,Perfume 100ml EDP,16,2630.0,12.4,1293.96,Vikram N,2023,November,4,42080.0,5217.92,36862.08,20703.36,16158.720000000001,43.83561643835617
BT-03437,2023-11-01,East,Modern Trade,Vitamin C Face Serum 30ml,12,620.0,9.9,188.98,Sneha B,2023,November,4,7440.0,736.5600000000001,6703.44,2267.7599999999998,4435.68,66.17020514840142
BT-03614,2023-11-01,East,Online,Perfume 100ml EDP,37,1520.0,14.0,756.81,Sneha B,2023,November,4,56240.0,7873.6,48366.4,28001.969999999998,20364.430000000004,42.10449816401469
BT-03675,2023-11-01,South,Modern Trade,Vitamin C Face Serum 30ml,51,550.0,18.5,184.14,Priya R,2023,November,4,28050.0,5189.25,22860.75,9391.14,13469.61,58.920245398773005
BT-04357,2023-11-01,East,General Trade,Rose Water Toner 200ml,25,230.0,12.1,56.7,Pooja N,2023,November,4,5750.0,695.75,5054.25,1417.5,3636.75,71.95429588959786
BT-00915,2023-11-02,East,Pharmacy,Night Repair Cream 50ml,15,750.0,10.4,313.88,Pooja N,2023,November,4,11250.0,1170.0,10080.0,4708.2,5371.8,53.29166666666667
BT-01131,2023-11-02,West,General Trade,SPF 50 Sunscreen 100g,53,430.0,30.0,172.65,Priya S,2023,November,4,22790.0,6837.0,15953.0,9150.45,6802.549999999999,42.64119601328903
BT-01724,2023-11-02,South,Online,Rose Water Toner 200ml,3,310.0,20.6,68.26,Anand V,2023,November,4,930.0,191.58,738.42,204.78000000000003,533.6399999999999,72.26781506459737
BT-01729,2023-11-02,South,Pharmacy,Vitamin C Face Serum 30ml,33,590.0,15.8,212.05,Kiran T,2023,November,4,19470.0,3076.26,16393.739999999998,6997.650000000001,9396.089999999997,57.31510930391721
BT-01751,2023-11-02,East,Pharmacy,Night Repair Cream 50ml,56,680.0,7.6,230.38,Pooja N,2023,November,4,38080.0,2894.08,35185.92,12901.279999999999,22284.64,63.33396995161701
BT-01780,2023-11-02,East,Online,Compact Powder,41,320.0,13.0,112.54,Pooja N,2023,November,4,13120.0,1705.6000000000001,11414.4,4614.14,6800.259999999999,59.57614942528735
BT-02170,2023-11-02,South,Online,Hair Oil 200ml,21,260.0,24.0,94.51,Anand V,2023,November,4,5460.0,1310.3999999999999,4149.6,1984.71,2164.8900000000003,52.17105263157895
BT-02540,2023-11-02,Central,General Trade,Lip Gloss,56,340.0,12.7,98.91,Vikram N,2023,November,4,19040.0,2418.08,16621.92,5538.96,11082.96,66.67677380230442
BT-02901,2023-11-02,East,Pharmacy,Compact Powder,11,480.0,10.9,166.32,Pooja N,2023,November,4,5280.0,575.52,4704.48,1829.52,2874.9599999999996,61.11111111111111
BT-02956,2023-11-02,East,Pharmacy,Compact Powder,9,360.0,4.1,142.7,Pooja N,2023,November,4,3240.0,132.83999999999997,3107.16,1284.3,1822.86,58.66643494380721
BT-03008,2023-11-02,South,Pharmacy,Micellar Cleansing Water,12,330.0,28.0,108.04,Kiran T,2023,November,4,3960.0,1108.8000000000002,2851.2,1296.48,1554.7199999999998,54.52861952861953
BT-03184,2023-11-02,North,Salon Wholesale,Compact Powder,55,270.0,6.8,90.45,Rohit K,2023,November,4,14850.0,1009.8000000000001,13840.2,4974.75,8865.45,64.05579399141631
BT-03724,2023-11-02,South,Modern Trade,Matte Lipstick,47,300.0,25.9,98.4,Kiran T,2023,November,4,14100.0,3651.9,10448.1,4624.8,5823.3,55.735492577597846
BT-03783,2023-11-02,South,Online,Nail Polish Set (12pc),54,620.0,12.6,275.28,Anand V,2023,November,4,33480.0,4218.4800000000005,29261.52,14865.119999999999,14396.400000000001,49.19908466819222
BT-00266,2023-11-03,North,Online,Nail Polish Set (12pc),42,550.0,10.7,247.66,Rohit K,2023,November,4,23100.0,2471.7,20628.3,10401.72,10226.58,49.57548610404154
BT-00335,2023-11-03,West,Modern Trade,Hydrating Moisturiser 50ml,31,580.0,31.3,185.95,Nidhi C,2023,November,4,17980.0,5627.74,12352.26,5764.45,6587.81,53.33283140089344
BT-00551,2023-11-03,Central,Online,SPF 50 Sunscreen 100g,6,500.0,8.4,178.2,Suresh K,2023,November,4,3000.0,252.00000000000003,2748.0,1069.1999999999998,1678.8000000000002,61.091703056768566
BT-00866,2023-11-03,South,Pharmacy,Face Wash 100ml,50,210.0,24.8,60.4,Anand V,2023,November,4,10500.0,2604.0,7896.0,3020.0,4876.0,61.75278622087133
BT-00917,2023-11-03,East,General Trade,Hair Oil 200ml,17,420.0,15.1,159.05,Meena G,2023,November,4,7140.0,1078.1399999999999,6061.860000000001,2703.8500000000004,3358.01,55.39570362891918
BT-00941,2023-11-03,Central,Pharmacy,Night Repair Cream 50ml,53,1020.0,7.7,392.8,Vikram N,2023,November,4,54060.0,4162.62,49897.38,20818.4,29078.979999999996,58.277568882374176
BT-01911,2023-11-03,East,General Trade,Hair Serum 100ml,9,590.0,10.7,236.89,Meena G,2023,November,4,5310.0,568.17,4741.83,2132.0099999999998,2609.82,55.0382447283011
BT-02037,2023-11-03,South,Salon Wholesale,Blush Palette,60,600.0,20.8,276.6,Kiran T,2023,November,4,36000.0,7488.000000000001,28512.0,16596.0,11916.0,41.792929292929294
BT-02146,2023-11-03,North,General Trade,Nail Polish Set (12pc),43,460.0,6.0,204.75,Anjali M,2023,November,4,19780.0,1186.8,18593.2,8804.25,9788.95,52.64801110083256
BT-02316,2023-11-03,East,Online,Eyeshadow Palette 9-shade,44,970.0,10.8,470.64,Pooja N,2023,November,4,42680.0,4609.4400000000005,38070.56,20708.16,17362.399999999998,45.60584346539688
BT-02423,2023-11-03,South,Online,Perfume 100ml EDP,25,1280.0,18.8,603.78,Anand V,2023,November,4,32000.0,6016.0,25984.0,15094.5,10889.5,41.908482142857146
BT-03470,2023-11-03,East,Online,Blush Palette,37,710.0,13.1,313.18,Sneha B,2023,November,4,26270.0,3441.3700000000003,22828.63,11587.66,11240.970000000001,49.24066840629508
BT-03502,2023-11-03,Central,General Trade,Micellar Cleansing Water,14,370.0,7.8,131.5,Sunita P,2023,November,4,5180.0,404.04,4775.96,1841.0,2934.96,61.45277598639854
BT-04041,2023-11-03,North,Modern Trade,Face Wash 100ml,34,210.0,7.5,61.21,Anjali M,2023,November,4,7140.0,535.5,6604.5,2081.14,4523.360000000001,68.48906048906049
BT-04483,2023-11-03,North,Modern Trade,Kajal Eye Pencil,23,220.0,14.8,61.01,Rohit K,2023,November,4,5060.0,748.8800000000001,4311.12,1403.23,2907.89,67.45091762697396
BT-04717,2023-11-03,South,Modern Trade,Perfume 100ml EDP,45,2380.0,24.4,1233.79,Kiran T,2023,November,4,107100.0,26132.399999999998,80967.6,55520.549999999996,25447.05000000001,31.42868258414478
BT-00120,2023-11-04,South,Modern Trade,Kajal Eye Pencil,54,190.0,31.0,54.57,Priya R,2023,November,4,10260.0,3180.6,7079.4,2946.78,4132.619999999999,58.37528604118992
BT-00225,2023-11-04,North,General Trade,Lip Gloss,12,330.0,13.5,108.47,Rohit K,2023,November,4,3960.0,534.6,3425.4,1301.6399999999999,2123.76,62.00035032404975
BT-00591,2023-11-04,East,Online,Perfume 100ml EDP,31,2560.0,14.6,1204.99,Sneha B,2023,November,4,79360.0,11586.56,67773.44,37354.69,30418.75,44.88299546252927
BT-00754,2023-11-04,North,Pharmacy,Hair Oil 200ml,57,400.0,9.4,141.72,Rohit K,2023,November,4,22800.0,2143.2,20656.8,8078.04,12578.759999999998,60.894039735099334
BT-00969,2023-11-04,West,Online,Hair Serum 100ml,59,550.0,29.9,193.77,Nidhi C,2023,November,4,32450.0,9702.55,22747.45,11432.43,11315.02,49.74192711710543
BT-01628,2023-11-04,West,Modern Trade,BB Cream 30ml,44,670.0,33.3,251.18,Priya S,2023,November,4,29480.0,9816.839999999998,19663.160000000003,11051.92,8611.240000000003,43.79377475441385
BT-01968,2023-11-04,East,Modern Trade,Eyeshadow Palette 9-shade,57,630.0,9.9,263.78,Sneha B,2023,November,4,35910.0,3555.09,32354.91,15035.46,17319.45,53.52958793580326
BT-02028,2023-11-04,South,Salon Wholesale,Night Repair Cream 50ml,39,680.0,27.4,236.71,Kiran T,2023,November,4,26520.0,7266.479999999999,19253.52,9231.69,10021.83,52.05193647707016
BT-02308,2023-11-04,West,General Trade,Mascara,31,530.0,27.0,206.65,Rahul D,2023,November,4,16430.0,4436.1,11993.9,6406.150000000001,5587.749999999999,46.58826570173171
BT-03633,2023-11-04,Central,Salon Wholesale,Kajal Eye Pencil,21,140.0,5.1,45.5,Vikram N,2023,November,4,2940.0,149.94,2790.06,955.5,1834.56,65.75342465753424
BT-03841,2023-11-04,East,Pharmacy,Compact Powder,52,270.0,9.7,81.65,Meena G,2023,November,4,14040.0,1361.8799999999999,12678.12,4245.8,8432.32,66.5108075960789
BT-04064,2023-11-04,North,Online,Micellar Cleansing Water,30,450.0,9.9,148.19,Rohit K,2023,November,4,13500.0,1336.5,12163.5,4445.7,7717.8,63.45048711308423
BT-04928,2023-11-04,South,Online,Night Repair Cream 50ml,25,930.0,22.7,347.08,Priya R,2023,November,4,23250.0,5277.749999999999,17972.25,8677.0,9295.25,51.720012797507266
BT-00298,2023-11-05,West,Pharmacy,Hydrating Moisturiser 50ml,8,450.0,43.9,163.67,Priya S,2023,November,4,3600.0,1580.4,2019.6,1309.36,710.24,35.167359873242226
BT-00945,2023-11-05,West,Pharmacy,Micellar Cleansing Water,36,350.0,39.6,124.77,Rahul D,2023,November,4,12600.0,4989.6,7610.4,4491.72,3118.6799999999994,40.97918637653736
BT-01093,2023-11-05,North,Salon Wholesale,Hair Serum 100ml,5,550.0,6.8,183.31,Anjali M,2023,November,4,2750.0,187.0,2563.0,916.55,1646.45,64.23917284432305
BT-01398,2023-11-05,West,Online,Matte Lipstick,45,510.0,39.5,199.61,Priya S,2023,November,4,22950.0,9065.25,13884.75,8982.45,4902.299999999999,35.30708151029006
BT-01456,2023-11-05,West,Pharmacy,Kajal Eye Pencil,34,160.0,38.7,52.53,Priya S,2023,November,4,5440.0,2105.28,3334.72,1786.02,1548.6999999999998,46.44168026101141
BT-01500,2023-11-05,West,Modern Trade,Micellar Cleansing Water,42,380.0,25.5,134.37,Nidhi C,2023,November,4,15960.0,4069.8,11890.2,5643.54,6246.660000000001,52.53620628753091
BT-01973,2023-11-05,North,Pharmacy,Rose Water Toner 200ml,29,260.0,6.7,69.08,Rohit K,2023,November,4,7540.0,505.18,7034.82,2003.32,5031.5,71.52279660318246
BT-02803,2023-11-05,South,Online,Lip Gloss,49,230.0,19.4,70.27,Anand V,2023,November,4,11270.0,2186.3799999999997,9083.62,3443.23,5640.390000000001,62.09407703096343
BT-03608,2023-11-05,East,Online,Under Eye Cream 15ml,35,890.0,9.7,323.78,Pooja N,2023,November,4,31150.0,3021.5499999999997,28128.45,11332.3,16796.15,59.712319733223836
BT-03722,2023-11-05,South,General Trade,Matte Lipstick,21,450.0,24.9,160.78,Kiran T,2023,November,4,9450.0,2353.05,7096.95,3376.38,3720.5699999999997,52.424914928243815
BT-04469,2023-11-05,Central,Pharmacy,Nail Polish Set (12pc),39,590.0,11.3,245.91,Vikram N,2023,November,4,23010.0,2600.13,20409.87,9590.49,10819.38,53.01052872948235
BT-04842,2023-11-05,North,Pharmacy,Rose Water Toner 200ml,32,320.0,10.9,71.42,Rohit K,2023,November,4,10240.0,1116.16,9123.84,2285.44,6838.4,74.95089786756452
BT-00615,2023-11-06,West,Modern Trade,Mascara,53,400.0,35.4,168.64,Priya S,2023,November,4,21200.0,7504.799999999999,13695.2,8937.92,4757.280000000001,34.73684210526316
BT-00637,2023-11-06,West,General Trade,SPF 50 Sunscreen 100g,19,380.0,27.9,156.86,Nidhi C,2023,November,4,7220.0,2014.3799999999999,5205.62,2980.34,2225.2799999999997,42.747645813563025
BT-01426,2023-11-06,West,Online,Vitamin C Face Serum 30ml,4,520.0,38.5,169.1,Nidhi C,2023,November,4,2080.0,800.8000000000001,1279.1999999999998,676.4,602.7999999999998,47.123202001250775
BT-01481,2023-11-06,West,Salon Wholesale,Eyeshadow Palette 9-shade,12,620.0,33.1,294.44,Nidhi C,2023,November,4,7440.0,2462.6400000000003,4977.36,3533.2799999999997,1444.08,29.012970731472105
BT-01605,2023-11-06,East,Pharmacy,Nail Polish Set (12pc),48,640.0,6.6,293.7,Sneha B,2023,November,4,30720.0,2027.52,28692.48,14097.599999999999,14594.880000000001,50.866568522483945
BT-01840,2023-11-06,Central,Salon Wholesale,Lip Gloss,2,180.0,5.6,55.04,Vikram N,2023,November,4,360.0,20.159999999999997,339.84000000000003,110.08,229.76000000000005,67.60828625235405
BT-02141,2023-11-06,North,Pharmacy,Under Eye Cream 15ml,52,760.0,8.8,275.5,Deepa S,2023,November,4,39520.0,3477.76,36042.24,14326.0,21716.239999999998,60.252192982456144
BT-02633,2023-11-06,South,Online,Hydrating Moisturiser 50ml,34,510.0,20.2,186.41,Priya R,2023,November,4,17340.0,3502.68,13837.32,6337.94,7499.38,54.19676642586859
BT-03129,2023-11-06,North,General Trade,Night Repair Cream 50ml,25,1010.0,7.2,374.61,Deepa S,2023,November,4,25250.0,1818.0000000000002,23432.0,9365.25,14066.75,60.03222089450324
BT-03226,2023-11-06,South,Salon Wholesale,Hair Oil 200ml,46,410.0,13.2,138.5,Anand V,2023,November,4,18860.0,2489.52,16370.48,6371.0,9999.48,61.082387321569065
BT-03253,2023-11-06,East,Modern Trade,Vitamin C Face Serum 30ml,16,750.0,10.6,262.57,Pooja N,2023,November,4,12000.0,1272.0,10728.0,4201.12,6526.88,60.83967188665176
BT-03781,2023-11-06,North,Salon Wholesale,SPF 50 Sunscreen 100g,7,340.0,8.8,126.41,Rohit K,2023,November,4,2380.0,209.44000000000003,2170.56,884.87,1285.69,59.23310113519092
BT-03903,2023-11-06,South,Salon Wholesale,Kajal Eye Pencil,4,220.0,19.8,60.72,Kiran T,2023,November,4,880.0,174.24,705.76,242.88,462.88,65.5860349127182
BT-00482,2023-11-07,East,Pharmacy,Mascara,14,540.0,16.7,210.11,Meena G,2023,November,4,7560.0,1262.5199999999998,6297.4800000000005,2941.54,3355.9400000000005,53.29020497087724
BT-00529,2023-11-07,South,Salon Wholesale,Mascara,11,350.0,18.5,135.87,Anand V,2023,November,4,3850.0,712.25,3137.75,1494.5700000000002,1643.1799999999998,52.3680981595092
BT-00887,2023-11-07,North,Online,Blush Palette,10,490.0,11.4,207.71,Deepa S,2023,November,4,4900.0,558.6,4341.4,2077.1,2264.2999999999997,52.155986548118115
BT-01242,2023-11-07,Central,Modern Trade,SPF 50 Sunscreen 100g,33,440.0,13.8,188.67,Suresh K,2023,November,4,14520.0,2003.7600000000002,12516.24,6226.11,6290.13,50.25574773254588
BT-02006,2023-11-07,East,Modern Trade,Hair Serum 100ml,2,600.0,12.2,233.46,Pooja N,2023,November,4,1200.0,146.4,1053.6,466.92,586.6799999999998,55.68337129840546
BT-02176,2023-11-07,North,General Trade,Rose Water Toner 200ml,26,270.0,12.5,74.6,Rohit K,2023,November,4,7020.0,877.5,6142.5,1939.6,4202.9,68.42328042328042
BT-02226,2023-11-07,East,Pharmacy,Face Wash 100ml,58,190.0,11.7,60.36,Meena G,2023,November,4,11020.0,1289.34,9730.66,3500.88,6229.78,64.02217321332778
BT-02480,2023-11-07,East,Online,Perfume 100ml EDP,42,1590.0,12.7,813.92,Sneha B,2023,November,4,66780.0,8481.06,58298.94,34184.64,24114.300000000003,41.36318773548885
BT-02510,2023-11-07,Central,Salon Wholesale,Micellar Cleansing Water,37,430.0,5.6,150.54,Vikram N,2023,November,4,15910.0,890.9599999999999,15019.04,5569.98,9449.060000000001,62.913874655104465
BT-02676,2023-11-07,East,Online,Lip Gloss,14,190.0,10.8,61.77,Meena G,2023,November,4,2660.0,287.28000000000003,2372.72,864.7800000000001,1507.9399999999996,63.55322161907009
BT-02924,2023-11-07,South,Modern Trade,Lip Gloss,5,210.0,17.4,73.79,Anand V,2023,November,4,1050.0,182.7,867.3,368.95000000000005,498.3499999999999,57.45993312579268
BT-03217,2023-11-07,North,Pharmacy,Hair Serum 100ml,15,590.0,12.7,211.87,Rohit K,2023,November,4,8850.0,1123.95,7726.05,3178.05,4548.0,58.865785233075115
BT-04271,2023-11-07,West,General Trade,Hair Serum 100ml,3,530.0,32.7,199.86,Rahul D,2023,November,4,1590.0,519.9300000000001,1070.07,599.58,470.4899999999999,43.96815161624939
BT-04623,2023-11-07,West,Online,SPF 50 Sunscreen 100g,38,530.0,28.8,186.67,Priya S,2023,November,4,20140.0,5800.320000000001,14339.68,7093.459999999999,7246.220000000001,50.53264786940853
BT-04875,2023-11-07,West,General Trade,Compact Powder,54,460.0,43.8,165.37,Priya S,2023,November,4,24840.0,10879.919999999998,13960.080000000002,8929.98,5030.100000000002,36.0320284697509
BT-01032,2023-11-08,North,Pharmacy,Under Eye Cream 15ml,55,540.0,10.5,184.36,Anjali M,2023,November,4,29700.0,3118.5,26581.5,10139.800000000001,16441.699999999997,61.8539209600662
BT-02019,2023-11-08,North,Pharmacy,Vitamin C Face Serum 30ml,19,540.0,5.9,173.66,Anjali M,2023,November,4,10260.0,605.34,9654.66,3299.54,6355.12,65.82437910811981
BT-02105,2023-11-08,West,Pharmacy,Mascara,56,420.0,34.2,151.03,Rahul D,2023,November,4,23520.0,8043.840000000001,15476.16,8457.68,7018.48,45.35026776668114
BT-02537,2023-11-08,South,Pharmacy,Under Eye Cream 15ml,47,680.0,31.1,228.0,Priya R,2023,November,4,31960.0,9939.56,22020.440000000002,10716.0,11304.440000000002,51.33612225732092
BT-03034,2023-11-08,Central,Salon Wholesale,Micellar Cleansing Water,53,320.0,9.7,102.88,Suresh K,2023,November,4,16960.0,1645.12,15314.880000000001,5452.639999999999,9862.240000000002,64.39645625692137
BT-03296,2023-11-08,Central,Online,Hair Oil 200ml,11,370.0,10.7,125.84,Sunita P,2023,November,4,4070.0,435.49,3634.51,1384.24,2250.2700000000004,61.91398565418723
BT-04058,2023-11-08,North,Modern Trade,Night Repair Cream 50ml,24,1090.0,11.7,455.29,Anjali M,2023,November,4,26160.0,3060.72,23099.28,10926.960000000001,12172.319999999998,52.695668436418785
BT-04257,2023-11-08,Central,Salon Wholesale,BB Cream 30ml,13,650.0,13.4,242.71,Suresh K,2023,November,4,8450.0,1132.3,7317.7,3155.23,4162.469999999999,56.882217090069275
BT-04263,2023-11-08,East,Pharmacy,Lip Gloss,3,260.0,13.9,92.17,Meena G,2023,November,4,780.0,108.42000000000002,671.5799999999999,276.51,395.06999999999994,58.82694541231126
BT-00017,2023-11-09,South,General Trade,Face Wash 100ml,38,220.0,13.6,70.11,Anand V,2023,November,4,8360.0,1136.96,7223.04,2664.18,4558.860000000001,63.11553030303031
BT-00729,2023-11-09,North,Pharmacy,Micellar Cleansing Water,16,340.0,5.6,118.46,Deepa S,2023,November,4,5440.0,304.64,5135.36,1895.36,3240.0,63.0919740777667
BT-01267,2023-11-09,West,Online,Night Repair Cream 50ml,22,790.0,37.5,259.75,Rahul D,2023,November,4,17380.0,6517.5,10862.5,5714.5,5148.0,47.392405063291136
BT-02335,2023-11-09,South,Online,Compact Powder,33,340.0,21.1,108.73,Anand V,2023,November,4,11220.0,2367.42,8852.58,3588.09,5264.49,59.46842615373146
BT-02362,2023-11-09,Central,General Trade,Blush Palette,15,770.0,6.4,340.11,Vikram N,2023,November,4,11550.0,739.2,10810.8,5101.650000000001,5709.149999999999,52.8096903096903
BT-02571,2023-11-09,Central,Salon Wholesale,Hair Serum 100ml,54,630.0,11.8,267.62,Suresh K,2023,November,4,34020.0,4014.36,30005.64,14451.48,15554.16,51.837454558542994
BT-04491,2023-11-09,Central,Modern Trade,Hair Oil 200ml,29,240.0,7.5,83.81,Sunita P,2023,November,4,6960.0,522.0,6438.0,2430.4900000000002,4007.5099999999998,62.24774774774774
BT-04683,2023-11-09,South,Pharmacy,Hair Oil 200ml,30,350.0,13.6,127.92,Anand V,2023,November,4,10500.0,1428.0,9072.0,3837.6,5234.4,57.698412698412696
BT-04915,2023-11-09,West,Online,Hair Serum 100ml,48,540.0,41.5,181.82,Priya S,2023,November,4,25920.0,10756.8,15163.2,8727.36,6435.84,42.44381133270022
BT-00417,2023-11-10,North,Modern Trade,Hair Oil 200ml,50,270.0,11.3,93.77,Deepa S,2023,November,4,13500.0,1525.5,11974.5,4688.5,7286.0,60.84596434089106
BT-00506,2023-11-10,East,Salon Wholesale,SPF 50 Sunscreen 100g,59,390.0,4.7,160.02,Pooja N,2023,November,4,23010.0,1081.47,21928.53,9441.18,12487.349999999999,56.945677617241095
BT-01660,2023-11-10,East,Salon Wholesale,Matte Lipstick,55,330.0,9.7,129.82,Pooja N,2023,November,4,18150.0,1760.5499999999997,16389.45,7140.099999999999,9249.350000000002,56.43477969059365
BT-01872,2023-11-10,Central,General Trade,BB Cream 30ml,41,510.0,6.7,207.52,Vikram N,2023,November,4,20910.0,1400.97,19509.03,8508.32,11000.71,56.38778555366413
BT-02942,2023-11-10,Central,Online,Eyeshadow Palette 9-shade,52,590.0,11.3,236.06,Suresh K,2023,November,4,30680.0,3466.84,27213.16,12275.12,14938.039999999999,54.892706322970206
BT-03375,2023-11-10,South,Pharmacy,Micellar Cleansing Water,36,450.0,23.9,140.85,Kiran T,2023,November,4,16200.0,3871.7999999999997,12328.2,5070.599999999999,7257.600000000001,58.869908015768736
BT-03381,2023-11-10,North,Modern Trade,Kajal Eye Pencil,41,200.0,5.2,65.06,Anjali M,2023,November,4,8200.0,426.40000000000003,7773.6,2667.46,5106.14,65.68565400843882
BT-03933,2023-11-10,Central,Pharmacy,BB Cream 30ml,14,670.0,6.6,247.83,Suresh K,2023,November,4,9380.0,619.08,8760.92,3469.6200000000003,5291.299999999999,60.39662501198504
BT-04078,2023-11-10,North,Modern Trade,Night Repair Cream 50ml,43,910.0,13.2,300.94,Rohit K,2023,November,4,39130.0,5165.16,33964.84,12940.42,21024.42,61.9005418544589
BT-04873,2023-11-10,East,Salon Wholesale,Hair Oil 200ml,3,310.0,15.1,118.92,Meena G,2023,November,4,930.0,140.43,789.5699999999999,356.76,432.80999999999995,54.81591245868004
BT-00739,2023-11-11,West,Pharmacy,Compact Powder,37,380.0,27.1,117.19,Rahul D,2023,November,4,14060.0,3810.26,10249.74,4336.03,5913.71,57.6961952205617
BT-01618,2023-11-11,Central,Online,Hair Serum 100ml,12,450.0,9.7,150.62,Suresh K,2023,November,4,5400.0,523.8,4876.2,1807.44,3068.7599999999998,62.93343177064107
BT-01791,2023-11-11,Central,Modern Trade,BB Cream 30ml,55,520.0,12.4,182.05,Suresh K,2023,November,4,28600.0,3546.4,25053.6,10012.75,15040.849999999999,60.034685634000695
BT-02049,2023-11-11,Central,General Trade,SPF 50 Sunscreen 100g,47,480.0,7.0,172.37,Suresh K,2023,November,4,22560.0,1579.2,20980.8,8101.39,12879.41,61.386648745519715
BT-02689,2023-11-11,East,Pharmacy,Mascara,47,450.0,16.3,170.82,Meena G,2023,November,4,21150.0,3447.4500000000003,17702.55,8028.54,9674.009999999998,54.64755077658303
BT-03120,2023-11-11,East,Modern Trade,Vitamin C Face Serum 30ml,9,730.0,8.1,244.99,Sneha B,2023,November,4,6570.0,532.1700000000001,6037.83,2204.91,3832.92,63.48174758149865
BT-03352,2023-11-11,North,Modern Trade,Hair Serum 100ml,11,570.0,6.7,233.24,Rohit K,2023,November,4,6270.0,420.09000000000003,5849.91,2565.6400000000003,3284.2699999999995,56.1422312480021
BT-03458,2023-11-11,Central,General Trade,Hair Oil 200ml,54,390.0,13.5,136.73,Suresh K,2023,November,4,21060.0,2843.1000000000004,18216.9,7383.419999999999,10833.480000000003,59.46939380465393
BT-04029,2023-11-11,Central,Pharmacy,Blush Palette,41,800.0,12.4,377.44,Suresh K,2023,November,4,32800.0,4067.2,28732.8,15475.039999999999,13257.76,46.141552511415526
BT-04539,2023-11-11,South,General Trade,Night Repair Cream 50ml,49,810.0,14.8,303.51,Anand V,2023,November,4,39690.0,5874.120000000001,33815.88,14871.99,18943.89,56.02069205355591
BT-04813,2023-11-11,Central,Online,Kajal Eye Pencil,50,170.0,6.4,46.77,Vikram N,2023,November,4,8500.0,544.0,7956.0,2338.5,5617.5,70.60708898944193
BT-04909,2023-11-11,Central,Salon Wholesale,Night Repair Cream 50ml,35,770.0,10.4,283.82,Vikram N,2023,November,4,26950.0,2802.8,24147.2,9933.699999999999,14213.500000000002,58.86189703153989
BT-00328,2023-11-12,North,Salon Wholesale,Face Wash 100ml,55,210.0,8.2,58.36,Deepa S,2023,November,4,11550.0,947.0999999999999,10602.9,3209.8,7393.099999999999,69.72715011930698
BT-00342,2023-11-12,South,General Trade,Kajal Eye Pencil,22,170.0,20.4,48.55,Anand V,2023,November,4,3740.0,762.9599999999999,2977.04,1068.1,1908.94,64.12208099320131
BT-01020,2023-11-12,South,Modern Trade,BB Cream 30ml,34,690.0,24.4,230.05,Anand V,2023,November,4,23460.0,5724.24,17735.760000000002,7821.700000000001,9914.060000000001,55.898704087109884
BT-01137,2023-11-12,East,Online,Hair Oil 200ml,36,300.0,13.8,97.8,Pooja N,2023,November,4,10800.0,1490.4,9309.6,3520.7999999999997,5788.800000000001,62.18097447795825
BT-02034,2023-11-12,South,Online,Matte Lipstick,54,450.0,28.2,136.22,Priya R,2023,November,4,24300.0,6852.599999999999,17447.4,7355.88,10091.52,57.83967811822964
BT-02555,2023-11-12,North,General Trade,Mascara,33,360.0,9.5,159.48,Rohit K,2023,November,4,11880.0,1128.6,10751.4,5262.839999999999,5488.56,51.04972375690608
BT-03521,2023-11-12,South,Salon Wholesale,Kajal Eye Pencil,23,200.0,18.5,60.26,Priya R,2023,November,4,4600.0,851.0,3749.0,1385.98,2363.02,63.030674846625764
BT-04824,2023-11-12,South,General Trade,Blush Palette,30,770.0,15.6,347.35,Kiran T,2023,November,4,23100.0,3603.6,19496.4,10420.5,9075.900000000001,46.55167107773743
BT-04953,2023-11-12,North,Pharmacy,Eyeshadow Palette 9-shade,17,810.0,6.0,399.57,Anjali M,2023,November,4,13770.0,826.1999999999999,12943.8,6792.69,6151.11,47.521670606776986
BT-00389,2023-11-13,Central,Modern Trade,Micellar Cleansing Water,18,440.0,7.8,124.3,Sunita P,2023,November,4,7920.0,617.76,7302.24,2237.4,5064.84,69.36008676789588
BT-00466,2023-11-13,East,Modern Trade,Kajal Eye Pencil,51,200.0,14.0,56.84,Sneha B,2023,November,4,10200.0,1428.0000000000002,8772.0,2898.84,5873.16,66.95348837209302
BT-01049,2023-11-13,North,Pharmacy,Kajal Eye Pencil,30,230.0,5.9,70.75,Anjali M,2023,November,4,6900.0,407.1,6492.9,2122.5,4370.4,67.31044679573071
BT-01114,2023-11-13,North,Online,Blush Palette,53,610.0,10.3,264.19,Rohit K,2023,November,4,32330.0,3329.9900000000002,29000.01,14002.07,14997.939999999999,51.717016649304604
BT-01507,2023-11-13,South,Online,Eyeshadow Palette 9-shade,59,590.0,18.3,254.41,Priya R,2023,November,4,34810.0,6370.23,28439.77,15010.19,13429.58,47.22112731572724
BT-01642,2023-11-13,East,Pharmacy,Under Eye Cream 15ml,8,560.0,7.2,186.2,Meena G,2023,November,4,4480.0,322.56000000000006,4157.44,1489.6,2667.8399999999997,64.17025862068965
BT-01737,2023-11-13,East,Salon Wholesale,Hair Oil 200ml,15,350.0,9.7,134.22,Sneha B,2023,November,4,5250.0,509.24999999999994,4740.75,2013.3,2727.45,57.53203607024204
BT-02413,2023-11-13,South,Modern Trade,Kajal Eye Pencil,11,170.0,22.1,53.52,Priya R,2023,November,4,1870.0,413.27,1456.73,588.72,868.01,59.58619648115986
BT-02535,2023-11-13,West,Online,Nail Polish Set (12pc),33,580.0,24.1,269.35,Rahul D,2023,November,4,19140.0,4612.740000000001,14527.259999999998,8888.550000000001,5638.709999999997,38.81468356730724
BT-03618,2023-11-13,North,Modern Trade,Eyeshadow Palette 9-shade,59,890.0,9.9,411.0,Deepa S,2023,November,4,52510.0,5198.490000000001,47311.51,24249.0,23062.510000000002,48.74608736859171
BT-03680,2023-11-13,Central,Salon Wholesale,Face Wash 100ml,43,240.0,7.0,61.1,Sunita P,2023,November,4,10320.0,722.4000000000001,9597.6,2627.3,6970.3,72.62544802867383
BT-03764,2023-11-13,Central,Salon Wholesale,Under Eye Cream 15ml,27,620.0,8.1,235.29,Sunita P,2023,November,4,16740.0,1355.94,15384.06,6352.83,9031.23,58.70511425462459
BT-03791,2023-11-13,West,Pharmacy,Hydrating Moisturiser 50ml,3,530.0,29.6,185.61,Priya S,2023,November,4,1590.0,470.64000000000004,1119.36,556.83,562.5299999999999,50.254609777015425
BT-04317,2023-11-13,Central,Modern Trade,Mascara,60,450.0,10.8,182.48,Vikram N,2023,November,4,27000.0,2916.0000000000005,24084.0,10948.8,13135.2,54.53911310413553
BT-04332,2023-11-13,West,Online,Compact Powder,15,450.0,28.2,149.0,Priya S,2023,November,4,6750.0,1903.4999999999998,4846.5,2235.0,2611.5,53.884246363355004
BT-04434,2023-11-13,Central,Salon Wholesale,Lip Gloss,58,300.0,8.1,95.07,Sunita P,2023,November,4,17400.0,1409.4,15990.6,5514.0599999999995,10476.54,65.51686615886834
BT-04887,2023-11-13,North,Online,Lip Gloss,51,240.0,9.2,69.74,Rohit K,2023,November,4,12240.0,1126.08,11113.92,3556.74,7557.18,67.9974302496329
BT-00115,2023-11-14,South,Salon Wholesale,SPF 50 Sunscreen 100g,59,500.0,24.7,217.35,Kiran T,2023,November,4,29500.0,7286.5,22213.5,12823.65,9389.85,42.27091633466136
BT-00132,2023-11-14,Central,Modern Trade,Hydrating Moisturiser 50ml,27,520.0,7.6,180.6,Suresh K,2023,November,4,14040.0,1067.04,12972.96,4876.2,8096.759999999999,62.41258741258741
BT-00716,2023-11-14,Central,Modern Trade,Hair Oil 200ml,19,350.0,7.0,105.77,Suresh K,2023,November,4,6650.0,465.50000000000006,6184.5,2009.6299999999999,4174.87,67.50537634408602
BT-00995,2023-11-14,Central,Pharmacy,Nail Polish Set (12pc),53,490.0,6.6,186.98,Suresh K,2023,November,4,25970.0,1714.02,24255.98,9909.939999999999,14346.04,59.14434296202421
BT-01086,2023-11-14,East,General Trade,Hair Serum 100ml,22,510.0,8.2,175.75,Pooja N,2023,November,4,11220.0,920.0399999999998,10299.960000000001,3866.5,6433.460000000001,62.46101926609424
BT-01226,2023-11-14,North,Salon Wholesale,Hair Serum 100ml,20,520.0,6.6,173.94,Rohit K,2023,November,4,10400.0,686.4,9713.6,3478.8,6234.8,64.186295503212
BT-01614,2023-11-14,West,Modern Trade,BB Cream 30ml,54,560.0,28.6,224.67,Nidhi C,2023,November,4,30240.0,8648.640000000001,21591.36,12132.179999999998,9459.180000000002,43.81002400960385
BT-02515,2023-11-14,North,Modern Trade,Hair Oil 200ml,25,330.0,8.6,110.72,Rohit K,2023,November,4,8250.0,709.5,7540.5,2768.0,4772.5,63.2915589151913
BT-02858,2023-11-14,East,Salon Wholesale,Micellar Cleansing Water,36,300.0,11.0,90.3,Pooja N,2023,November,4,10800.0,1188.0,9612.0,3250.7999999999997,6361.200000000001,66.1797752808989
BT-02914,2023-11-14,Central,General Trade,Mascara,38,380.0,6.7,159.11,Vikram N,2023,November,4,14440.0,967.48,13472.52,6046.18,7426.34,55.12213008405258
BT-02953,2023-11-14,West,Pharmacy,Hair Serum 100ml,12,480.0,30.8,192.77,Rahul D,2023,November,4,5760.0,1774.08,3985.92,2313.2400000000002,1672.6799999999998,41.96471579961464
BT-03004,2023-11-14,North,General Trade,Blush Palette,15,710.0,6.6,306.93,Deepa S,2023,November,4,10650.0,702.9,9947.1,4603.95,5343.150000000001,53.71565581928402
BT-03089,2023-11-14,North,Pharmacy,Kajal Eye Pencil,34,130.0,6.4,36.82,Deepa S,2023,November,4,4420.0,282.88,4137.12,1251.88,2885.24,69.74030243261012
BT-04573,2023-11-14,East,General Trade,SPF 50 Sunscreen 100g,51,520.0,13.9,183.66,Meena G,2023,November,4,26520.0,3686.28,22833.72,9366.66,13467.060000000001,58.97882605199679
BT-04926,2023-11-14,West,Modern Trade,Mascara,35,450.0,38.6,172.31,Rahul D,2023,November,4,15750.0,6079.5,9670.5,6030.85,3639.6499999999996,37.63662685486789
BT-00070,2023-11-15,East,General Trade,Perfume 100ml EDP,38,1410.0,8.8,646.2,Pooja N,2023,November,4,53580.0,4715.040000000001,48864.96,24555.600000000002,24309.359999999997,49.74804031354982
BT-00163,2023-11-15,Central,Salon Wholesale,Hair Serum 100ml,39,400.0,12.3,137.8,Vikram N,2023,November,4,15600.0,1918.8000000000002,13681.2,5374.200000000001,8307.0,60.71835803876853
BT-00287,2023-11-15,Central,General Trade,SPF 50 Sunscreen 100g,40,350.0,10.8,146.75,Sunita P,2023,November,4,14000.0,1512.0000000000002,12488.0,5870.0,6618.0,52.99487508007687
BT-00360,2023-11-15,North,Online,SPF 50 Sunscreen 100g,57,370.0,7.0,156.44,Rohit K,2023,November,4,21090.0,1476.3000000000002,19613.7,8917.08,10696.62,54.53647195582679
BT-01488,2023-11-15,West,Salon Wholesale,BB Cream 30ml,47,610.0,31.4,205.81,Priya S,2023,November,4,28670.0,9002.38,19667.620000000003,9673.07,9994.550000000003,50.81728241647948
BT-02084,2023-11-15,North,Modern Trade,Micellar Cleansing Water,12,380.0,8.8,109.59,Anjali M,2023,November,4,4560.0,401.28000000000003,4158.72,1315.08,2843.6400000000003,68.37777008310249
BT-03532,2023-11-15,North,General Trade,Compact Powder,7,350.0,14.3,114.69,Rohit K,2023,November,4,2450.0,350.35,2099.65,802.8299999999999,1296.8200000000002,61.763627271211874
BT-03654,2023-11-15,North,Modern Trade,Hydrating Moisturiser 50ml,56,400.0,6.0,159.36,Rohit K,2023,November,4,22400.0,1344.0,21056.0,8924.16,12131.84,57.61702127659575
BT-04277,2023-11-15,North,Online,Nail Polish Set (12pc),8,650.0,10.1,308.03,Deepa S,2023,November,4,5200.0,525.1999999999999,4674.8,2464.24,2210.5600000000004,47.286728844014725
BT-04467,2023-11-15,Central,Online,BB Cream 30ml,38,490.0,8.6,176.11,Sunita P,2023,November,4,18620.0,1601.32,17018.68,6692.18,10326.5,60.67744384405841
BT-04595,2023-11-15,Central,Modern Trade,SPF 50 Sunscreen 100g,11,560.0,13.8,202.66,Suresh K,2023,November,4,6160.0,850.08,5309.92,2229.2599999999998,3080.6600000000003,58.017069937023535
BT-04711,2023-11-15,West,Salon Wholesale,Rose Water Toner 200ml,48,270.0,32.4,64.58,Rahul D,2023,November,4,12960.0,4199.04,8760.96,3099.84,5661.119999999999,64.6175761560377
BT-04995,2023-11-15,South,Modern Trade,BB Cream 30ml,30,420.0,27.9,173.38,Kiran T,2023,November,4,12600.0,3515.3999999999996,9084.6,5201.4,3883.2000000000007,42.74486493626578
BT-00392,2023-11-16,South,Online,Lip Gloss,10,200.0,25.6,59.28,Priya R,2023,November,4,2000.0,512.0,1488.0,592.8,895.2,60.161290322580655
BT-00757,2023-11-16,East,Online,Blush Palette,50,740.0,14.8,333.59,Meena G,2023,November,4,37000.0,5476.000000000001,31524.0,16679.5,14844.5,47.08951909656135
BT-01889,2023-11-16,South,Salon Wholesale,Face Wash 100ml,40,210.0,16.3,67.6,Kiran T,2023,November,4,8400.0,1369.2,7030.8,2704.0,4326.8,61.540649712692726
BT-03122,2023-11-16,West,Salon Wholesale,Eyeshadow Palette 9-shade,39,650.0,30.8,284.31,Priya S,2023,November,4,25350.0,7807.8,17542.2,11088.09,6454.110000000001,36.79190751445087
BT-03688,2023-11-16,Central,Online,Lip Gloss,28,310.0,6.4,99.42,Vikram N,2023,November,4,8680.0,555.52,8124.48,2783.76,5340.719999999999,65.73614557485524
BT-03772,2023-11-16,East,Pharmacy,Perfume 100ml EDP,36,1320.0,7.4,537.77,Sneha B,2023,November,4,47520.0,3516.4800000000005,44003.52,19359.72,24643.799999999996,56.00415603115386
BT-03806,2023-11-16,East,Salon Wholesale,Blush Palette,56,640.0,12.3,296.06,Meena G,2023,November,4,35840.0,4408.320000000001,31431.68,16579.36,14852.32,47.252708095781074
BT-04443,2023-11-16,North,Modern Trade,Blush Palette,31,690.0,11.7,306.15,Deepa S,2023,November,4,21390.0,2502.6299999999997,18887.37,9490.65,9396.72,49.75134176965877
BT-00066,2023-11-17,Central,Online,Rose Water Toner 200ml,36,330.0,9.9,72.7,Suresh K,2023,November,4,11880.0,1176.1200000000001,10703.88,2617.2000000000003,8086.6799999999985,75.54905324050716
BT-00357,2023-11-17,Central,Online,Blush Palette,48,660.0,9.7,296.08,Suresh K,2023,November,4,31680.0,3072.9599999999996,28607.04,14211.84,14395.2,50.32048055303869
BT-00475,2023-11-17,North,Salon Wholesale,Lip Gloss,45,300.0,6.7,93.09,Deepa S,2023,November,4,13500.0,904.5,12595.5,4189.05,8406.45,66.7416934619507
BT-00762,2023-11-17,Central,Pharmacy,Hair Oil 200ml,59,250.0,12.2,82.3,Suresh K,2023,November,4,14750.0,1799.5,12950.5,4855.7,8094.8,62.50569476082005
BT-00859,2023-11-17,West,Salon Wholesale,Under Eye Cream 15ml,48,650.0,35.1,197.15,Priya S,2023,November,4,31200.0,10951.2,20248.8,9463.2,10785.599999999999,53.2653786891075
BT-01263,2023-11-17,West,Salon Wholesale,Nail Polish Set (12pc),33,410.0,31.1,163.8,Nidhi C,2023,November,4,13530.0,4207.83,9322.17,5405.400000000001,3916.7699999999995,42.01564657156005
BT-01972,2023-11-17,Central,Salon Wholesale,Perfume 100ml EDP,46,1480.0,7.0,670.14,Sunita P,2023,November,4,68080.0,4765.6,63314.4,30826.44,32487.960000000003,51.31211857018309
BT-02368,2023-11-17,North,Pharmacy,Hair Oil 200ml,39,360.0,12.3,123.91,Rohit K,2023,November,4,14040.0,1726.92,12313.08,4832.49,7480.59,60.7531990371215
BT-02383,2023-11-17,East,Pharmacy,Blush Palette,41,700.0,9.5,302.05,Pooja N,2023,November,4,28700.0,2726.5,25973.5,12384.050000000001,13589.449999999999,52.32044198895027
BT-02501,2023-11-17,Central,General Trade,Under Eye Cream 15ml,13,820.0,6.5,279.13,Suresh K,2023,November,4,10660.0,692.9,9967.1,3628.69,6338.41,63.59332202947697
BT-02620,2023-11-17,Central,Pharmacy,Nail Polish Set (12pc),5,460.0,4.8,193.98,Sunita P,2023,November,4,2300.0,110.4,2189.6,969.9,1219.6999999999998,55.70423821702594
BT-03074,2023-11-17,South,Online,Micellar Cleansing Water,10,450.0,13.5,140.81,Anand V,2023,November,4,4500.0,607.5,3892.5,1408.1,2484.4,63.825305073859994
BT-03389,2023-11-17,North,Online,Lip Gloss,16,240.0,4.6,73.46,Deepa S,2023,November,4,3840.0,176.64,3663.36,1175.36,2488.0,67.9157931516422
BT-03455,2023-11-17,East,General Trade,Compact Powder,25,280.0,13.9,94.98,Pooja N,2023,November,4,7000.0,973.0000000000001,6027.0,2374.5,3652.5,60.60228969636635
BT-03479,2023-11-17,East,Modern Trade,Kajal Eye Pencil,14,240.0,6.1,74.26,Sneha B,2023,November,4,3360.0,204.96,3155.04,1039.64,2115.3999999999996,67.04827831025914
BT-04238,2023-11-17,Central,Online,Compact Powder,58,460.0,5.9,159.94,Sunita P,2023,November,4,26680.0,1574.1200000000001,25105.88,9276.52,15829.36,63.050408908192026
BT-04412,2023-11-17,East,General Trade,Hair Oil 200ml,17,390.0,12.1,143.75,Sneha B,2023,November,4,6630.0,802.23,5827.77,2443.75,3384.0200000000004,58.06715089991541
BT-04484,2023-11-17,East,General Trade,Vitamin C Face Serum 30ml,21,530.0,6.9,181.05,Pooja N,2023,November,4,11130.0,767.97,10362.03,3802.05,6559.9800000000005,63.307865350708305
BT-04982,2023-11-17,East,Salon Wholesale,Blush Palette,56,730.0,10.9,280.54,Meena G,2023,November,4,40880.0,4455.92,36424.08,15710.240000000002,20713.84,56.868533124240884
BT-00063,2023-11-18,Central,Pharmacy,SPF 50 Sunscreen 100g,29,510.0,11.5,185.59,Vikram N,2023,November,4,14790.0,1700.8500000000001,13089.15,5382.11,7707.04,58.88113437465382
BT-00304,2023-11-18,East,General Trade,Hydrating Moisturiser 50ml,8,580.0,15.4,177.65,Sneha B,2023,November,4,4640.0,714.56,3925.44,1421.2,2504.24,63.795141436374
BT-00404,2023-11-18,North,Modern Trade,Micellar Cleansing Water,46,280.0,6.2,91.73,Anjali M,2023,November,4,12880.0,798.56,12081.44,4219.58,7861.860000000001,65.07386536704234
BT-01760,2023-11-18,East,Salon Wholesale,Mascara,58,520.0,10.4,189.59,Pooja N,2023,November,4,30160.0,3136.6400000000003,27023.36,10996.22,16027.140000000001,59.308464972527474
BT-02296,2023-11-18,North,Modern Trade,BB Cream 30ml,12,550.0,13.5,222.03,Anjali M,2023,November,4,6600.0,891.0000000000001,5709.0,2664.36,3044.64,53.330530740935366
BT-02496,2023-11-18,South,Online,Matte Lipstick,3,320.0,30.2,123.33,Priya R,2023,November,4,960.0,289.92,670.0799999999999,369.99,300.0899999999999,44.78420487106016
BT-02696,2023-11-18,North,Salon Wholesale,SPF 50 Sunscreen 100g,60,330.0,13.9,133.72,Rohit K,2023,November,4,19800.0,2752.2000000000003,17047.8,8023.2,9024.599999999999,52.93703586386512
BT-03434,2023-11-18,North,Salon Wholesale,Blush Palette,16,690.0,7.3,272.0,Deepa S,2023,November,4,11040.0,805.92,10234.08,4352.0,5882.08,57.475415474571236
BT-03457,2023-11-18,East,Online,BB Cream 30ml,29,520.0,16.6,187.2,Meena G,2023,November,4,15080.0,2503.28,12576.72,5428.799999999999,7147.92,56.83453237410072
BT-03921,2023-11-18,North,General Trade,Under Eye Cream 15ml,13,860.0,4.2,287.24,Deepa S,2023,November,4,11180.0,469.56,10710.44,3734.12,6976.320000000001,65.1356993736952
BT-04262,2023-11-18,Central,Salon Wholesale,Lip Gloss,30,190.0,7.8,54.07,Sunita P,2023,November,4,5700.0,444.6,5255.4,1622.1,3633.2999999999997,69.13460440689576
BT-00657,2023-11-19,West,Online,Lip Gloss,57,290.0,25.2,84.13,Rahul D,2023,November,4,16530.0,4165.56,12364.439999999999,4795.41,7569.029999999999,61.216116540660146
BT-00767,2023-11-19,Central,General Trade,Face Wash 100ml,48,260.0,12.5,68.59,Vikram N,2023,November,4,12480.0,1560.0,10920.0,3292.32,7627.68,69.85054945054945
BT-02216,2023-11-19,South,General Trade,Hair Oil 200ml,59,380.0,27.0,127.07,Priya R,2023,November,4,22420.0,6053.400000000001,16366.599999999999,7497.129999999999,8869.47,54.19250180245133
BT-02400,2023-11-19,Central,Salon Wholesale,Matte Lipstick,47,310.0,8.8,112.81,Suresh K,2023,November,4,14570.0,1282.16,13287.84,5302.07,7985.77,60.098330503678554
BT-02460,2023-11-19,South,Online,Eyeshadow Palette 9-shade,39,880.0,16.7,406.03,Anand V,2023,November,4,34320.0,5731.44,28588.56,15835.169999999998,12753.390000000003,44.61011677398233
BT-02687,2023-11-19,West,Online,Micellar Cleansing Water,43,300.0,41.4,88.98,Nidhi C,2023,November,4,12900.0,5340.599999999999,7559.400000000001,3826.1400000000003,3733.26,49.38566552901024
BT-03175,2023-11-19,North,Salon Wholesale,Nail Polish Set (12pc),42,550.0,4.1,222.09,Deepa S,2023,November,4,23100.0,947.0999999999999,22152.9,9327.78,12825.12,57.89363920750782
BT-03344,2023-11-19,East,Salon Wholesale,Hair Serum 100ml,5,520.0,12.9,194.79,Meena G,2023,November,4,2600.0,335.40000000000003,2264.6,973.9499999999999,1290.65,56.9924048397068
BT-03636,2023-11-19,West,Pharmacy,Perfume 100ml EDP,31,1620.0,36.4,822.8,Priya S,2023,November,4,50220.0,18280.079999999998,31939.920000000002,25506.8,6433.120000000003,20.141315319512394
BT-03821,2023-11-19,West,Pharmacy,Under Eye Cream 15ml,51,630.0,25.9,230.33,Nidhi C,2023,November,4,32130.0,8321.67,23808.33,11746.83,12061.500000000002,50.660840134524356
BT-04183,2023-11-19,South,General Trade,Night Repair Cream 50ml,2,1150.0,26.2,456.55,Kiran T,2023,November,4,2300.0,602.6,1697.4,913.1,784.3000000000001,46.205962059620596
BT-04349,2023-11-19,South,Salon Wholesale,Rose Water Toner 200ml,37,270.0,20.5,59.8,Kiran T,2023,November,4,9990.0,2047.9499999999998,7942.05,2212.6,5729.450000000001,72.14069415327278
BT-04425,2023-11-19,West,Salon Wholesale,Hair Serum 100ml,15,650.0,29.1,253.83,Nidhi C,2023,November,4,9750.0,2837.2500000000005,6912.75,3807.4500000000003,3105.2999999999997,44.921341000325484
BT-04868,2023-11-19,West,Salon Wholesale,Matte Lipstick,45,480.0,29.2,157.1,Priya S,2023,November,4,21600.0,6307.2,15292.8,7069.5,8223.3,53.772363465160076
BT-04930,2023-11-19,East,Modern Trade,Face Wash 100ml,25,190.0,15.7,48.45,Meena G,2023,November,4,4750.0,745.75,4004.25,1211.25,2793.0,69.7508896797153
BT-01040,2023-11-20,South,Pharmacy,Hair Serum 100ml,41,390.0,30.0,155.18,Priya R,2023,November,4,15990.0,4797.0,11193.0,6362.38,4830.62,43.15750915750915
BT-01335,2023-11-20,East,Pharmacy,Nail Polish Set (12pc),31,510.0,7.5,217.92,Meena G,2023,November,4,15810.0,1185.75,14624.25,6755.5199999999995,7868.7300000000005,53.8060413354531
BT-01708,2023-11-20,East,Online,Face Wash 100ml,55,210.0,11.1,53.76,Pooja N,2023,November,4,11550.0,1282.05,10267.95,2956.7999999999997,7311.1500000000015,71.20359955005625
BT-01771,2023-11-20,North,Modern Trade,Hair Serum 100ml,34,390.0,11.9,151.87,Rohit K,2023,November,4,13260.0,1577.94,11682.06,5163.58,6518.48,55.79906283652028
BT-02066,2023-11-20,East,Modern Trade,Compact Powder,47,440.0,8.5,157.92,Meena G,2023,November,4,20680.0,1757.8000000000002,18922.2,7422.24,11499.960000000001,60.774962742175866
BT-02713,2023-11-20,North,Modern Trade,Hair Oil 200ml,3,420.0,11.2,141.58,Deepa S,2023,November,4,1260.0,141.11999999999998,1118.88,424.74,694.1400000000001,62.03882453882454
BT-02995,2023-11-20,Central,Pharmacy,Micellar Cleansing Water,45,440.0,7.0,134.11,Sunita P,2023,November,4,19800.0,1386.0000000000002,18414.0,6034.950000000001,12379.05,67.22629521016617
BT-03188,2023-11-20,North,Salon Wholesale,Lip Gloss,24,230.0,10.9,65.09,Deepa S,2023,November,4,5520.0,601.68,4918.32,1562.16,3356.16,68.23793490460157
BT-03332,2023-11-20,South,Online,Perfume 100ml EDP,24,2330.0,21.4,1119.8,Anand V,2023,November,4,55920.0,11966.88,43953.12,26875.199999999997,17077.920000000006,38.85485262479661
BT-03436,2023-11-20,West,Pharmacy,Rose Water Toner 200ml,30,230.0,27.7,59.8,Rahul D,2023,November,4,6900.0,1911.2999999999997,4988.700000000001,1794.0,3194.7000000000007,64.0387275242047
BT-03592,2023-11-20,East,Salon Wholesale,Compact Powder,11,440.0,10.2,149.2,Pooja N,2023,November,4,4840.0,493.67999999999995,4346.32,1641.1999999999998,2705.12,62.2393197003442
BT-03676,2023-11-20,North,Online,Blush Palette,10,490.0,14.6,223.78,Rohit K,2023,November,4,4900.0,715.4,4184.6,2237.8,1946.8000000000002,46.52296515796014
BT-03731,2023-11-20,North,Pharmacy,Vitamin C Face Serum 30ml,47,720.0,12.9,248.11,Rohit K,2023,November,4,33840.0,4365.36,29474.64,11661.17,17813.47,60.43659905600205
BT-04668,2023-11-20,South,Modern Trade,Eyeshadow Palette 9-shade,47,720.0,18.1,344.16,Kiran T,2023,November,4,33840.0,6125.040000000001,27714.96,16175.52,11539.439999999999,41.63614163614163
BT-00373,2023-11-21,Central,Salon Wholesale,Kajal Eye Pencil,38,200.0,7.9,55.64,Vikram N,2023,November,4,7600.0,600.4,6999.6,2114.32,4885.280000000001,69.79370249728557
BT-00590,2023-11-21,East,Modern Trade,Hair Oil 200ml,17,360.0,13.7,115.06,Pooja N,2023,November,4,6120.0,838.4399999999999,5281.56,1956.02,3325.5400000000004,62.96510879361401
BT-00826,2023-11-21,North,Pharmacy,Face Wash 100ml,48,260.0,7.3,80.26,Rohit K,2023,November,4,12480.0,911.04,11568.96,3852.4800000000005,7716.479999999999,66.69985893286864
BT-00981,2023-11-21,Central,Pharmacy,Micellar Cleansing Water,42,470.0,5.7,159.8,Vikram N,2023,November,4,19740.0,1125.18,18614.82,6711.6,11903.22,63.94485683987274
BT-01217,2023-11-21,West,Modern Trade,Rose Water Toner 200ml,5,270.0,37.1,60.1,Nidhi C,2023,November,4,1350.0,500.85,849.15,300.5,548.65,64.61167049402343
BT-01367,2023-11-21,West,Modern Trade,Matte Lipstick,24,380.0,40.2,141.63,Priya S,2023,November,4,9120.0,3666.2400000000002,5453.76,3399.12,2054.6400000000003,37.673825030804444
BT-01383,2023-11-21,North,General Trade,Nail Polish Set (12pc),18,430.0,13.1,200.9,Rohit K,2023,November,4,7740.0,1013.94,6726.0599999999995,3616.2000000000003,3109.859999999999,46.235983621912375
BT-01397,2023-11-21,East,Modern Trade,Blush Palette,29,640.0,5.8,297.86,Sneha B,2023,November,4,18560.0,1076.48,17483.52,8637.94,8845.58,50.59381634819533
BT-01519,2023-11-21,Central,Pharmacy,Vitamin C Face Serum 30ml,19,750.0,10.9,213.6,Vikram N,2023,November,4,14250.0,1553.25,12696.75,4058.4,8638.35,68.03591470258137
BT-01553,2023-11-21,South,Online,Hair Oil 200ml,55,360.0,26.9,126.47,Priya R,2023,November,4,19800.0,5326.199999999999,14473.800000000001,6955.85,7517.950000000001,51.941784465724275
BT-01568,2023-11-21,South,Modern Trade,BB Cream 30ml,15,490.0,23.7,158.56,Anand V,2023,November,4,7350.0,1741.9499999999998,5608.05,2378.4,3229.65,57.589536469895954
BT-01611,2023-11-21,Central,Salon Wholesale,Vitamin C Face Serum 30ml,31,740.0,7.7,216.75,Suresh K,2023,November,4,22940.0,1766.3799999999999,21173.62,6719.25,14454.369999999999,68.26593657579572
BT-01673,2023-11-21,North,General Trade,Hydrating Moisturiser 50ml,8,390.0,13.5,139.0,Anjali M,2023,November,4,3120.0,421.20000000000005,2698.8,1112.0,1586.8000000000002,58.796502149103304
BT-01963,2023-11-21,South,General Trade,Micellar Cleansing Water,44,370.0,13.0,114.59,Anand V,2023,November,4,16280.0,2116.4,14163.6,5041.96,9121.64,64.40198819509165
BT-01994,2023-11-21,East,Pharmacy,Compact Powder,19,430.0,15.4,140.27,Meena G,2023,November,4,8170.0,1258.18,6911.82,2665.13,4246.69,61.44098081257903
BT-02046,2023-11-21,East,General Trade,Under Eye Cream 15ml,10,660.0,11.2,227.83,Meena G,2023,November,4,6600.0,739.1999999999999,5860.8,2278.3,3582.5,61.126467376467374
BT-02099,2023-11-21,North,General Trade,Kajal Eye Pencil,9,170.0,10.9,56.08,Rohit K,2023,November,4,1530.0,166.77,1363.23,504.71999999999997,858.51,62.97616689773552
BT-02103,2023-11-21,East,Pharmacy,Face Wash 100ml,6,220.0,6.8,68.42,Meena G,2023,November,4,1320.0,89.76,1230.24,410.52,819.72,66.63090128755364
BT-02463,2023-11-21,South,Online,Mascara,23,380.0,24.0,157.59,Anand V,2023,November,4,8740.0,2097.6,6642.4,3624.57,3017.8299999999995,45.432825484764535
BT-02904,2023-11-21,East,Online,Micellar Cleansing Water,17,440.0,7.4,146.08,Sneha B,2023,November,4,7480.0,553.5200000000001,6926.48,2483.36,4443.119999999999,64.14686825053994
BT-02979,2023-11-21,North,Pharmacy,Matte Lipstick,29,520.0,6.2,167.02,Rohit K,2023,November,4,15080.0,934.96,14145.04,4843.58,9301.460000000001,65.7577497129736
BT-02990,2023-11-21,West,Salon Wholesale,Blush Palette,4,710.0,27.5,304.09,Rahul D,2023,November,4,2840.0,781.0000000000001,2059.0,1216.36,842.6400000000001,40.92472073822244
BT-03447,2023-11-21,West,Salon Wholesale,Compact Powder,37,450.0,31.6,164.43,Priya S,2023,November,4,16650.0,5261.4,11388.6,6083.91,5304.6900000000005,46.578947368421055
BT-04087,2023-11-21,Central,Online,Compact Powder,14,400.0,9.8,148.0,Vikram N,2023,November,4,5600.0,548.8000000000001,5051.2,2072.0,2979.2,58.98004434589801
BT-04582,2023-11-21,West,Modern Trade,Micellar Cleansing Water,31,370.0,29.7,128.61,Rahul D,2023,November,4,11470.0,3406.5899999999997,8063.41,3986.9100000000003,4076.4999999999995,50.555534197070465
BT-04847,2023-11-21,Central,Modern Trade,Hair Serum 100ml,20,660.0,6.6,226.51,Suresh K,2023,November,4,13200.0,871.2,12328.8,4530.2,7798.599999999999,63.25514243073129
BT-00030,2023-11-22,South,Salon Wholesale,Mascara,23,340.0,31.2,143.55,Priya R,2023,November,4,7820.0,2439.84,5380.16,3301.65,2078.5099999999998,38.6328659370725
BT-00207,2023-11-22,North,General Trade,Hydrating Moisturiser 50ml,43,360.0,8.9,132.59,Deepa S,2023,November,4,15480.0,1377.7200000000003,14102.279999999999,5701.37,8400.91,59.57128918160751
BT-00781,2023-11-22,East,Salon Wholesale,Hydrating Moisturiser 50ml,34,550.0,13.0,171.49,Pooja N,2023,November,4,18700.0,2431.0,16269.0,5830.66,10438.34,64.16091954022988
BT-01141,2023-11-22,East,Modern Trade,Hair Serum 100ml,9,540.0,6.3,191.21,Meena G,2023,November,4,4860.0,306.18,4553.82,1720.89,2832.9299999999994,62.20996877346929
BT-01197,2023-11-22,North,Salon Wholesale,Mascara,40,560.0,8.7,223.78,Anjali M,2023,November,4,22400.0,1948.8,20451.2,8951.2,11500.0,56.23141918322641
BT-02124,2023-11-22,West,Salon Wholesale,Night Repair Cream 50ml,56,1120.0,39.8,438.03,Priya S,2023,November,4,62720.0,24962.559999999998,37757.44,24529.68,13227.760000000002,35.03351922164215
BT-02598,2023-11-22,Central,Modern Trade,Night Repair Cream 50ml,4,710.0,12.0,267.95,Suresh K,2023,November,4,2840.0,340.8,2499.2,1071.8,1427.3999999999999,57.11427656850192
BT-02709,2023-11-22,West,Salon Wholesale,Kajal Eye Pencil,12,170.0,38.1,53.11,Nidhi C,2023,November,4,2040.0,777.24,1262.76,637.3199999999999,625.44,49.52960182457475
BT-02730,2023-11-22,East,Online,Night Repair Cream 50ml,46,980.0,11.6,321.05,Sneha B,2023,November,4,45080.0,5229.28,39850.72,14768.300000000001,25082.42,62.940945609012836
BT-02851,2023-11-22,South,Salon Wholesale,Hair Serum 100ml,52,510.0,19.0,202.88,Kiran T,2023,November,4,26520.0,5038.8,21481.2,10549.76,10931.44,50.888404744613894
BT-03318,2023-11-22,Central,Salon Wholesale,Blush Palette,57,710.0,10.0,332.07,Suresh K,2023,November,4,40470.0,4047.0,36423.0,18927.989999999998,17495.010000000002,48.03286384976526
BT-03949,2023-11-22,North,Pharmacy,Micellar Cleansing Water,56,450.0,6.1,134.96,Deepa S,2023,November,4,25200.0,1537.2,23662.8,7557.76,16105.039999999999,68.06058454620755
BT-04602,2023-11-22,West,General Trade,Lip Gloss,43,220.0,36.1,76.65,Nidhi C,2023,November,4,9460.0,3415.06,6044.9400000000005,3295.9500000000003,2748.9900000000002,45.475885616730686
BT-04850,2023-11-22,North,General Trade,Night Repair Cream 50ml,38,850.0,11.5,316.54,Anjali M,2023,November,4,32300.0,3714.5,28585.5,12028.52,16556.98,57.92090395480226
BT-04876,2023-11-22,Central,Salon Wholesale,Under Eye Cream 15ml,44,650.0,6.6,190.32,Suresh K,2023,November,4,28600.0,1887.6000000000001,26712.4,8374.08,18338.32,68.6509635974304
BT-00496,2023-11-23,Central,Salon Wholesale,Night Repair Cream 50ml,12,1080.0,8.5,362.02,Suresh K,2023,November,4,12960.0,1101.6000000000001,11858.4,4344.24,7514.16,63.365715442218175
BT-01984,2023-11-23,North,Pharmacy,Lip Gloss,2,220.0,8.4,72.95,Deepa S,2023,November,4,440.0,36.96,403.04,145.9,257.14,63.800119094878916
BT-02688,2023-11-23,North,Salon Wholesale,Hydrating Moisturiser 50ml,59,550.0,10.5,167.69,Rohit K,2023,November,4,32450.0,3407.25,29042.75,9893.71,19149.04,65.93397663788726
BT-03882,2023-11-23,Central,General Trade,Hydrating Moisturiser 50ml,16,540.0,7.6,172.21,Suresh K,2023,November,4,8640.0,656.64,7983.36,2755.36,5228.0,65.48621131954465
BT-03979,2023-11-23,East,Modern Trade,Rose Water Toner 200ml,18,280.0,5.4,66.11,Pooja N,2023,November,4,5040.0,272.16,4767.84,1189.98,3577.86,75.04152823920266
BT-00005,2023-11-24,South,Pharmacy,Kajal Eye Pencil,14,160.0,19.1,41.01,Anand V,2023,November,4,2240.0,427.84000000000003,1812.1599999999999,574.14,1238.02,68.31736711990112
BT-00443,2023-11-24,South,Salon Wholesale,Rose Water Toner 200ml,9,230.0,30.1,51.93,Priya R,2023,November,4,2070.0,623.0699999999999,1446.93,467.37,979.5600000000001,67.69919761149468
BT-01165,2023-11-24,South,Salon Wholesale,Perfume 100ml EDP,25,2310.0,18.1,1156.39,Priya R,2023,November,4,57750.0,10452.750000000002,47297.25,28909.750000000004,18387.499999999996,38.87646744789601
BT-01172,2023-11-24,Central,General Trade,Perfume 100ml EDP,27,2660.0,4.7,1311.38,Sunita P,2023,November,4,71820.0,3375.54,68444.46,35407.26,33037.200000000004,48.26862539349423
BT-02358,2023-11-24,Central,Salon Wholesale,Face Wash 100ml,6,290.0,8.9,75.02,Suresh K,2023,November,4,1740.0,154.86,1585.1399999999999,450.12,1135.02,71.60377001400508
BT-02817,2023-11-24,Central,Online,Face Wash 100ml,37,220.0,12.7,62.63,Suresh K,2023,November,4,8140.0,1033.78,7106.22,2317.31,4788.91,67.3903988336978
BT-03176,2023-11-24,West,Salon Wholesale,SPF 50 Sunscreen 100g,19,500.0,33.6,181.15,Rahul D,2023,November,4,9500.0,3192.0,6308.0,3441.85,2866.15,45.43674698795181
BT-03395,2023-11-24,Central,Salon Wholesale,Kajal Eye Pencil,44,180.0,8.3,56.7,Sunita P,2023,November,4,7920.0,657.36,7262.64,2494.8,4767.84,65.64885496183206
BT-03819,2023-11-24,West,General Trade,Hair Oil 200ml,59,300.0,29.8,100.53,Rahul D,2023,November,4,17700.0,5274.599999999999,12425.400000000001,5931.27,6494.130000000001,52.26495726495727
BT-03905,2023-11-24,East,Online,Eyeshadow Palette 9-shade,10,610.0,13.0,272.79,Sneha B,2023,November,4,6100.0,793.0,5307.0,2727.9,2579.1,48.598078010175236
BT-04540,2023-11-24,East,Modern Trade,Vitamin C Face Serum 30ml,29,690.0,10.2,213.9,Meena G,2023,November,4,20010.0,2041.02,17968.98,6203.1,11765.88,65.47884187082406
BT-04627,2023-11-24,East,General Trade,Vitamin C Face Serum 30ml,33,650.0,8.9,214.89,Meena G,2023,November,4,21450.0,1909.0500000000002,19540.95,7091.37,12449.580000000002,63.710208562019766
BT-04644,2023-11-24,South,Modern Trade,Hydrating Moisturiser 50ml,35,490.0,15.8,163.22,Kiran T,2023,November,4,17150.0,2709.7,14440.3,5712.7,8727.599999999999,60.43918755150516
BT-04886,2023-11-24,Central,Pharmacy,Nail Polish Set (12pc),37,480.0,8.1,193.97,Vikram N,2023,November,4,17760.0,1438.56,16321.44,7176.89,9144.55,56.02783822996009
BT-00186,2023-11-25,Central,Modern Trade,BB Cream 30ml,9,560.0,8.5,214.37,Suresh K,2023,November,4,5040.0,428.40000000000003,4611.6,1929.33,2682.2700000000004,58.163544106167066
BT-00518,2023-11-25,East,Online,Nail Polish Set (12pc),48,600.0,11.9,261.48,Meena G,2023,November,4,28800.0,3427.2000000000003,25372.8,12551.04,12821.759999999998,50.53348467650397
BT-00740,2023-11-25,East,Pharmacy,Kajal Eye Pencil,22,140.0,13.4,36.6,Meena G,2023,November,4,3080.0,412.72,2667.2799999999997,805.2,1862.0799999999997,69.8119432530518
BT-00780,2023-11-25,Central,Online,Hydrating Moisturiser 50ml,6,620.0,7.4,234.3,Vikram N,2023,November,4,3720.0,275.28000000000003,3444.72,1405.8000000000002,2038.9199999999996,59.189716435588366
BT-00871,2023-11-25,East,General Trade,Blush Palette,58,630.0,15.8,287.6,Meena G,2023,November,4,36540.0,5773.32,30766.68,16680.800000000003,14085.879999999997,45.782905402857885
BT-01249,2023-11-25,South,Pharmacy,Perfume 100ml EDP,34,1920.0,27.0,810.62,Priya R,2023,November,4,65280.0,17625.600000000002,47654.399999999994,27561.08,20093.319999999992,42.16466894977168
BT-01525,2023-11-25,West,Online,Nail Polish Set (12pc),58,390.0,39.7,175.42,Rahul D,2023,November,4,22620.0,8980.140000000001,13639.859999999999,10174.359999999999,3465.5,25.407152272823918
BT-01926,2023-11-25,South,Salon Wholesale,Perfume 100ml EDP,36,1500.0,18.5,610.5,Kiran T,2023,November,4,54000.0,9990.0,44010.0,21978.0,22032.0,50.061349693251536
BT-02373,2023-11-25,East,Modern Trade,Hair Serum 100ml,43,590.0,6.5,232.7,Pooja N,2023,November,4,25370.0,1649.05,23720.95,10006.1,13714.85,57.817456720746854
BT-03280,2023-11-25,West,Online,Under Eye Cream 15ml,43,820.0,36.8,292.99,Priya S,2023,November,4,35260.0,12975.68,22284.32,12598.57,9685.75,43.464418030256255
BT-03506,2023-11-25,South,General Trade,Kajal Eye Pencil,23,170.0,30.7,59.18,Priya R,2023,November,4,3910.0,1200.37,2709.63,1361.14,1348.49,49.76657329598506
BT-03556,2023-11-25,Central,Online,Hair Oil 200ml,45,310.0,8.9,103.57,Suresh K,2023,November,4,13950.0,1241.5500000000002,12708.45,4660.65,8047.800000000001,63.326369462837725
BT-03971,2023-11-25,West,General Trade,Vitamin C Face Serum 30ml,50,560.0,31.1,185.47,Priya S,2023,November,4,28000.0,8708.0,19292.0,9273.5,10018.5,51.93085216670122
BT-04314,2023-11-25,East,Online,Micellar Cleansing Water,55,420.0,10.4,128.02,Sneha B,2023,November,4,23100.0,2402.4,20697.6,7041.1,13656.499999999998,65.98107993197279
BT-04700,2023-11-25,North,Modern Trade,Blush Palette,8,710.0,7.1,295.57,Deepa S,2023,November,4,5680.0,403.28,5276.72,2364.56,2912.1600000000003,55.18882942433937
BT-04940,2023-11-25,East,Online,Blush Palette,48,530.0,7.2,252.23,Pooja N,2023,November,4,25440.0,1831.6800000000003,23608.32,12107.039999999999,11501.28,48.717062459336375
BT-00029,2023-11-26,Central,General Trade,Vitamin C Face Serum 30ml,7,730.0,5.0,227.1,Sunita P,2023,November,4,5110.0,255.5,4854.5,1589.7,3264.8,67.25306416726748
BT-00081,2023-11-26,West,Modern Trade,Night Repair Cream 50ml,57,830.0,24.9,342.54,Nidhi C,2023,November,4,47310.0,11780.19,35529.81,19524.780000000002,16005.029999999995,45.046764955962324
BT-01251,2023-11-26,Central,Modern Trade,Compact Powder,26,300.0,10.7,92.28,Suresh K,2023,November,4,7800.0,834.6,6965.4,2399.28,4566.119999999999,65.55431131019036
BT-01261,2023-11-26,South,Salon Wholesale,Kajal Eye Pencil,14,150.0,20.2,50.14,Anand V,2023,November,4,2100.0,424.2,1675.8,701.96,973.8399999999999,58.111946532999156
BT-01522,2023-11-26,East,Modern Trade,Perfume 100ml EDP,33,2170.0,7.5,1083.7,Meena G,2023,November,4,71610.0,5370.75,66239.25,35762.1,30477.15,46.01071117200149
BT-02291,2023-11-26,East,Modern Trade,Compact Powder,13,310.0,13.7,102.95,Sneha B,2023,November,4,4030.0,552.1099999999999,3477.8900000000003,1338.3500000000001,2139.54,61.51833439240458
BT-02313,2023-11-26,North,Modern Trade,SPF 50 Sunscreen 100g,3,520.0,5.4,195.68,Anjali M,2023,November,4,1560.0,84.24000000000001,1475.76,587.04,888.72,60.22117417466255
BT-02490,2023-11-26,Central,Pharmacy,Perfume 100ml EDP,3,1210.0,12.9,521.87,Vikram N,2023,November,4,3630.0,468.27000000000004,3161.73,1565.6100000000001,1596.12,50.48248901708874
BT-02567,2023-11-26,South,Salon Wholesale,Rose Water Toner 200ml,22,260.0,22.2,57.56,Anand V,2023,November,4,5720.0,1269.84,4450.16,1266.3200000000002,3183.8399999999997,71.54439390943247
BT-03281,2023-11-26,North,Salon Wholesale,Nail Polish Set (12pc),35,400.0,11.5,157.52,Deepa S,2023,November,4,14000.0,1610.0,12390.0,5513.200000000001,6876.799999999999,55.50282485875706
BT-03481,2023-11-26,West,General Trade,Mascara,17,490.0,36.0,216.97,Priya S,2023,November,4,8330.0,2998.7999999999997,5331.200000000001,3688.49,1642.710000000001,30.813137755102055
BT-03780,2023-11-26,Central,Modern Trade,Eyeshadow Palette 9-shade,29,800.0,6.7,397.68,Sunita P,2023,November,4,23200.0,1554.4,21645.6,11532.72,10112.88,46.72025723472669
BT-03782,2023-11-26,West,General Trade,Hair Oil 200ml,2,310.0,41.3,103.97,Priya S,2023,November,4,620.0,256.06,363.94,207.94,156.0,42.86420838599769
BT-03848,2023-11-26,South,Salon Wholesale,SPF 50 Sunscreen 100g,42,450.0,28.3,164.29,Priya R,2023,November,4,18900.0,5348.700000000001,13551.3,6900.179999999999,6651.12,49.081047574771425
BT-03920,2023-11-26,South,General Trade,Mascara,54,530.0,31.0,192.07,Priya R,2023,November,4,28620.0,8872.2,19747.8,10371.779999999999,9376.02,47.47880776592836
BT-04015,2023-11-26,Central,Online,Vitamin C Face Serum 30ml,7,600.0,11.1,202.86,Vikram N,2023,November,4,4200.0,466.2,3733.8,1420.02,2313.78,61.96850393700788
BT-04046,2023-11-26,South,Salon Wholesale,Hair Oil 200ml,11,360.0,25.0,122.98,Anand V,2023,November,4,3960.0,990.0,2970.0,1352.78,1617.22,54.45185185185185
BT-04085,2023-11-26,East,Online,Kajal Eye Pencil,54,120.0,11.1,35.6,Sneha B,2023,November,4,6480.0,719.28,5760.72,1922.4,3838.32,66.6291713535808
BT-04305,2023-11-26,North,Online,Hydrating Moisturiser 50ml,18,590.0,5.1,217.06,Deepa S,2023,November,4,10620.0,541.62,10078.38,3907.08,6171.299999999999,61.23305531246093
BT-04607,2023-11-26,Central,Modern Trade,Perfume 100ml EDP,43,2500.0,9.6,1248.5,Suresh K,2023,November,4,107500.0,10320.0,97180.0,53685.5,43494.5,44.756637168141594
BT-04648,2023-11-26,Central,Modern Trade,SPF 50 Sunscreen 100g,54,470.0,11.5,188.14,Vikram N,2023,November,4,25380.0,2918.7000000000003,22461.3,10159.56,12301.74,54.76860199543214
BT-04954,2023-11-26,West,Online,Hair Serum 100ml,31,400.0,41.0,144.24,Priya S,2023,November,4,12400.0,5084.0,7316.0,4471.4400000000005,2844.5599999999995,38.881355932203384
BT-00095,2023-11-27,East,General Trade,Night Repair Cream 50ml,55,1140.0,11.2,391.59,Meena G,2023,November,4,62700.0,7022.4,55677.6,21537.449999999997,34140.15,61.31756756756758
BT-00153,2023-11-27,North,Pharmacy,Hair Oil 200ml,39,310.0,14.4,115.75,Rohit K,2023,November,4,12090.0,1740.9600000000003,10349.039999999999,4514.25,5834.789999999999,56.38001205908954
BT-00367,2023-11-27,North,Pharmacy,Matte Lipstick,45,420.0,12.6,166.66,Anjali M,2023,November,4,18900.0,2381.4,16518.6,7499.7,9018.899999999998,54.598452653372554
BT-00677,2023-11-27,East,Modern Trade,Eyeshadow Palette 9-shade,54,880.0,12.1,425.74,Sneha B,2023,November,4,47520.0,5749.92,41770.08,22989.96,18780.120000000003,44.96069914158652
BT-00818,2023-11-27,West,Online,Face Wash 100ml,58,250.0,27.8,74.62,Rahul D,2023,November,4,14500.0,4031.0000000000005,10469.0,4327.96,6141.04,58.65927977839335
BT-01146,2023-11-27,North,Salon Wholesale,Micellar Cleansing Water,52,310.0,11.0,103.48,Anjali M,2023,November,4,16120.0,1773.2,14346.8,5380.96,8965.84,62.493657122145706
BT-01332,2023-11-27,Central,Online,SPF 50 Sunscreen 100g,42,490.0,5.4,192.77,Vikram N,2023,November,4,20580.0,1111.3200000000002,19468.68,8096.34,11372.34,58.413513396902104
BT-02020,2023-11-27,South,General Trade,Perfume 100ml EDP,25,2330.0,25.8,1199.25,Kiran T,2023,November,4,58250.0,15028.5,43221.5,29981.25,13240.25,30.63348102217646
BT-02693,2023-11-27,South,Modern Trade,Eyeshadow Palette 9-shade,27,600.0,22.5,248.34,Priya R,2023,November,4,16200.0,3645.0,12555.0,6705.18,5849.82,46.593548387096774
BT-02737,2023-11-27,East,Online,Nail Polish Set (12pc),48,400.0,14.5,184.08,Meena G,2023,November,4,19200.0,2784.0,16416.0,8835.84,7580.16,46.175438596491226
BT-03423,2023-11-27,Central,Salon Wholesale,Face Wash 100ml,26,220.0,11.6,69.87,Sunita P,2023,November,4,5720.0,663.52,5056.48,1816.6200000000001,3239.8599999999997,64.07342657342657
BT-03514,2023-11-27,West,Modern Trade,Kajal Eye Pencil,42,120.0,24.3,37.5,Nidhi C,2023,November,4,5040.0,1224.72,3815.2799999999997,1575.0,2240.2799999999997,58.71862615587846
BT-03681,2023-11-27,South,Modern Trade,Matte Lipstick,16,280.0,24.0,85.09,Priya R,2023,November,4,4480.0,1075.2,3404.8,1361.44,2043.3600000000001,60.0140977443609
BT-03730,2023-11-27,East,General Trade,Kajal Eye Pencil,5,170.0,12.5,50.81,Meena G,2023,November,4,850.0,106.25,743.75,254.05,489.7,65.8420168067227
BT-04533,2023-11-27,North,Salon Wholesale,Perfume 100ml EDP,54,1780.0,5.5,873.27,Anjali M,2023,November,4,96120.0,5286.6,90833.4,47156.58,43676.81999999999,48.08453718566078
BT-04705,2023-11-27,North,Salon Wholesale,Vitamin C Face Serum 30ml,48,670.0,5.3,192.09,Anjali M,2023,November,4,32160.0,1704.48,30455.52,9220.32,21235.2,69.72529117874198
BT-04754,2023-11-27,South,General Trade,Face Wash 100ml,52,280.0,23.1,79.3,Kiran T,2023,November,4,14560.0,3363.36,11196.64,4123.599999999999,7073.04,63.17109418539848
BT-00796,2023-11-28,Central,Pharmacy,Nail Polish Set (12pc),10,620.0,9.5,240.56,Vikram N,2023,November,4,6200.0,589.0,5611.0,2405.6,3205.4,57.127071823204425
BT-00944,2023-11-28,East,Salon Wholesale,BB Cream 30ml,7,550.0,11.9,222.48,Meena G,2023,November,4,3850.0,458.15000000000003,3391.85,1557.36,1834.49,54.085233722010116
BT-01385,2023-11-28,West,Modern Trade,Perfume 100ml EDP,48,1860.0,23.4,880.15,Rahul D,2023,November,4,89280.0,20891.52,68388.48,42247.2,26141.28,38.224683455459164
BT-01785,2023-11-28,East,Online,Hair Oil 200ml,7,280.0,9.8,84.36,Meena G,2023,November,4,1960.0,192.08,1767.92,590.52,1177.4,66.59803611023123
BT-01815,2023-11-28,South,Online,Hydrating Moisturiser 50ml,45,440.0,22.5,166.63,Anand V,2023,November,4,19800.0,4455.0,15345.0,7498.349999999999,7846.650000000001,51.13489736070381
BT-01833,2023-11-28,North,Pharmacy,Nail Polish Set (12pc),44,510.0,8.9,224.15,Deepa S,2023,November,4,22440.0,1997.1600000000003,20442.84,9862.6,10580.24,51.75523557392221
BT-02345,2023-11-28,North,Salon Wholesale,Rose Water Toner 200ml,12,330.0,11.4,78.7,Deepa S,2023,November,4,3960.0,451.44,3508.56,944.4000000000001,2564.16,73.08297421164238
BT-02414,2023-11-28,Central,Online,Vitamin C Face Serum 30ml,53,520.0,7.3,151.01,Vikram N,2023,November,4,27560.0,2011.8799999999999,25548.12,8003.53,17544.59,68.67272425524853
BT-02563,2023-11-28,Central,Salon Wholesale,Night Repair Cream 50ml,29,1170.0,8.3,468.12,Sunita P,2023,November,4,33930.0,2816.19,31113.81,13575.48,17538.33,56.36831362022202
BT-02758,2023-11-28,South,General Trade,Perfume 100ml EDP,2,2230.0,19.1,1049.44,Kiran T,2023,November,4,4460.0,851.86,3608.14,2098.88,1509.2599999999998,41.82930817540339
BT-02834,2023-11-28,West,Pharmacy,Hair Serum 100ml,19,570.0,27.7,221.56,Rahul D,2023,November,4,10830.0,2999.91,7830.09,4209.64,3620.45,46.23765499502559
BT-04025,2023-11-28,West,General Trade,Compact Powder,29,390.0,31.4,128.86,Nidhi C,2023,November,4,11310.0,3551.34,7758.66,3736.9400000000005,4021.7199999999993,51.83523959034162
BT-04398,2023-11-28,Central,Modern Trade,Night Repair Cream 50ml,16,1000.0,11.0,342.9,Sunita P,2023,November,4,16000.0,1760.0,14240.0,5486.4,8753.6,61.47191011235955
BT-04656,2023-11-28,North,Pharmacy,Micellar Cleansing Water,10,340.0,6.7,115.09,Anjali M,2023,November,4,3400.0,227.8,3172.2,1150.9,2021.2999999999997,63.71918542336549
BT-04927,2023-11-28,South,Salon Wholesale,Kajal Eye Pencil,48,190.0,22.9,53.52,Anand V,2023,November,4,9120.0,2088.48,7031.52,2568.96,4462.56,63.46508294081508
BT-00196,2023-11-29,West,Pharmacy,Night Repair Cream 50ml,10,1090.0,30.4,434.26,Rahul D,2023,November,4,10900.0,3313.6,7586.4,4342.6,3243.7999999999993,42.758093430349035
BT-00634,2023-11-29,Central,Online,Hydrating Moisturiser 50ml,37,590.0,5.9,210.57,Vikram N,2023,November,4,21830.0,1287.97,20542.03,7791.09,12750.939999999999,62.0724436679335
BT-00671,2023-11-29,West,Salon Wholesale,Perfume 100ml EDP,25,1360.0,35.9,661.78,Priya S,2023,November,4,34000.0,12206.0,21794.0,16544.5,5249.5,24.086904652656692
BT-00993,2023-11-29,East,Online,Eyeshadow Palette 9-shade,16,610.0,11.2,284.08,Meena G,2023,November,4,9760.0,1093.12,8666.880000000001,4545.28,4121.600000000001,47.55575247378527
BT-01211,2023-11-29,West,General Trade,Matte Lipstick,50,450.0,41.2,157.05,Nidhi C,2023,November,4,22500.0,9270.0,13230.0,7852.500000000001,5377.499999999999,40.646258503401356
BT-01431,2023-11-29,South,Pharmacy,Rose Water Toner 200ml,56,330.0,30.0,95.67,Priya R,2023,November,4,18480.0,5544.0,12936.0,5357.52,7578.48,58.58441558441558
BT-02668,2023-11-29,Central,Online,Face Wash 100ml,17,270.0,7.8,74.71,Vikram N,2023,November,4,4590.0,358.02,4231.98,1270.07,2961.91,69.98875230979354
BT-02843,2023-11-29,North,Modern Trade,Mascara,27,380.0,7.5,167.66,Rohit K,2023,November,4,10260.0,769.5,9490.5,4526.82,4963.68,52.30156472261736
BT-03097,2023-11-29,North,Online,Hair Oil 200ml,36,270.0,5.0,89.99,Deepa S,2023,November,4,9720.0,486.0,9234.0,3239.64,5994.360000000001,64.91617933723197
BT-03766,2023-11-29,West,General Trade,Nail Polish Set (12pc),32,450.0,42.1,183.65,Priya S,2023,November,4,14400.0,6062.400000000001,8337.599999999999,5876.8,2460.7999999999984,29.51448858184608
BT-00439,2023-11-30,South,Pharmacy,Rose Water Toner 200ml,25,370.0,27.2,102.42,Priya R,2023,November,4,9250.0,2516.0,6734.0,2560.5,4173.5,61.97653697653698
BT-00650,2023-11-30,South,Salon Wholesale,Hair Oil 200ml,13,280.0,13.8,109.31,Anand V,2023,November,4,3640.0,502.32000000000005,3137.68,1421.03,1716.6499999999999,54.71080543586344
BT-01059,2023-11-30,South,Online,Hair Serum 100ml,12,560.0,24.6,199.75,Kiran T,2023,November,4,6720.0,1653.1200000000001,5066.88,2397.0,2669.88,52.69278135657446
BT-01166,2023-11-30,Central,Modern Trade,Compact Powder,28,460.0,11.2,161.74,Suresh K,2023,November,4,12880.0,1442.56,11437.44,4528.72,6908.72,60.40442616529573
BT-01640,2023-11-30,South,Pharmacy,Hair Oil 200ml,46,390.0,28.2,155.69,Priya R,2023,November,4,17940.0,5059.08,12880.92,7161.74,5719.18,44.400399971430616
BT-01858,2023-11-30,West,General Trade,Lip Gloss,9,330.0,29.0,110.09,Rahul D,2023,November,4,2970.0,861.3,2108.7,990.8100000000001,1117.8899999999999,53.013230900554845
BT-02047,2023-11-30,East,Salon Wholesale,SPF 50 Sunscreen 100g,59,320.0,10.8,139.07,Meena G,2023,November,4,18880.0,2039.0400000000002,16840.96,8205.13,8635.83,51.27872757847533
BT-02743,2023-11-30,North,Pharmacy,Nail Polish Set (12pc),59,480.0,12.0,186.24,Rohit K,2023,November,4,28320.0,3398.4,24921.6,10988.16,13933.439999999999,55.90909090909091
BT-02961,2023-11-30,South,Salon Wholesale,Night Repair Cream 50ml,35,1170.0,22.4,464.72,Anand V,2023,November,4,40950.0,9172.8,31777.2,16265.2,15512.0,48.814873557141595
BT-03378,2023-11-30,West,Modern Trade,Mascara,5,340.0,33.0,145.25,Rahul D,2023,November,4,1700.0,561.0,1139.0,726.25,412.75,36.237928007023704
BT-03762,2023-11-30,North,Online,Under Eye Cream 15ml,22,830.0,5.4,300.79,Deepa S,2023,November,4,18260.0,986.0400000000001,17273.96,6617.38,10656.579999999998,61.69158664255329
BT-03793,2023-11-30,Central,Salon Wholesale,Hair Oil 200ml,34,270.0,9.1,95.5,Suresh K,2023,November,4,9180.0,835.38,8344.62,3247.0,5097.620000000001,61.08870146273887
BT-03883,2023-11-30,East,Salon Wholesale,Face Wash 100ml,47,230.0,13.9,58.42,Sneha B,2023,November,4,10810.0,1502.5900000000001,9307.41,2745.7400000000002,6561.67,70.49941927990709
BT-04397,2023-11-30,West,Modern Trade,Blush Palette,17,760.0,36.1,326.95,Nidhi C,2023,November,4,12920.0,4664.12,8255.880000000001,5558.15,2697.7300000000014,32.67646816571948
BT-00246,2023-12-01,East,Salon Wholesale,Micellar Cleansing Water,8,370.0,7.7,115.14,Pooja N,2023,December,4,2960.0,227.92,2732.08,921.12,1810.96,66.28502825685925
BT-00340,2023-12-01,North,Pharmacy,Hair Serum 100ml,46,460.0,6.0,158.19,Deepa S,2023,December,4,21160.0,1269.6,19890.4,7276.74,12613.660000000002,63.41581868640148
BT-00623,2023-12-01,South,Pharmacy,Under Eye Cream 15ml,60,560.0,30.2,187.49,Priya R,2023,December,4,33600.0,10147.199999999999,23452.800000000003,11249.400000000001,12203.400000000001,52.03387228817028
BT-01156,2023-12-01,South,Modern Trade,Mascara,44,430.0,18.2,180.0,Kiran T,2023,December,4,18920.0,3443.44,15476.56,7920.0,7556.5599999999995,48.8258372661625
BT-02209,2023-12-01,East,Pharmacy,Micellar Cleansing Water,35,410.0,15.3,120.01,Meena G,2023,December,4,14350.0,2195.55,12154.45,4200.35,7954.1,65.44187519797275
BT-02257,2023-12-01,East,General Trade,Perfume 100ml EDP,21,2620.0,15.0,1114.29,Meena G,2023,December,4,55020.0,8253.0,46767.0,23400.09,23366.91,49.964526268522675
BT-02261,2023-12-01,East,Modern Trade,SPF 50 Sunscreen 100g,58,550.0,13.6,223.08,Meena G,2023,December,4,31900.0,4338.400000000001,27561.6,12938.640000000001,14622.959999999997,53.05555555555554
BT-02286,2023-12-01,East,Salon Wholesale,Under Eye Cream 15ml,52,660.0,6.8,231.99,Pooja N,2023,December,4,34320.0,2333.76,31986.239999999998,12063.48,19922.76,62.28540772532188
BT-02741,2023-12-01,Central,Salon Wholesale,Under Eye Cream 15ml,52,630.0,7.8,217.48,Sunita P,2023,December,4,32760.0,2555.28,30204.72,11308.96,18895.760000000002,62.558964294322216
BT-03275,2023-12-01,South,Salon Wholesale,Perfume 100ml EDP,39,2050.0,25.6,822.87,Priya R,2023,December,4,79950.0,20467.2,59482.8,32091.93,27390.870000000003,46.0483870967742
BT-04365,2023-12-01,West,Online,SPF 50 Sunscreen 100g,34,550.0,34.8,226.49,Rahul D,2023,December,4,18700.0,6507.599999999999,12192.400000000001,7700.66,4491.740000000002,36.840490797546025
BT-04963,2023-12-01,Central,Salon Wholesale,Perfume 100ml EDP,30,1220.0,8.3,518.38,Sunita P,2023,December,4,36600.0,3037.8,33562.2,15551.4,18010.799999999996,53.663943364856884
BT-00326,2023-12-02,Central,Online,Compact Powder,20,460.0,12.0,164.91,Vikram N,2023,December,4,9200.0,1104.0,8096.0,3298.2,4797.8,59.26136363636364
BT-00451,2023-12-02,East,Modern Trade,Kajal Eye Pencil,35,180.0,6.9,51.26,Pooja N,2023,December,4,6300.0,434.70000000000005,5865.3,1794.1,4071.2000000000003,69.41162429884234
BT-00486,2023-12-02,West,Online,Blush Palette,33,650.0,36.4,248.17,Nidhi C,2023,December,4,21450.0,7807.8,13642.2,8189.61,5452.590000000001,39.968553459119505
BT-00629,2023-12-02,East,Online,Hair Oil 200ml,60,330.0,11.1,117.78,Meena G,2023,December,4,19800.0,2197.8,17602.2,7066.8,10535.400000000001,59.85274567951734
BT-01707,2023-12-02,East,General Trade,Mascara,27,320.0,10.1,122.53,Pooja N,2023,December,4,8640.0,872.64,7767.36,3308.31,4459.049999999999,57.407536151279196
BT-02738,2023-12-02,South,Online,Kajal Eye Pencil,25,240.0,21.4,60.43,Anand V,2023,December,4,6000.0,1284.0,4716.0,1510.75,3205.25,67.96543681085666
BT-02800,2023-12-02,East,Online,Hair Serum 100ml,54,670.0,11.6,228.34,Sneha B,2023,December,4,36180.0,4196.88,31983.12,12330.36,19652.76,61.44728844465456
BT-03002,2023-12-02,West,Online,Kajal Eye Pencil,44,160.0,32.5,52.22,Nidhi C,2023,December,4,7040.0,2288.0,4752.0,2297.68,2454.32,51.64814814814815
BT-03109,2023-12-02,East,Pharmacy,Under Eye Cream 15ml,8,590.0,13.4,197.41,Sneha B,2023,December,4,4720.0,632.48,4087.52,1579.28,2508.24,61.363369475868
BT-03199,2023-12-02,North,Pharmacy,Vitamin C Face Serum 30ml,55,590.0,8.0,175.41,Deepa S,2023,December,4,32450.0,2596.0,29854.0,9647.55,20206.45,67.68422991893884
BT-03279,2023-12-02,South,Online,Matte Lipstick,40,380.0,28.4,139.57,Priya R,2023,December,4,15200.0,4316.799999999999,10883.2,5582.799999999999,5300.4000000000015,48.702587474272285
BT-04237,2023-12-02,South,Salon Wholesale,Night Repair Cream 50ml,36,1110.0,15.4,396.49,Anand V,2023,December,4,39960.0,6153.84,33806.16,14273.64,19532.520000000004,57.77799075671417
BT-04362,2023-12-02,Central,Online,Hydrating Moisturiser 50ml,22,430.0,11.1,134.98,Vikram N,2023,December,4,9460.0,1050.06,8409.94,2969.56,5440.380000000001,64.6898788814189
BT-04836,2023-12-02,South,Modern Trade,Micellar Cleansing Water,9,360.0,13.1,128.45,Anand V,2023,December,4,3240.0,424.44,2815.56,1156.05,1659.51,58.94067254826748
BT-04931,2023-12-02,West,General Trade,Lip Gloss,53,200.0,40.8,63.86,Nidhi C,2023,December,4,10600.0,4324.799999999999,6275.200000000001,3384.58,2890.620000000001,46.0641891891892
BT-00155,2023-12-03,North,Pharmacy,Vitamin C Face Serum 30ml,14,520.0,5.6,170.87,Deepa S,2023,December,4,7280.0,407.67999999999995,6872.32,2392.1800000000003,4480.139999999999,65.1910853976532
BT-00214,2023-12-03,North,Pharmacy,Nail Polish Set (12pc),5,620.0,14.2,273.54,Rohit K,2023,December,4,3100.0,440.2,2659.8,1367.7,1292.1000000000001,48.57884051432439
BT-00454,2023-12-03,North,Modern Trade,Compact Powder,21,270.0,8.0,93.15,Anjali M,2023,December,4,5670.0,453.6,5216.4,1956.15,3260.2499999999995,62.5
BT-00514,2023-12-03,North,General Trade,Compact Powder,18,280.0,7.8,87.75,Deepa S,2023,December,4,5040.0,393.12,4646.88,1579.5,3067.38,66.00945150294392
BT-01212,2023-12-03,South,Salon Wholesale,Face Wash 100ml,35,200.0,21.8,51.62,Kiran T,2023,December,4,7000.0,1526.0,5474.0,1806.6999999999998,3667.3,66.99488491048594
BT-01276,2023-12-03,South,General Trade,Hair Serum 100ml,16,590.0,24.1,200.9,Priya R,2023,December,4,9440.0,2275.04,7164.96,3214.4,3950.56,55.13722337598534
BT-01290,2023-12-03,South,Modern Trade,Compact Powder,31,470.0,25.7,166.57,Priya R,2023,December,4,14570.0,3744.4900000000002,10825.51,5163.67,5661.84,52.30090776323703
BT-02177,2023-12-03,West,Online,Matte Lipstick,16,310.0,39.6,108.31,Nidhi C,2023,December,4,4960.0,1964.16,2995.84,1732.96,1262.88,42.154454176458025
BT-02590,2023-12-03,West,Online,BB Cream 30ml,56,670.0,36.1,274.7,Rahul D,2023,December,4,37520.0,13544.72,23975.28,15383.199999999999,8592.08,35.83724569640063
BT-02759,2023-12-03,South,Online,Night Repair Cream 50ml,7,800.0,24.9,263.92,Priya R,2023,December,4,5600.0,1394.4,4205.6,1847.44,2358.1600000000003,56.07190412782956
BT-02933,2023-12-03,Central,Online,Hydrating Moisturiser 50ml,57,500.0,11.2,183.0,Sunita P,2023,December,4,28500.0,3191.9999999999995,25308.0,10431.0,14877.0,58.78378378378378
BT-02999,2023-12-03,Central,Salon Wholesale,Under Eye Cream 15ml,24,750.0,7.2,282.75,Suresh K,2023,December,4,18000.0,1296.0000000000002,16704.0,6786.0,9918.0,59.375
BT-03634,2023-12-03,Central,Online,Hair Oil 200ml,47,400.0,10.9,127.76,Sunita P,2023,December,4,18800.0,2049.2,16750.8,6004.72,10746.079999999998,64.15263748597081
BT-04795,2023-12-03,West,Online,SPF 50 Sunscreen 100g,43,530.0,39.7,229.07,Priya S,2023,December,4,22790.0,9047.630000000001,13742.369999999999,9850.01,3892.3599999999988,28.323789855752672
BT-04921,2023-12-03,West,Modern Trade,Under Eye Cream 15ml,3,790.0,34.1,268.05,Nidhi C,2023,December,4,2370.0,808.1700000000001,1561.83,804.1500000000001,757.6799999999998,48.512322083709485
BT-00067,2023-12-04,North,Online,Blush Palette,35,500.0,9.9,202.6,Deepa S,2023,December,4,17500.0,1732.5,15767.5,7091.0,8676.5,55.027746947835745
BT-01985,2023-12-04,South,Online,Blush Palette,10,630.0,27.9,253.7,Kiran T,2023,December,4,6300.0,1757.6999999999998,4542.3,2537.0,2005.3000000000002,44.147238183299216
BT-02672,2023-12-04,East,General Trade,Night Repair Cream 50ml,48,900.0,16.6,368.73,Meena G,2023,December,4,43200.0,7171.200000000001,36028.8,17699.04,18329.760000000002,50.87529976019185
BT-03063,2023-12-04,East,Pharmacy,Compact Powder,50,290.0,10.1,111.74,Meena G,2023,December,4,14500.0,1464.5,13035.5,5587.0,7448.5,57.14011737179241
BT-03182,2023-12-04,South,Modern Trade,Blush Palette,38,640.0,14.4,246.34,Anand V,2023,December,4,24320.0,3502.0800000000004,20817.92,9360.92,11456.999999999998,55.03431658878504
BT-03477,2023-12-04,West,Online,Eyeshadow Palette 9-shade,10,920.0,31.1,379.04,Nidhi C,2023,December,4,9200.0,2861.2,6338.8,3790.4,2548.4,40.20319303338171
BT-04222,2023-12-04,East,Modern Trade,Hydrating Moisturiser 50ml,43,600.0,16.6,191.28,Meena G,2023,December,4,25800.0,4282.8,21517.2,8225.04,13292.16,61.77458033573141
BT-00535,2023-12-05,Central,Online,Hair Oil 200ml,36,340.0,8.7,124.81,Vikram N,2023,December,4,12240.0,1064.8799999999999,11175.12,4493.16,6681.960000000001,59.793183428902786
BT-00663,2023-12-05,North,General Trade,Eyeshadow Palette 9-shade,27,780.0,5.2,315.74,Deepa S,2023,December,4,21060.0,1095.1200000000001,19964.88,8524.98,11439.900000000001,57.30011900897978
BT-00705,2023-12-05,West,Modern Trade,Vitamin C Face Serum 30ml,27,510.0,31.3,164.68,Nidhi C,2023,December,4,13770.0,4310.01,9459.99,4446.360000000001,5013.629999999999,52.99825898336044
BT-00855,2023-12-05,West,Modern Trade,Micellar Cleansing Water,5,440.0,25.0,133.67,Nidhi C,2023,December,4,2200.0,550.0,1650.0,668.3499999999999,981.6500000000001,59.4939393939394
BT-01435,2023-12-05,Central,Pharmacy,Hair Oil 200ml,34,400.0,7.4,156.76,Sunita P,2023,December,4,13600.0,1006.4000000000001,12593.6,5329.84,7263.76,57.67818574514039
BT-01664,2023-12-05,Central,Online,Lip Gloss,25,280.0,6.9,82.88,Suresh K,2023,December,4,7000.0,483.00000000000006,6517.0,2072.0,4445.0,68.2062298603652
BT-01727,2023-12-05,Central,Modern Trade,Perfume 100ml EDP,3,2800.0,8.4,1159.2,Sunita P,2023,December,4,8400.0,705.6,7694.4,3477.6000000000004,4216.799999999999,54.80349344978165
BT-02018,2023-12-05,Central,General Trade,Blush Palette,43,670.0,8.3,261.7,Sunita P,2023,December,4,28810.0,2391.23,26418.77,11253.1,15165.67,57.40490567880337
BT-02085,2023-12-05,South,Modern Trade,Under Eye Cream 15ml,50,720.0,27.1,264.6,Kiran T,2023,December,4,36000.0,9756.0,26244.0,13230.000000000002,13013.999999999998,49.588477366255134
BT-02452,2023-12-05,North,Pharmacy,BB Cream 30ml,27,480.0,7.3,161.52,Deepa S,2023,December,4,12960.0,946.0799999999999,12013.92,4361.04,7652.88,63.700107874865154
BT-02697,2023-12-05,Central,Pharmacy,Lip Gloss,27,230.0,5.7,65.41,Vikram N,2023,December,4,6210.0,353.97,5856.03,1766.07,4089.96,69.84185531836415
BT-02862,2023-12-05,East,Pharmacy,Eyeshadow Palette 9-shade,15,670.0,4.7,307.06,Pooja N,2023,December,4,10050.0,472.35,9577.65,4605.9,4971.75,51.90991527149145
BT-03657,2023-12-05,East,Salon Wholesale,Hair Serum 100ml,24,640.0,6.7,222.72,Meena G,2023,December,4,15360.0,1029.1200000000001,14330.88,5345.28,8985.599999999999,62.70096463022507
BT-03827,2023-12-05,South,Salon Wholesale,Mascara,27,500.0,22.8,176.9,Anand V,2023,December,4,13500.0,3078.0,10422.0,4776.3,5645.7,54.170984455958546
BT-03835,2023-12-05,West,Salon Wholesale,Hydrating Moisturiser 50ml,20,610.0,41.1,225.15,Priya S,2023,December,4,12200.0,5014.200000000001,7185.799999999999,4503.0,2682.7999999999993,37.33474352194606
BT-03855,2023-12-05,North,General Trade,Face Wash 100ml,52,200.0,5.7,50.48,Anjali M,2023,December,4,10400.0,592.8000000000001,9807.2,2624.96,7182.240000000001,73.23435843054082
BT-04302,2023-12-05,East,Online,Hair Oil 200ml,9,320.0,8.6,116.67,Sneha B,2023,December,4,2880.0,247.67999999999998,2632.32,1050.03,1582.2900000000002,60.11009299781181
BT-04308,2023-12-05,Central,General Trade,Matte Lipstick,32,450.0,10.1,172.58,Vikram N,2023,December,4,14400.0,1454.3999999999999,12945.6,5522.56,7423.04,57.34025460388086
BT-04486,2023-12-05,East,Pharmacy,Matte Lipstick,38,420.0,8.9,159.22,Pooja N,2023,December,4,15960.0,1420.44,14539.56,6050.36,8489.2,58.38691129580263
BT-04853,2023-12-05,South,Modern Trade,Matte Lipstick,19,330.0,30.7,125.83,Priya R,2023,December,4,6270.0,1924.8899999999999,4345.110000000001,2390.77,1954.3400000000006,44.97791770519044
BT-00437,2023-12-06,North,General Trade,Under Eye Cream 15ml,56,650.0,9.6,239.59,Rohit K,2023,December,4,36400.0,3494.4,32905.6,13417.04,19488.559999999998,59.22566371681416
BT-00476,2023-12-06,North,General Trade,BB Cream 30ml,40,690.0,7.4,241.84,Deepa S,2023,December,4,27600.0,2042.4000000000003,25557.6,9673.6,15883.999999999998,62.14981062384574
BT-00734,2023-12-06,West,Online,Night Repair Cream 50ml,26,920.0,37.6,310.5,Priya S,2023,December,4,23920.0,8993.92,14926.08,8073.0,6853.08,45.91346153846153
BT-02086,2023-12-06,South,Pharmacy,Kajal Eye Pencil,50,220.0,25.8,57.64,Kiran T,2023,December,4,11000.0,2838.0,8162.0,2882.0,5280.0,64.6900269541779
BT-02215,2023-12-06,South,Modern Trade,Hydrating Moisturiser 50ml,60,440.0,24.6,161.22,Priya R,2023,December,4,26400.0,6494.400000000001,19905.6,9673.2,10232.399999999998,51.4046298529057
BT-02451,2023-12-06,East,Pharmacy,Vitamin C Face Serum 30ml,10,580.0,10.4,207.47,Pooja N,2023,December,4,5800.0,603.2,5196.8,2074.7,3122.1000000000004,60.077355295566505
BT-02832,2023-12-06,Central,Pharmacy,Matte Lipstick,15,440.0,4.1,166.01,Sunita P,2023,December,4,6600.0,270.59999999999997,6329.4,2490.1499999999996,3839.25,60.65740828514552
BT-03354,2023-12-06,South,Online,Face Wash 100ml,42,250.0,21.1,68.28,Kiran T,2023,December,4,10500.0,2215.5,8284.5,2867.76,5416.74,65.38403041825094
BT-04217,2023-12-06,North,Pharmacy,Hydrating Moisturiser 50ml,47,540.0,7.0,202.61,Deepa S,2023,December,4,25380.0,1776.6000000000001,23603.4,9522.67,14080.730000000001,59.65551573078455
BT-04315,2023-12-06,North,Pharmacy,Compact Powder,31,260.0,8.8,102.83,Rohit K,2023,December,4,8060.0,709.2800000000001,7350.72,3187.73,4162.99,56.63377192982456
BT-00103,2023-12-07,Central,General Trade,Night Repair Cream 50ml,48,880.0,8.0,310.82,Vikram N,2023,December,4,42240.0,3379.2000000000003,38860.8,14919.36,23941.440000000002,61.608201581027664
BT-00121,2023-12-07,South,General Trade,Night Repair Cream 50ml,2,740.0,19.7,282.68,Anand V,2023,December,4,1480.0,291.55999999999995,1188.44,565.36,623.08,52.42839352428393
BT-00152,2023-12-07,West,Modern Trade,Kajal Eye Pencil,52,150.0,41.0,52.01,Priya S,2023,December,4,7800.0,3198.0,4602.0,2704.52,1897.48,41.2316384180791
BT-00823,2023-12-07,East,Salon Wholesale,Rose Water Toner 200ml,40,260.0,13.2,74.39,Pooja N,2023,December,4,10400.0,1372.8,9027.2,2975.6,6051.6,67.03739808578518
BT-00878,2023-12-07,West,General Trade,Compact Powder,5,300.0,33.3,102.75,Rahul D,2023,December,4,1500.0,499.49999999999994,1000.5,513.75,486.75,48.65067466266866
BT-01132,2023-12-07,West,Salon Wholesale,Compact Powder,36,340.0,24.2,104.96,Nidhi C,2023,December,4,12240.0,2962.08,9277.92,3778.56,5499.360000000001,59.27363029644576
BT-01416,2023-12-07,East,Online,BB Cream 30ml,30,460.0,8.8,190.03,Meena G,2023,December,4,13800.0,1214.4,12585.6,5700.9,6884.700000000001,54.702993897787955
BT-01786,2023-12-07,East,General Trade,Lip Gloss,15,280.0,12.6,84.59,Meena G,2023,December,4,4200.0,529.2,3670.8,1268.8500000000001,2401.95,65.43396534815298
BT-02190,2023-12-07,West,Modern Trade,Perfume 100ml EDP,41,2270.0,41.1,915.26,Priya S,2023,December,4,93070.0,38251.770000000004,54818.229999999996,37525.659999999996,17292.57,31.545290681585307
BT-02498,2023-12-07,South,Pharmacy,Nail Polish Set (12pc),18,640.0,20.2,274.24,Anand V,2023,December,4,11520.0,2327.04,9192.96,4936.32,4256.639999999999,46.30325814536341
BT-02534,2023-12-07,Central,Pharmacy,Blush Palette,44,720.0,12.5,323.5,Vikram N,2023,December,4,31680.0,3960.0,27720.0,14234.0,13486.0,48.65079365079365
BT-02547,2023-12-07,West,Online,Night Repair Cream 50ml,31,700.0,23.4,263.62,Rahul D,2023,December,4,21700.0,5077.799999999999,16622.2,8172.22,8449.98,50.8355091383812
BT-02753,2023-12-07,Central,Modern Trade,Micellar Cleansing Water,28,340.0,11.6,97.41,Vikram N,2023,December,4,9520.0,1104.32,8415.68,2727.48,5688.200000000001,67.59049773755656
BT-03339,2023-12-07,Central,Modern Trade,Kajal Eye Pencil,45,170.0,11.2,43.61,Suresh K,2023,December,4,7650.0,856.8,6793.2,1962.45,4830.75,71.11155272919979
BT-03872,2023-12-07,West,Pharmacy,Hair Serum 100ml,36,520.0,40.8,189.12,Nidhi C,2023,December,4,18720.0,7637.759999999999,11082.240000000002,6808.32,4273.920000000002,38.56548856548858
BT-04157,2023-12-07,Central,Modern Trade,Mascara,6,410.0,5.3,177.65,Vikram N,2023,December,4,2460.0,130.38,2329.62,1065.9,1263.7199999999998,54.24575681870862
BT-04288,2023-12-07,North,General Trade,Face Wash 100ml,25,230.0,7.8,74.15,Anjali M,2023,December,4,5750.0,448.5,5301.5,1853.7500000000002,3447.75,65.03348109025747
BT-04646,2023-12-07,Central,Online,Hydrating Moisturiser 50ml,20,440.0,10.8,142.16,Vikram N,2023,December,4,8800.0,950.4000000000001,7849.6,2843.2,5006.400000000001,63.77904606604159
BT-04773,2023-12-07,Central,Online,BB Cream 30ml,38,470.0,11.5,152.19,Sunita P,2023,December,4,17860.0,2053.9,15806.1,5783.22,10022.880000000001,63.41146772448612
BT-00134,2023-12-08,South,Online,Rose Water Toner 200ml,55,270.0,17.1,69.25,Anand V,2023,December,4,14850.0,2539.3500000000004,12310.65,3808.75,8501.9,69.06134119644372
BT-00484,2023-12-08,North,Pharmacy,Hair Oil 200ml,26,250.0,10.0,81.32,Deepa S,2023,December,4,6500.0,650.0,5850.0,2114.3199999999997,3735.6800000000003,63.85777777777778
BT-00799,2023-12-08,West,General Trade,Face Wash 100ml,46,260.0,43.6,70.95,Priya S,2023,December,4,11960.0,5214.56,6745.44,3263.7000000000003,3481.7399999999993,51.616202945990175
BT-00827,2023-12-08,East,General Trade,Hair Oil 200ml,2,250.0,12.8,92.52,Sneha B,2023,December,4,500.0,64.0,436.0,185.04,250.96,57.559633027522935
BT-01354,2023-12-08,East,Online,Hydrating Moisturiser 50ml,30,490.0,16.4,186.69,Meena G,2023,December,4,14700.0,2410.7999999999997,12289.2,5600.7,6688.500000000001,54.42583732057417
BT-02779,2023-12-08,Central,Pharmacy,Mascara,37,540.0,9.2,191.97,Sunita P,2023,December,4,19980.0,1838.16,18141.84,7102.89,11038.95,60.84801762114538
BT-03076,2023-12-08,East,Pharmacy,Matte Lipstick,60,340.0,6.3,120.36,Meena G,2023,December,4,20400.0,1285.2,19114.8,7221.6,11893.199999999999,62.21985058697972
BT-03338,2023-12-08,South,Online,Lip Gloss,17,270.0,31.4,95.98,Priya R,2023,December,4,4590.0,1441.26,3148.74,1631.66,1517.0799999999997,48.180542058093074
BT-04132,2023-12-08,North,Online,Compact Powder,12,400.0,11.9,132.72,Deepa S,2023,December,4,4800.0,571.2,4228.8,1592.6399999999999,2636.1600000000003,62.33825198637912
BT-04141,2023-12-08,South,General Trade,BB Cream 30ml,26,700.0,22.2,258.09,Anand V,2023,December,4,18200.0,4040.4,14159.6,6710.339999999999,7449.260000000001,52.60925449871466
BT-04728,2023-12-08,West,General Trade,Kajal Eye Pencil,24,130.0,29.2,44.82,Nidhi C,2023,December,4,3120.0,911.04,2208.96,1075.68,1133.28,51.30378096479791
BT-04906,2023-12-08,East,Modern Trade,BB Cream 30ml,46,470.0,12.5,151.25,Sneha B,2023,December,4,21620.0,2702.5,18917.5,6957.5,11960.0,63.22188449848024
BT-00012,2023-12-09,West,Salon Wholesale,Hair Serum 100ml,24,390.0,32.3,135.25,Nidhi C,2023,December,4,9360.0,3023.2799999999997,6336.72,3246.0,3090.7200000000003,48.77476044388895
BT-00704,2023-12-09,Central,Modern Trade,Lip Gloss,15,250.0,10.3,71.83,Vikram N,2023,December,4,3750.0,386.25000000000006,3363.75,1077.45,2286.3,67.96878483835006
BT-01837,2023-12-09,North,Salon Wholesale,Mascara,18,400.0,7.2,163.24,Rohit K,2023,December,4,7200.0,518.4000000000001,6681.6,2938.32,3743.28,56.02370689655173
BT-01917,2023-12-09,East,Pharmacy,Rose Water Toner 200ml,40,310.0,9.7,75.42,Sneha B,2023,December,4,12400.0,1202.8,11197.2,3016.8,8180.400000000001,73.05755010181116
BT-01939,2023-12-09,West,Salon Wholesale,BB Cream 30ml,37,570.0,40.9,182.91,Priya S,2023,December,4,21090.0,8625.81,12464.19,6767.67,5696.52,45.70309021284175
BT-02690,2023-12-09,North,Online,Compact Powder,5,320.0,12.6,125.44,Anjali M,2023,December,4,1600.0,201.6,1398.4,627.2,771.2,55.1487414187643
BT-03364,2023-12-09,South,Salon Wholesale,Hydrating Moisturiser 50ml,27,500.0,21.4,163.3,Anand V,2023,December,4,13500.0,2889.0,10611.0,4409.1,6201.9,58.44783715012723
BT-03428,2023-12-09,North,General Trade,Rose Water Toner 200ml,54,320.0,13.4,75.3,Anjali M,2023,December,4,17280.0,2315.52,14964.48,4066.2,10898.279999999999,72.82765588914549
BT-03440,2023-12-09,North,Modern Trade,Face Wash 100ml,30,180.0,9.1,50.27,Anjali M,2023,December,4,5400.0,491.4,4908.6,1508.1000000000001,3400.5,69.27637208165261
BT-03564,2023-12-09,East,Salon Wholesale,Vitamin C Face Serum 30ml,43,710.0,13.1,219.18,Meena G,2023,December,4,30530.0,3999.4300000000003,26530.57,9424.74,17105.83,64.47592343473964
BT-03630,2023-12-09,West,General Trade,Compact Powder,13,270.0,30.9,99.93,Nidhi C,2023,December,4,3510.0,1084.59,2425.41,1299.0900000000001,1126.3199999999997,46.4383341373211
BT-04603,2023-12-09,West,Modern Trade,Blush Palette,7,650.0,36.0,274.3,Rahul D,2023,December,4,4550.0,1638.0,2912.0,1920.1000000000001,991.8999999999999,34.06249999999999
BT-00371,2023-12-10,West,Modern Trade,Eyeshadow Palette 9-shade,11,690.0,32.4,310.5,Priya S,2023,December,4,7590.0,2459.16,5130.84,3415.5,1715.3400000000001,33.4319526627219
BT-00497,2023-12-10,Central,Pharmacy,Mascara,28,520.0,8.2,200.88,Suresh K,2023,December,4,14560.0,1193.9199999999998,13366.08,5624.639999999999,7741.4400000000005,57.9185520361991
BT-00541,2023-12-10,North,Online,Vitamin C Face Serum 30ml,45,520.0,13.2,178.93,Anjali M,2023,December,4,23400.0,3088.8,20311.2,8051.85,12259.35,60.35758596242468
BT-00722,2023-12-10,North,Pharmacy,Face Wash 100ml,57,320.0,10.4,85.86,Deepa S,2023,December,4,18240.0,1896.9600000000003,16343.039999999999,4894.0199999999995,11449.02,70.05440848214286
BT-00752,2023-12-10,North,General Trade,Rose Water Toner 200ml,19,270.0,11.6,61.29,Anjali M,2023,December,4,5130.0,595.0799999999999,4534.92,1164.51,3370.41,74.32126696832579
BT-00779,2023-12-10,East,Online,Matte Lipstick,7,350.0,13.7,115.71,Sneha B,2023,December,4,2450.0,335.65,2114.35,809.9699999999999,1304.38,61.6917728852839
BT-01062,2023-12-10,South,Salon Wholesale,Hair Oil 200ml,18,390.0,29.2,119.38,Priya R,2023,December,4,7020.0,2049.8399999999997,4970.16,2148.84,2821.3199999999997,56.765174561784725
BT-01125,2023-12-10,North,Salon Wholesale,Blush Palette,50,580.0,14.2,256.53,Rohit K,2023,December,4,29000.0,4118.0,24882.0,12826.499999999998,12055.500000000002,48.4506872437907
BT-01128,2023-12-10,East,Pharmacy,Micellar Cleansing Water,27,400.0,10.7,129.24,Sneha B,2023,December,4,10800.0,1155.6,9644.4,3489.4800000000005,6154.919999999999,63.81858902575587
BT-01814,2023-12-10,East,Modern Trade,Blush Palette,21,720.0,6.5,284.11,Meena G,2023,December,4,15120.0,982.8000000000001,14137.2,5966.31,8170.89,57.797088532382645
BT-02282,2023-12-10,South,Pharmacy,Kajal Eye Pencil,25,120.0,16.8,35.88,Anand V,2023,December,4,3000.0,504.00000000000006,2496.0,897.0000000000001,1599.0,64.0625
BT-04485,2023-12-10,East,Online,Lip Gloss,22,320.0,8.2,101.31,Pooja N,2023,December,4,7040.0,577.28,6462.72,2228.82,4233.9,65.51266339869281
BT-04791,2023-12-10,West,Modern Trade,Kajal Eye Pencil,30,210.0,39.6,65.86,Nidhi C,2023,December,4,6300.0,2494.8,3805.2,1975.8,1829.3999999999999,48.07631661936298
BT-00573,2023-12-11,West,Salon Wholesale,Compact Powder,15,400.0,27.9,153.36,Nidhi C,2023,December,4,6000.0,1673.9999999999998,4326.0,2300.4,2025.6,46.82385575589459
BT-00763,2023-12-11,North,Salon Wholesale,Face Wash 100ml,47,310.0,7.7,80.01,Rohit K,2023,December,4,14570.0,1121.8899999999999,13448.11,3760.4700000000003,9687.64,72.03718589452346
BT-01455,2023-12-11,West,Modern Trade,Lip Gloss,11,250.0,31.5,80.2,Priya S,2023,December,4,2750.0,866.25,1883.75,882.2,1001.55,53.167883211678834
BT-01592,2023-12-11,South,Modern Trade,Eyeshadow Palette 9-shade,9,660.0,16.5,286.57,Kiran T,2023,December,4,5940.0,980.1,4959.9,2579.13,2380.7699999999995,48.00036291054254
BT-01871,2023-12-11,South,Pharmacy,Rose Water Toner 200ml,54,300.0,17.4,79.98,Anand V,2023,December,4,16200.0,2818.7999999999997,13381.2,4318.92,9062.28,67.72397094430993
BT-02276,2023-12-11,North,Salon Wholesale,Nail Polish Set (12pc),21,380.0,5.0,180.99,Deepa S,2023,December,4,7980.0,399.0,7581.0,3800.79,3780.21,49.86426592797784
BT-02364,2023-12-11,East,Online,Lip Gloss,37,300.0,6.7,94.59,Pooja N,2023,December,4,11100.0,743.7,10356.3,3499.83,6856.469999999999,66.20578778135048
BT-02389,2023-12-11,North,Modern Trade,Micellar Cleansing Water,33,460.0,13.6,144.26,Anjali M,2023,December,4,15180.0,2064.48,13115.52,4760.58,8354.94,63.702697262479866
BT-02542,2023-12-11,East,Online,Rose Water Toner 200ml,28,330.0,6.9,81.54,Meena G,2023,December,4,9240.0,637.5600000000001,8602.44,2283.1200000000003,6319.32,73.45962308368323
BT-03345,2023-12-11,South,General Trade,Kajal Eye Pencil,30,170.0,16.4,48.7,Kiran T,2023,December,4,5100.0,836.3999999999999,4263.6,1461.0,2802.6000000000004,65.7331832254433
BT-04142,2023-12-11,South,Pharmacy,Night Repair Cream 50ml,25,1110.0,19.6,456.76,Kiran T,2023,December,4,27750.0,5439.0,22311.0,11419.0,10892.0,48.8189682219533
BT-04944,2023-12-11,South,Online,BB Cream 30ml,8,670.0,24.5,223.85,Kiran T,2023,December,4,5360.0,1313.2,4046.8,1790.8,2256.0,55.74775130967677
BT-00188,2023-12-12,North,Pharmacy,Eyeshadow Palette 9-shade,44,950.0,7.6,442.13,Rohit K,2023,December,4,41800.0,3176.7999999999997,38623.2,19453.72,19169.479999999996,49.632034632034625
BT-00308,2023-12-12,North,Salon Wholesale,BB Cream 30ml,47,600.0,7.3,215.94,Deepa S,2023,December,4,28200.0,2058.6,26141.4,10149.18,15992.220000000001,61.17583603020497
BT-00315,2023-12-12,Central,Salon Wholesale,Nail Polish Set (12pc),10,660.0,13.0,290.14,Vikram N,2023,December,4,6600.0,858.0,5742.0,2901.3999999999996,2840.6000000000004,49.47056774642982
BT-00725,2023-12-12,South,Online,Compact Powder,56,310.0,15.5,98.36,Kiran T,2023,December,4,17360.0,2690.8,14669.2,5508.16,9161.04,62.45084939874022
BT-01252,2023-12-12,Central,Pharmacy,Face Wash 100ml,60,240.0,10.2,68.06,Suresh K,2023,December,4,14400.0,1468.8,12931.2,4083.6000000000004,8847.6,68.42056421677802
BT-01309,2023-12-12,North,Salon Wholesale,Micellar Cleansing Water,26,400.0,13.7,126.24,Anjali M,2023,December,4,10400.0,1424.7999999999997,8975.2,3282.24,5692.960000000001,63.42989571263037
BT-01450,2023-12-12,Central,Modern Trade,Hydrating Moisturiser 50ml,58,510.0,12.7,179.26,Vikram N,2023,December,4,29580.0,3756.66,25823.34,10397.08,15426.26,59.73766367944657
BT-01570,2023-12-12,North,Modern Trade,Mascara,18,330.0,9.3,144.84,Anjali M,2023,December,4,5940.0,552.4200000000001,5387.58,2607.12,2780.46,51.60870001002306
BT-01588,2023-12-12,Central,General Trade,Hydrating Moisturiser 50ml,59,580.0,14.0,195.92,Suresh K,2023,December,4,34220.0,4790.8,29429.2,11559.279999999999,17869.920000000002,60.721732157177236
BT-01927,2023-12-12,South,General Trade,Under Eye Cream 15ml,27,630.0,22.1,209.48,Anand V,2023,December,4,17010.0,3759.21,13250.79,5655.96,7594.830000000001,57.31605436355116
BT-02726,2023-12-12,South,Salon Wholesale,Compact Powder,54,470.0,21.9,149.32,Kiran T,2023,December,4,25380.0,5558.219999999999,19821.78,8063.28,11758.5,59.32111041490724
BT-03065,2023-12-12,North,Salon Wholesale,Mascara,35,540.0,8.5,210.11,Deepa S,2023,December,4,18900.0,1606.5000000000002,17293.5,7353.85,9939.65,57.4762193887877
BT-03090,2023-12-12,South,Modern Trade,Hair Serum 100ml,18,500.0,21.2,170.2,Priya R,2023,December,4,9000.0,1908.0,7092.0,3063.6,4028.4,56.80203045685279
BT-03107,2023-12-12,West,General Trade,Rose Water Toner 200ml,54,260.0,29.1,76.62,Nidhi C,2023,December,4,14040.0,4085.6400000000003,9954.36,4137.4800000000005,5816.88,58.435499620266896
BT-03941,2023-12-12,Central,Salon Wholesale,Face Wash 100ml,20,190.0,10.1,61.16,Vikram N,2023,December,4,3800.0,383.79999999999995,3416.2,1223.1999999999998,2193.0,64.19413383291376
BT-03999,2023-12-12,East,Salon Wholesale,Night Repair Cream 50ml,33,750.0,11.0,303.23,Sneha B,2023,December,4,24750.0,2722.5,22027.5,10006.59,12020.91,54.57228464419476
BT-04010,2023-12-12,West,Pharmacy,BB Cream 30ml,3,690.0,27.2,254.89,Rahul D,2023,December,4,2070.0,563.0400000000001,1506.96,764.67,742.2900000000001,49.25744545309763
BT-04155,2023-12-12,North,Online,Under Eye Cream 15ml,32,830.0,10.6,275.31,Anjali M,2023,December,4,26560.0,2815.36,23744.64,8809.92,14934.72,62.897226489852024
BT-04167,2023-12-12,Central,Pharmacy,Nail Polish Set (12pc),40,570.0,11.6,251.83,Sunita P,2023,December,4,22800.0,2644.7999999999997,20155.2,10073.2,10082.0,50.021830594586014
BT-04557,2023-12-12,West,Online,BB Cream 30ml,60,480.0,42.7,190.13,Priya S,2023,December,4,28800.0,12297.600000000002,16502.399999999998,11407.8,5094.5999999999985,30.8718731820826
BT-00233,2023-12-13,South,Online,Hair Serum 100ml,27,520.0,14.7,184.86,Anand V,2023,December,4,14040.0,2063.88,11976.119999999999,4991.22,6984.899999999999,58.32356389214536
BT-00589,2023-12-13,South,Online,Mascara,45,520.0,17.1,188.08,Anand V,2023,December,4,23400.0,4001.4,19398.6,8463.6,10934.999999999998,56.37004732300268
BT-00620,2023-12-13,East,Online,Kajal Eye Pencil,28,210.0,13.5,64.41,Sneha B,2023,December,4,5880.0,793.8000000000001,5086.2,1803.48,3282.72,64.54170107349297
BT-00886,2023-12-13,South,General Trade,Matte Lipstick,39,380.0,31.6,149.99,Priya R,2023,December,4,14820.0,4683.12,10136.880000000001,5849.610000000001,4287.27,42.29378270236996
BT-01743,2023-12-13,West,Salon Wholesale,Mascara,60,420.0,27.5,152.75,Rahul D,2023,December,4,25200.0,6930.000000000001,18270.0,9165.0,9105.0,49.835796387520524
BT-01975,2023-12-13,North,General Trade,BB Cream 30ml,25,440.0,5.2,164.69,Anjali M,2023,December,4,11000.0,572.0,10428.0,4117.25,6310.75,60.51735711545838
BT-02052,2023-12-13,East,Modern Trade,Night Repair Cream 50ml,30,800.0,12.7,308.16,Sneha B,2023,December,4,24000.0,3048.0,20952.0,9244.800000000001,11707.199999999999,55.87628865979381
BT-02882,2023-12-13,South,Pharmacy,Hydrating Moisturiser 50ml,21,500.0,14.8,154.6,Anand V,2023,December,4,10500.0,1554.0000000000002,8946.0,3246.6,5699.4,63.708920187793424
BT-03410,2023-12-13,West,Modern Trade,Night Repair Cream 50ml,30,970.0,31.0,351.04,Priya S,2023,December,4,29100.0,9021.0,20079.0,10531.2,9547.8,47.55117286717466
BT-03976,2023-12-13,North,Online,Kajal Eye Pencil,23,120.0,10.9,35.93,Deepa S,2023,December,4,2760.0,300.84,2459.16,826.39,1632.77,66.39543583988029
BT-04345,2023-12-13,South,Online,BB Cream 30ml,29,560.0,24.3,187.04,Kiran T,2023,December,4,16240.0,3946.3199999999997,12293.68,5424.16,6869.52,55.878467635402906
BT-04517,2023-12-13,West,General Trade,Perfume 100ml EDP,34,1450.0,28.4,670.34,Rahul D,2023,December,4,49300.0,14001.199999999999,35298.8,22791.56,12507.240000000002,35.43247929108072
BT-04860,2023-12-13,Central,General Trade,Hair Serum 100ml,21,600.0,5.8,227.88,Vikram N,2023,December,4,12600.0,730.8,11869.2,4785.48,7083.720000000001,59.68152866242039
BT-00123,2023-12-14,South,Salon Wholesale,Vitamin C Face Serum 30ml,25,540.0,19.1,160.0,Kiran T,2023,December,4,13500.0,2578.5,10921.5,4000.0,6921.5,63.37499427734286
BT-00159,2023-12-14,East,Pharmacy,Rose Water Toner 200ml,29,330.0,16.1,98.27,Meena G,2023,December,4,9570.0,1540.77,8029.23,2849.83,5179.4,64.5068082493589
BT-00352,2023-12-14,Central,Modern Trade,Vitamin C Face Serum 30ml,49,610.0,5.7,203.01,Vikram N,2023,December,4,29890.0,1703.73,28186.27,9947.49,18238.78,64.70802983154563
BT-00504,2023-12-14,South,General Trade,Micellar Cleansing Water,52,450.0,13.7,134.01,Anand V,2023,December,4,23400.0,3205.7999999999997,20194.2,6968.5199999999995,13225.68,65.49246813441482
BT-00572,2023-12-14,South,Online,Matte Lipstick,12,280.0,27.3,90.52,Kiran T,2023,December,4,3360.0,917.2800000000001,2442.72,1086.24,1356.4799999999998,55.53153861269404
BT-00674,2023-12-14,West,Modern Trade,Kajal Eye Pencil,20,130.0,43.8,39.53,Priya S,2023,December,4,2600.0,1138.8,1461.2,790.6,670.6,45.89378592937312
BT-01200,2023-12-14,North,General Trade,BB Cream 30ml,56,520.0,6.8,196.14,Anjali M,2023,December,4,29120.0,1980.16,27139.84,10983.84,16156.0,59.528722350610764
BT-01244,2023-12-14,Central,Pharmacy,Under Eye Cream 15ml,14,680.0,10.3,223.99,Sunita P,2023,December,4,9520.0,980.5600000000001,8539.44,3135.86,5403.58,63.27791986359761
BT-01259,2023-12-14,West,Pharmacy,Hair Serum 100ml,36,670.0,28.2,250.11,Rahul D,2023,December,4,24120.0,6801.839999999999,17318.16,9003.960000000001,8314.199999999999,48.008564420238635
BT-01421,2023-12-14,West,General Trade,Micellar Cleansing Water,33,370.0,30.1,122.14,Nidhi C,2023,December,4,12210.0,3675.21,8534.79,4030.62,4504.170000000001,52.77423346092874
BT-01573,2023-12-14,Central,Salon Wholesale,Mascara,49,470.0,8.2,179.59,Suresh K,2023,December,4,23030.0,1888.4599999999998,21141.54,8799.91,12341.630000000001,58.37621100449636
BT-01723,2023-12-14,North,Pharmacy,Rose Water Toner 200ml,45,370.0,5.6,103.56,Anjali M,2023,December,4,16650.0,932.3999999999999,15717.6,4660.2,11057.400000000001,70.35043518094366
BT-02411,2023-12-14,Central,Online,Eyeshadow Palette 9-shade,50,960.0,8.1,400.22,Suresh K,2023,December,4,48000.0,3888.0,44112.0,20011.0,24101.0,54.63592673195502
BT-02528,2023-12-14,West,General Trade,Vitamin C Face Serum 30ml,32,700.0,30.6,239.26,Rahul D,2023,December,4,22400.0,6854.4,15545.6,7656.32,7889.280000000001,50.7492795389049
BT-02835,2023-12-14,West,Salon Wholesale,Nail Polish Set (12pc),36,410.0,28.9,179.29,Nidhi C,2023,December,4,14760.0,4265.639999999999,10494.36,6454.44,4039.920000000001,38.49610648005215
BT-03220,2023-12-14,North,Salon Wholesale,Vitamin C Face Serum 30ml,23,490.0,4.2,173.17,Deepa S,2023,December,4,11270.0,473.34000000000003,10796.66,3982.91,6813.75,63.10979506625197
BT-03552,2023-12-14,East,Pharmacy,Nail Polish Set (12pc),30,590.0,16.1,250.93,Meena G,2023,December,4,17700.0,2849.7000000000003,14850.3,7527.900000000001,7322.399999999999,49.30809478596391
BT-03728,2023-12-14,West,Modern Trade,Micellar Cleansing Water,35,320.0,37.7,89.86,Priya S,2023,December,4,11200.0,4222.4,6977.6,3145.1,3832.5000000000005,54.92576243980739
BT-03956,2023-12-14,Central,Salon Wholesale,Perfume 100ml EDP,51,2280.0,11.1,937.08,Suresh K,2023,December,4,116280.0,12907.08,103372.92,47791.08,55581.84,53.768278965129355
BT-03958,2023-12-14,South,Pharmacy,Eyeshadow Palette 9-shade,52,800.0,20.5,381.68,Anand V,2023,December,4,41600.0,8528.0,33072.0,19847.36,13224.64,39.9874213836478
BT-04071,2023-12-14,West,General Trade,Rose Water Toner 200ml,12,300.0,42.6,76.47,Priya S,2023,December,4,3600.0,1533.6,2066.4,917.64,1148.7600000000002,55.59233449477353
BT-04466,2023-12-14,South,Modern Trade,Eyeshadow Palette 9-shade,53,650.0,21.6,294.9,Kiran T,2023,December,4,34450.0,7441.200000000001,27008.8,15629.699999999999,11379.1,42.131083202511775
BT-00006,2023-12-15,North,Salon Wholesale,Eyeshadow Palette 9-shade,36,750.0,7.8,343.95,Anjali M,2023,December,4,27000.0,2106.0,24894.0,12382.199999999999,12511.800000000001,50.26030368763558
BT-00215,2023-12-15,Central,Pharmacy,SPF 50 Sunscreen 100g,7,380.0,11.3,150.4,Suresh K,2023,December,4,2660.0,300.58,2359.42,1052.8,1306.6200000000001,55.37886429715778
BT-00361,2023-12-15,East,General Trade,Hydrating Moisturiser 50ml,2,570.0,7.3,192.26,Meena G,2023,December,4,1140.0,83.22,1056.78,384.52,672.26,63.61399723688942
BT-00472,2023-12-15,East,Salon Wholesale,Rose Water Toner 200ml,39,250.0,7.9,67.8,Pooja N,2023,December,4,9750.0,770.25,8979.75,2644.2,6335.55,70.55374592833876
BT-01065,2023-12-15,North,Online,Eyeshadow Palette 9-shade,46,840.0,8.5,371.7,Anjali M,2023,December,4,38640.0,3284.4,35355.6,17098.2,18257.399999999998,51.639344262295076
BT-01764,2023-12-15,West,Salon Wholesale,Eyeshadow Palette 9-shade,32,710.0,25.5,330.43,Rahul D,2023,December,4,22720.0,5793.6,16926.4,10573.76,6352.640000000001,37.53095755742509
BT-02249,2023-12-15,West,Modern Trade,Blush Palette,2,550.0,34.5,233.64,Priya S,2023,December,4,1100.0,379.49999999999994,720.5,467.28,253.22000000000003,35.145038167938935
BT-02605,2023-12-15,North,Salon Wholesale,Hair Serum 100ml,51,510.0,11.3,171.92,Deepa S,2023,December,4,26010.0,2939.13,23070.87,8767.92,14302.949999999999,61.99571147511992
BT-02615,2023-12-15,South,Online,Hair Serum 100ml,41,480.0,15.9,171.79,Anand V,2023,December,4,19680.0,3129.12,16550.88,7043.389999999999,9507.490000000002,57.444015061434804
BT-02921,2023-12-15,East,Online,Mascara,45,340.0,14.9,133.52,Meena G,2023,December,4,15300.0,2279.7,13020.3,6008.400000000001,7011.899999999999,53.85359784336766
BT-03404,2023-12-15,West,Salon Wholesale,Compact Powder,50,300.0,40.7,111.06,Nidhi C,2023,December,4,15000.0,6105.0,8895.0,5553.0,3342.0,37.5716694772344
BT-04016,2023-12-15,North,General Trade,Hydrating Moisturiser 50ml,20,450.0,12.6,151.16,Rohit K,2023,December,4,9000.0,1134.0,7866.0,3023.2,4842.8,61.566234426646325
BT-04893,2023-12-15,West,Pharmacy,SPF 50 Sunscreen 100g,7,360.0,29.1,160.67,Rahul D,2023,December,4,2520.0,733.32,1786.6799999999998,1124.6899999999998,661.99,37.05140260147313
BT-00914,2023-12-16,East,General Trade,Hydrating Moisturiser 50ml,15,450.0,6.7,141.07,Pooja N,2023,December,4,6750.0,452.25,6297.75,2116.0499999999997,4181.700000000001,66.399904727879
BT-01041,2023-12-16,East,General Trade,Eyeshadow Palette 9-shade,21,640.0,10.0,306.37,Meena G,2023,December,4,13440.0,1344.0,12096.0,6433.77,5662.23,46.810763888888886
BT-01343,2023-12-16,West,Salon Wholesale,SPF 50 Sunscreen 100g,54,460.0,29.9,161.78,Nidhi C,2023,December,4,24840.0,7427.16,17412.84,8736.12,8676.72,49.829436209142216
BT-01749,2023-12-16,East,Online,BB Cream 30ml,40,620.0,13.6,214.15,Pooja N,2023,December,4,24800.0,3372.8,21427.2,8566.0,12861.2,60.022774790919954
BT-02029,2023-12-16,West,Online,Mascara,21,480.0,28.8,197.47,Nidhi C,2023,December,4,10080.0,2903.0400000000004,7176.959999999999,4146.87,3030.0899999999992,42.21968632958801
BT-02040,2023-12-16,North,Online,Micellar Cleansing Water,41,380.0,8.0,135.28,Deepa S,2023,December,4,15580.0,1246.4,14333.6,5546.4800000000005,8787.119999999999,61.304347826086946
BT-02649,2023-12-16,Central,Salon Wholesale,Blush Palette,21,540.0,12.2,212.44,Suresh K,2023,December,4,11340.0,1383.48,9956.52,4461.24,5495.280000000001,55.192778199611915
BT-02657,2023-12-16,West,Salon Wholesale,Face Wash 100ml,7,290.0,30.5,80.27,Rahul D,2023,December,4,2030.0,619.15,1410.85,561.89,848.9599999999999,60.17365418010419
BT-03026,2023-12-16,North,Online,BB Cream 30ml,26,490.0,11.1,197.96,Anjali M,2023,December,4,12740.0,1414.14,11325.86,5146.96,6178.900000000001,54.5556805399325
BT-03737,2023-12-16,East,Online,Hair Oil 200ml,50,390.0,9.1,135.49,Meena G,2023,December,4,19500.0,1774.5,17725.5,6774.5,10951.0,61.781049899861785
BT-04354,2023-12-16,Central,Pharmacy,Under Eye Cream 15ml,5,650.0,9.5,197.53,Vikram N,2023,December,4,3250.0,308.75,2941.25,987.65,1953.6,66.42073948151295
BT-04360,2023-12-16,South,Pharmacy,Hair Oil 200ml,39,350.0,21.2,116.66,Kiran T,2023,December,4,13650.0,2893.7999999999997,10756.2,4549.74,6206.460000000001,57.70123277737491
BT-04568,2023-12-16,Central,Online,Micellar Cleansing Water,60,440.0,4.3,155.32,Sunita P,2023,December,4,26400.0,1135.1999999999998,25264.8,9319.199999999999,15945.6,63.11389759665622
BT-00221,2023-12-17,North,Online,Face Wash 100ml,44,200.0,13.7,51.42,Anjali M,2023,December,4,8800.0,1205.6,7594.4,2262.48,5331.92,70.20857473928159
BT-00303,2023-12-17,West,Online,Rose Water Toner 200ml,51,310.0,26.6,74.12,Nidhi C,2023,December,4,15810.0,4205.46,11604.54,3780.1200000000003,7824.42,67.4255076030588
BT-00610,2023-12-17,Central,Salon Wholesale,SPF 50 Sunscreen 100g,41,330.0,10.3,143.62,Vikram N,2023,December,4,13530.0,1393.5900000000001,12136.41,5888.42,6247.99,51.481368872673215
BT-00814,2023-12-17,Central,Modern Trade,Hydrating Moisturiser 50ml,45,590.0,6.0,185.02,Vikram N,2023,December,4,26550.0,1593.0,24957.0,8325.9,16631.1,66.63901911287414
BT-00898,2023-12-17,Central,Modern Trade,Micellar Cleansing Water,43,290.0,8.2,81.37,Suresh K,2023,December,4,12470.0,1022.5399999999998,11447.460000000001,3498.9100000000003,7948.550000000001,69.43505371497258
BT-01620,2023-12-17,East,General Trade,Face Wash 100ml,33,200.0,13.0,54.8,Meena G,2023,December,4,6600.0,858.0,5742.0,1808.3999999999999,3933.6000000000004,68.50574712643679
BT-01794,2023-12-17,South,Online,Micellar Cleansing Water,13,290.0,20.6,93.21,Anand V,2023,December,4,3770.0,776.6200000000001,2993.38,1211.73,1781.65,59.51967341266394
BT-02160,2023-12-17,South,Pharmacy,SPF 50 Sunscreen 100g,21,520.0,19.3,221.1,Kiran T,2023,December,4,10920.0,2107.56,8812.44,4643.099999999999,4169.340000000001,47.31198169859881
BT-02260,2023-12-17,North,Pharmacy,Hair Serum 100ml,16,510.0,5.1,176.87,Deepa S,2023,December,4,8160.0,416.15999999999997,7743.84,2829.92,4913.92,63.45585652596129
BT-02285,2023-12-17,East,General Trade,Nail Polish Set (12pc),8,450.0,16.5,174.51,Meena G,2023,December,4,3600.0,594.0,3006.0,1396.08,1609.92,53.55688622754491
BT-02477,2023-12-17,North,Modern Trade,Night Repair Cream 50ml,32,820.0,10.0,262.56,Anjali M,2023,December,4,26240.0,2624.0,23616.0,8401.92,15214.08,64.42276422764228
BT-02531,2023-12-17,Central,Pharmacy,Perfume 100ml EDP,28,1980.0,5.2,820.91,Vikram N,2023,December,4,55440.0,2882.88,52557.12,22985.48,29571.640000000003,56.26571623407067
BT-03088,2023-12-17,West,Modern Trade,Kajal Eye Pencil,7,150.0,34.3,50.95,Rahul D,2023,December,4,1050.0,360.15,689.85,356.65000000000003,333.2,48.30035514967022
BT-03627,2023-12-17,East,General Trade,Compact Powder,51,310.0,9.3,112.0,Pooja N,2023,December,4,15810.0,1470.3300000000002,14339.67,5712.0,8627.67,60.16644734502259
BT-00064,2023-12-18,Central,Online,Blush Palette,39,750.0,11.7,356.7,Suresh K,2023,December,4,29250.0,3422.25,25827.75,13911.3,11916.45,46.13816534541337
BT-00197,2023-12-18,South,Salon Wholesale,Perfume 100ml EDP,18,2770.0,20.8,1268.11,Anand V,2023,December,4,49860.0,10370.880000000001,39489.119999999995,22825.98,16663.139999999996,42.19678736826751
BT-00549,2023-12-18,South,Pharmacy,Eyeshadow Palette 9-shade,12,860.0,24.7,408.76,Kiran T,2023,December,4,10320.0,2549.04,7770.96,4905.12,2865.84,36.87884122425029
BT-00798,2023-12-18,North,Pharmacy,Hydrating Moisturiser 50ml,28,360.0,7.7,142.56,Rohit K,2023,December,4,10080.0,776.16,9303.84,3991.6800000000003,5312.16,57.0964247020585
BT-00968,2023-12-18,West,Salon Wholesale,Mascara,10,480.0,29.6,176.93,Rahul D,2023,December,4,4800.0,1420.8000000000002,3379.2,1769.3000000000002,1609.8999999999996,47.64145359848484
BT-00980,2023-12-18,South,Online,Lip Gloss,22,280.0,27.6,90.02,Priya R,2023,December,4,6160.0,1700.16,4459.84,1980.4399999999998,2479.4000000000005,55.59392265193372
BT-01327,2023-12-18,West,Modern Trade,Kajal Eye Pencil,47,130.0,34.7,43.63,Priya S,2023,December,4,6110.0,2120.17,3989.83,2050.61,1939.2199999999998,48.60407586288137
BT-02272,2023-12-18,South,General Trade,Night Repair Cream 50ml,58,1010.0,27.4,358.85,Priya R,2023,December,4,58580.0,16050.919999999998,42529.08,20813.300000000003,21715.78,51.06101519242833
BT-02315,2023-12-18,North,Pharmacy,Micellar Cleansing Water,25,440.0,8.2,140.18,Rohit K,2023,December,4,11000.0,901.9999999999999,10098.0,3504.5,6593.5,65.29510794216677
BT-02728,2023-12-18,North,Salon Wholesale,Kajal Eye Pencil,37,160.0,13.5,41.2,Anjali M,2023,December,4,5920.0,799.2,5120.8,1524.4,3596.4,70.23121387283237
BT-02849,2023-12-18,South,Online,Rose Water Toner 200ml,7,340.0,23.4,82.08,Anand V,2023,December,4,2380.0,556.92,1823.08,574.56,1248.52,68.48410382429735
BT-02982,2023-12-18,North,Pharmacy,BB Cream 30ml,47,470.0,15.0,195.05,Rohit K,2023,December,4,22090.0,3313.5,18776.5,9167.35,9609.15,51.17647058823529
BT-03013,2023-12-18,Central,Modern Trade,Mascara,20,430.0,11.8,181.37,Suresh K,2023,December,4,8600.0,1014.8000000000001,7585.2,3627.4,3957.7999999999997,52.17792543373938
BT-03201,2023-12-18,West,Online,Night Repair Cream 50ml,2,1110.0,26.0,380.18,Rahul D,2023,December,4,2220.0,577.2,1642.8,760.36,882.4399999999999,53.71560749939128
BT-03232,2023-12-18,North,Online,SPF 50 Sunscreen 100g,48,550.0,8.6,206.19,Anjali M,2023,December,4,26400.0,2270.3999999999996,24129.6,9897.119999999999,14232.48,58.98348915854387
BT-03317,2023-12-18,East,Salon Wholesale,SPF 50 Sunscreen 100g,12,360.0,14.7,128.88,Meena G,2023,December,4,4320.0,635.04,3684.96,1546.56,2138.4,58.03048065650644
BT-03328,2023-12-18,Central,Modern Trade,Lip Gloss,30,240.0,4.9,73.13,Sunita P,2023,December,4,7200.0,352.8,6847.2,2193.8999999999996,4653.3,67.95916579039609
BT-04235,2023-12-18,North,Pharmacy,Compact Powder,30,420.0,10.3,151.41,Rohit K,2023,December,4,12600.0,1297.8000000000002,11302.2,4542.3,6759.900000000001,59.810479375696765
BT-04896,2023-12-18,West,General Trade,Vitamin C Face Serum 30ml,56,630.0,30.8,180.94,Priya S,2023,December,4,35280.0,10866.24,24413.760000000002,10132.64,14281.120000000003,58.496192311221215
BT-00329,2023-12-19,West,Pharmacy,Night Repair Cream 50ml,55,1120.0,33.3,415.41,Rahul D,2023,December,4,61600.0,20512.8,41087.2,22847.550000000003,18239.649999999994,44.39253587491967
BT-00667,2023-12-19,South,Pharmacy,Eyeshadow Palette 9-shade,22,710.0,28.6,302.6,Priya R,2023,December,4,15620.0,4467.320000000001,11152.68,6657.200000000001,4495.48,40.3085177733065
BT-00857,2023-12-19,North,Modern Trade,Hydrating Moisturiser 50ml,7,450.0,11.4,171.9,Deepa S,2023,December,4,3150.0,359.1,2790.9,1203.3,1587.6000000000001,56.884875846501124
BT-01163,2023-12-19,Central,General Trade,Nail Polish Set (12pc),15,620.0,9.6,242.67,Sunita P,2023,December,4,9300.0,892.8000000000001,8407.2,3640.0499999999997,4767.1500000000015,56.703182986012
BT-01966,2023-12-19,East,General Trade,Night Repair Cream 50ml,34,1070.0,14.2,400.82,Sneha B,2023,December,4,36380.0,5165.959999999999,31214.04,13627.88,17586.160000000003,56.34054419101149
BT-02092,2023-12-19,South,Salon Wholesale,Face Wash 100ml,55,280.0,18.5,72.94,Kiran T,2023,December,4,15400.0,2849.0,12551.0,4011.7,8539.3,68.03680981595092
BT-02902,2023-12-19,East,Online,Compact Powder,26,260.0,9.3,90.95,Pooja N,2023,December,4,6760.0,628.6800000000001,6131.32,2364.7000000000003,3766.6199999999994,61.43244847765244
BT-03015,2023-12-19,North,Online,Matte Lipstick,12,520.0,8.8,199.73,Deepa S,2023,December,4,6240.0,549.12,5690.88,2396.7599999999998,3294.1200000000003,57.884193657219974
BT-03373,2023-12-19,South,Modern Trade,SPF 50 Sunscreen 100g,13,400.0,26.3,153.12,Priya R,2023,December,4,5200.0,1367.6000000000001,3832.3999999999996,1990.56,1841.8399999999997,48.05970149253731
BT-03435,2023-12-19,South,Modern Trade,Rose Water Toner 200ml,3,380.0,19.0,111.11,Priya R,2023,December,4,1140.0,216.6,923.4,333.33,590.0699999999999,63.901884340480834
BT-04679,2023-12-19,East,General Trade,Face Wash 100ml,23,190.0,12.8,47.9,Sneha B,2023,December,4,4370.0,559.36,3810.64,1101.7,2708.9399999999996,71.08884596813134
BT-04874,2023-12-19,Central,Online,Eyeshadow Palette 9-shade,39,930.0,5.1,374.23,Sunita P,2023,December,4,36270.0,1849.77,34420.23,14594.970000000001,19825.260000000002,57.59769763304894
BT-00491,2023-12-20,West,General Trade,Mascara,59,390.0,26.9,158.92,Nidhi C,2023,December,4,23010.0,6189.689999999999,16820.31,9376.279999999999,7444.0300000000025,44.256199796555485
BT-00654,2023-12-20,East,Modern Trade,Hair Serum 100ml,26,390.0,8.1,131.0,Meena G,2023,December,4,10140.0,821.34,9318.66,3406.0,5912.66,63.44968053346726
BT-01015,2023-12-20,West,Pharmacy,Matte Lipstick,47,340.0,23.3,128.04,Rahul D,2023,December,4,15980.0,3723.34,12256.66,6017.879999999999,6238.780000000001,50.90114272566916
BT-01028,2023-12-20,West,General Trade,Under Eye Cream 15ml,7,590.0,29.7,168.27,Priya S,2023,December,4,4130.0,1226.61,2903.3900000000003,1177.89,1725.5000000000002,59.43052776237433
BT-01073,2023-12-20,Central,Pharmacy,Perfume 100ml EDP,32,2800.0,7.6,1297.8,Suresh K,2023,December,4,89600.0,6809.599999999999,82790.4,41529.6,41260.799999999996,49.83766233766234
BT-01317,2023-12-20,West,Pharmacy,Night Repair Cream 50ml,48,980.0,38.4,329.38,Rahul D,2023,December,4,47040.0,18063.36,28976.64,15810.24,13166.4,45.43798038695998
BT-01492,2023-12-20,North,Pharmacy,Perfume 100ml EDP,34,2740.0,7.6,1273.55,Anjali M,2023,December,4,93160.0,7080.16,86079.84,43300.7,42779.14,49.69704869339906
BT-01582,2023-12-20,West,Pharmacy,Perfume 100ml EDP,17,1820.0,28.8,772.77,Rahul D,2023,December,4,30940.0,8910.720000000001,22029.28,13137.09,8892.189999999999,40.365322879367824
BT-01624,2023-12-20,North,Salon Wholesale,Nail Polish Set (12pc),26,670.0,8.0,259.83,Anjali M,2023,December,4,17420.0,1393.6000000000001,16026.4,6755.58,9270.82,57.84717715768981
BT-01956,2023-12-20,South,Modern Trade,Night Repair Cream 50ml,31,800.0,32.0,294.0,Priya R,2023,December,4,24800.0,7936.0,16864.0,9114.0,7750.0,45.955882352941174
BT-01996,2023-12-20,West,Pharmacy,Matte Lipstick,50,330.0,39.3,117.02,Rahul D,2023,December,4,16500.0,6484.499999999999,10015.5,5851.0,4164.5,41.58055014727173
BT-02180,2023-12-20,East,Modern Trade,Mascara,39,580.0,6.3,243.77,Pooja N,2023,December,4,22620.0,1425.06,21194.94,9507.03,11687.909999999998,55.144812865712275
BT-02210,2023-12-20,East,General Trade,Matte Lipstick,34,400.0,11.2,143.44,Pooja N,2023,December,4,13600.0,1523.1999999999998,12076.8,4876.96,7199.839999999999,59.61711711711711
BT-02626,2023-12-20,West,General Trade,BB Cream 30ml,3,660.0,31.2,246.77,Rahul D,2023,December,4,1980.0,617.76,1362.24,740.3100000000001,621.93,45.65495066948555
BT-03725,2023-12-20,North,General Trade,Nail Polish Set (12pc),51,630.0,6.9,289.86,Anjali M,2023,December,4,32130.0,2216.9700000000003,29913.03,14782.86,15130.169999999998,50.580532965065714
BT-03829,2023-12-20,East,Salon Wholesale,Face Wash 100ml,52,250.0,7.7,75.4,Meena G,2023,December,4,13000.0,1001.0,11999.0,3920.8,8078.2,67.32394366197182
BT-00027,2023-12-21,East,Modern Trade,Mascara,40,570.0,10.9,252.91,Meena G,2023,December,4,22800.0,2485.2,20314.8,10116.4,10198.4,50.201823301238505
BT-00040,2023-12-21,Central,Modern Trade,Eyeshadow Palette 9-shade,19,760.0,10.3,340.33,Suresh K,2023,December,4,14440.0,1487.3200000000002,12952.68,6466.2699999999995,6486.410000000001,50.07774452854545
BT-00111,2023-12-21,West,General Trade,Hydrating Moisturiser 50ml,51,390.0,31.8,150.58,Priya S,2023,December,4,19890.0,6325.02,13564.98,7679.580000000001,5885.399999999999,43.38672080607564
BT-00203,2023-12-21,Central,Salon Wholesale,Hair Serum 100ml,15,540.0,10.9,201.91,Vikram N,2023,December,4,8100.0,882.9,7217.1,3028.65,4188.450000000001,58.035083343725326
BT-00295,2023-12-21,West,General Trade,Eyeshadow Palette 9-shade,35,880.0,25.7,383.94,Nidhi C,2023,December,4,30800.0,7915.6,22884.4,13437.9,9446.500000000002,41.27921203964273
BT-01370,2023-12-21,South,Online,Eyeshadow Palette 9-shade,57,880.0,23.8,371.18,Kiran T,2023,December,4,50160.0,11938.080000000002,38221.92,21157.260000000002,17064.659999999996,44.64626580768312
BT-01433,2023-12-21,East,Salon Wholesale,Hair Serum 100ml,57,670.0,6.1,229.27,Meena G,2023,December,4,38190.0,2329.59,35860.41,13068.390000000001,22792.020000000004,63.55761130449987
BT-01581,2023-12-21,East,Salon Wholesale,Hair Serum 100ml,33,510.0,11.7,209.61,Meena G,2023,December,4,16830.0,1969.11,14860.89,6917.13,7943.759999999999,53.45413363533409
BT-01920,2023-12-21,West,Pharmacy,Hydrating Moisturiser 50ml,8,360.0,39.4,109.51,Nidhi C,2023,December,4,2880.0,1134.7199999999998,1745.2800000000002,876.08,869.2000000000002,49.80289695636231
BT-02025,2023-12-21,South,General Trade,BB Cream 30ml,11,470.0,22.3,191.05,Anand V,2023,December,4,5170.0,1152.91,4017.09,2101.55,1915.54,47.684766833703
BT-02104,2023-12-21,East,Pharmacy,Lip Gloss,26,270.0,11.8,85.62,Sneha B,2023,December,4,7020.0,828.36,6191.64,2226.12,3965.5200000000004,64.04635928445452
BT-02472,2023-12-21,South,Salon Wholesale,Rose Water Toner 200ml,36,310.0,24.9,69.5,Anand V,2023,December,4,11160.0,2778.84,8381.16,2502.0,5879.16,70.14733044113225
BT-02476,2023-12-21,West,Online,Face Wash 100ml,16,260.0,25.0,78.34,Nidhi C,2023,December,4,4160.0,1040.0,3120.0,1253.44,1866.56,59.82564102564102
BT-02575,2023-12-21,Central,Modern Trade,Kajal Eye Pencil,43,130.0,11.5,38.95,Suresh K,2023,December,4,5590.0,642.85,4947.15,1674.8500000000001,3272.2999999999993,66.14515428074749
BT-03202,2023-12-21,South,Online,Matte Lipstick,35,400.0,18.3,134.24,Priya R,2023,December,4,14000.0,2562.0,11438.0,4698.400000000001,6739.599999999999,58.92288861689106
BT-03695,2023-12-21,South,Pharmacy,Eyeshadow Palette 9-shade,54,740.0,24.8,357.42,Priya R,2023,December,4,39960.0,9910.08,30049.92,19300.68,10749.239999999998,35.77127659574468
BT-03779,2023-12-21,West,Modern Trade,Matte Lipstick,56,410.0,25.7,153.26,Nidhi C,2023,December,4,22960.0,5900.72,17059.28,8582.56,8476.72,49.68978761120047
BT-03838,2023-12-21,West,Modern Trade,Mascara,52,530.0,38.8,209.14,Priya S,2023,December,4,27560.0,10693.279999999999,16866.72,10875.279999999999,5991.440000000002,35.522259218152676
BT-03873,2023-12-21,North,Salon Wholesale,Kajal Eye Pencil,50,220.0,7.9,67.25,Rohit K,2023,December,4,11000.0,869.0,10131.0,3362.5,6768.5,66.8097917283585
BT-03948,2023-12-21,South,Pharmacy,SPF 50 Sunscreen 100g,51,370.0,31.2,156.29,Priya R,2023,December,4,18870.0,5887.44,12982.560000000001,7970.79,5011.770000000001,38.603865493400384
BT-00721,2023-12-22,West,General Trade,Perfume 100ml EDP,3,1640.0,25.1,727.01,Nidhi C,2023,December,4,4920.0,1234.92,3685.08,2181.0299999999997,1504.0500000000002,40.81458204435183
BT-00837,2023-12-22,Central,Modern Trade,Compact Powder,46,260.0,12.0,83.25,Vikram N,2023,December,4,11960.0,1435.2,10524.8,3829.5,6695.299999999999,63.61451048951049
BT-00867,2023-12-22,South,Online,Under Eye Cream 15ml,18,650.0,23.9,190.91,Kiran T,2023,December,4,11700.0,2796.2999999999997,8903.7,3436.38,5467.320000000001,61.405033862326896
BT-01000,2023-12-22,West,General Trade,Matte Lipstick,58,360.0,33.9,143.17,Rahul D,2023,December,4,20880.0,7078.32,13801.68,8303.859999999999,5497.8200000000015,39.834425953941846
BT-02248,2023-12-22,West,Pharmacy,Blush Palette,16,560.0,36.2,238.56,Priya S,2023,December,4,8960.0,3243.5200000000004,5716.48,3816.96,1899.5199999999995,33.22884012539185
BT-02546,2023-12-22,Central,General Trade,Night Repair Cream 50ml,58,880.0,4.9,333.17,Sunita P,2023,December,4,51040.0,2500.96,48539.04,19323.86,29215.18,60.189035465060705
BT-03616,2023-12-22,Central,Salon Wholesale,Night Repair Cream 50ml,26,880.0,8.0,334.22,Suresh K,2023,December,4,22880.0,1830.4,21049.6,8689.720000000001,12359.879999999997,58.71788537549406
BT-00024,2023-12-23,Central,Online,Hair Serum 100ml,56,460.0,8.9,159.48,Suresh K,2023,December,4,25760.0,2292.6400000000003,23467.36,8930.88,14536.480000000001,61.94339712690308
BT-01006,2023-12-23,West,Salon Wholesale,Perfume 100ml EDP,4,1920.0,30.4,773.95,Nidhi C,2023,December,4,7680.0,2334.72,5345.280000000001,3095.8,2249.4800000000005,42.08348299808429
BT-01916,2023-12-23,South,Salon Wholesale,Hair Oil 200ml,29,400.0,21.3,152.84,Kiran T,2023,December,4,11600.0,2470.7999999999997,9129.2,4432.36,4696.840000000001,51.44853875476494
BT-02505,2023-12-23,South,Pharmacy,Eyeshadow Palette 9-shade,2,940.0,18.7,408.15,Priya R,2023,December,4,1880.0,351.56,1528.44,816.3,712.1400000000001,46.592604223914584
BT-03222,2023-12-23,North,Online,Hair Oil 200ml,17,390.0,7.8,146.44,Rohit K,2023,December,4,6630.0,517.14,6112.86,2489.48,3623.3799999999997,59.27470938316925
BT-03290,2023-12-23,South,Salon Wholesale,Blush Palette,50,790.0,21.3,344.99,Anand V,2023,December,4,39500.0,8413.5,31086.5,17249.5,13837.0,44.511283032827755
BT-03405,2023-12-23,South,Pharmacy,Mascara,36,430.0,18.2,151.92,Anand V,2023,December,4,15480.0,2817.36,12662.64,5469.12,7193.5199999999995,56.80900665264116
BT-03662,2023-12-23,South,General Trade,Under Eye Cream 15ml,27,540.0,16.4,172.96,Anand V,2023,December,4,14580.0,2391.12,12188.880000000001,4669.92,7518.960000000001,61.68704589757221
BT-03736,2023-12-23,North,Salon Wholesale,Face Wash 100ml,13,180.0,5.8,52.02,Anjali M,2023,December,4,2340.0,135.72,2204.28,676.26,1528.0200000000002,69.32059447983015
BT-03823,2023-12-23,Central,General Trade,BB Cream 30ml,19,600.0,7.5,201.6,Suresh K,2023,December,4,11400.0,855.0,10545.0,3830.4,6714.6,63.67567567567568
BT-04454,2023-12-23,North,Pharmacy,Rose Water Toner 200ml,51,350.0,9.3,95.97,Rohit K,2023,December,4,17850.0,1660.0500000000002,16189.95,4894.47,11295.48,69.76846747519294
BT-00162,2023-12-24,Central,Pharmacy,Mascara,2,540.0,7.5,228.15,Sunita P,2023,December,4,1080.0,81.0,999.0,456.3,542.7,54.32432432432432
BT-01129,2023-12-24,East,General Trade,Mascara,19,500.0,10.6,203.65,Sneha B,2023,December,4,9500.0,1007.0,8493.0,3869.35,4623.65,54.4407158836689
BT-01517,2023-12-24,South,Modern Trade,Mascara,23,520.0,19.4,220.95,Kiran T,2023,December,4,11960.0,2320.24,9639.76,5081.849999999999,4557.910000000001,47.28240122160719
BT-02054,2023-12-24,North,Pharmacy,Hair Oil 200ml,42,260.0,11.0,87.28,Anjali M,2023,December,4,10920.0,1201.2,9718.8,3665.76,6053.039999999999,62.28176318063958
BT-02395,2023-12-24,North,Salon Wholesale,Hair Serum 100ml,28,560.0,6.4,237.83,Anjali M,2023,December,4,15680.0,1003.52,14676.48,6659.240000000001,8017.239999999999,54.626449938949925
BT-02839,2023-12-24,East,Salon Wholesale,Face Wash 100ml,44,310.0,13.8,79.11,Pooja N,2023,December,4,13640.0,1882.3200000000002,11757.68,3480.84,8276.84,70.3951800014969
BT-03135,2023-12-24,South,Salon Wholesale,Hair Oil 200ml,50,290.0,19.3,87.52,Anand V,2023,December,4,14500.0,2798.5,11701.5,4376.0,7325.5,62.60308507456309
BT-03559,2023-12-24,South,Online,Nail Polish Set (12pc),38,600.0,12.7,244.5,Anand V,2023,December,4,22800.0,2895.6,19904.4,9291.0,10613.400000000001,53.32187857961054
BT-03668,2023-12-24,Central,General Trade,Under Eye Cream 15ml,41,680.0,6.0,224.26,Vikram N,2023,December,4,27880.0,1672.8,26207.2,9194.66,17012.54,64.91551939924906
BT-04256,2023-12-24,North,Salon Wholesale,Nail Polish Set (12pc),26,410.0,12.6,180.36,Anjali M,2023,December,4,10660.0,1343.16,9316.84,4689.360000000001,4627.48,49.66791315510409
BT-04854,2023-12-24,South,Pharmacy,Hair Serum 100ml,11,400.0,24.4,138.24,Kiran T,2023,December,4,4400.0,1073.6,3326.4,1520.64,1805.76,54.285714285714285
BT-00570,2023-12-25,East,Modern Trade,Rose Water Toner 200ml,16,220.0,11.0,61.14,Meena G,2023,December,4,3520.0,387.2,3132.8,978.24,2154.5600000000004,68.77425944841676
BT-00842,2023-12-25,East,General Trade,Night Repair Cream 50ml,56,750.0,7.9,261.98,Pooja N,2023,December,4,42000.0,3318.0,38682.0,14670.880000000001,24011.12,62.07310893955845
BT-00976,2023-12-25,West,Pharmacy,Compact Powder,30,290.0,28.6,111.1,Priya S,2023,December,4,8700.0,2488.2000000000003,6211.799999999999,3333.0,2878.7999999999993,46.34405486332464
BT-01395,2023-12-25,East,Salon Wholesale,Vitamin C Face Serum 30ml,60,690.0,9.0,199.69,Sneha B,2023,December,4,41400.0,3726.0,37674.0,11981.4,25692.6,68.1971651536869
BT-01443,2023-12-25,North,Pharmacy,Nail Polish Set (12pc),8,640.0,14.2,291.2,Rohit K,2023,December,4,5120.0,727.04,4392.96,2329.6,2063.36,46.96969696969697
BT-01653,2023-12-25,West,Online,Compact Powder,15,320.0,33.5,118.85,Nidhi C,2023,December,4,4800.0,1608.0,3192.0,1782.75,1409.25,44.149436090225564
BT-01692,2023-12-25,North,Online,Lip Gloss,24,180.0,12.8,51.34,Anjali M,2023,December,4,4320.0,552.96,3767.04,1232.16,2534.88,67.29102956167176
BT-01757,2023-12-25,East,General Trade,Lip Gloss,5,220.0,12.9,77.33,Sneha B,2023,December,4,1100.0,141.9,958.1,386.65,571.45,59.644087256027554
BT-02307,2023-12-25,East,Pharmacy,BB Cream 30ml,47,510.0,11.9,176.1,Sneha B,2023,December,4,23970.0,2852.4300000000003,21117.57,8276.699999999999,12840.87,60.806570074113644
BT-02350,2023-12-25,South,Online,Under Eye Cream 15ml,51,580.0,19.9,179.68,Anand V,2023,December,4,29580.0,5886.419999999999,23693.58,9163.68,14529.900000000001,61.32420681045245
BT-03037,2023-12-25,West,Modern Trade,Hair Serum 100ml,26,560.0,33.0,239.06,Rahul D,2023,December,4,14560.0,4804.8,9755.2,6215.56,3539.6400000000003,36.28464818763326
BT-03454,2023-12-25,East,General Trade,Rose Water Toner 200ml,34,300.0,5.9,82.95,Pooja N,2023,December,4,10200.0,601.8000000000001,9598.2,2820.3,6777.900000000001,70.6163655685441
BT-03824,2023-12-25,West,Online,Mascara,17,330.0,42.8,130.75,Priya S,2023,December,4,5610.0,2401.08,3208.92,2222.75,986.1700000000001,30.732146641237552
BT-01043,2023-12-26,Central,Pharmacy,Mascara,60,430.0,4.1,165.64,Sunita P,2023,December,4,25800.0,1057.8,24742.2,9938.4,14803.800000000001,59.83218953852123
BT-01283,2023-12-26,South,Pharmacy,Perfume 100ml EDP,44,2490.0,22.4,1253.71,Priya R,2023,December,4,109560.0,24541.44,85018.56,55163.240000000005,29855.319999999992,35.11623814847017
BT-01820,2023-12-26,South,Online,Matte Lipstick,42,290.0,21.0,97.3,Kiran T,2023,December,4,12180.0,2557.7999999999997,9622.2,4086.6,5535.6,57.52946311654299
BT-02032,2023-12-26,West,General Trade,Face Wash 100ml,52,190.0,29.5,56.77,Rahul D,2023,December,4,9880.0,2914.6,6965.4,2952.04,4013.3599999999997,57.61851437103397
BT-02325,2023-12-26,West,Pharmacy,Face Wash 100ml,48,310.0,27.5,96.94,Rahul D,2023,December,4,14880.0,4092.0000000000005,10788.0,4653.12,6134.88,56.86763070077865
BT-02931,2023-12-26,Central,Salon Wholesale,Micellar Cleansing Water,22,340.0,10.8,97.14,Suresh K,2023,December,4,7480.0,807.8400000000001,6672.16,2137.08,4535.08,67.97019256132947
BT-03225,2023-12-26,East,Online,Vitamin C Face Serum 30ml,4,690.0,16.2,205.62,Meena G,2023,December,4,2760.0,447.12,2312.88,822.48,1490.4,64.43914081145586
BT-03499,2023-12-26,East,Online,Micellar Cleansing Water,48,410.0,15.7,144.65,Meena G,2023,December,4,19680.0,3089.76,16590.239999999998,6943.200000000001,9647.039999999997,58.148887538697444
BT-03741,2023-12-26,Central,General Trade,Under Eye Cream 15ml,28,820.0,9.3,239.52,Suresh K,2023,December,4,22960.0,2135.28,20824.72,6706.56,14118.16,67.79519724634953
BT-04427,2023-12-26,East,Pharmacy,Kajal Eye Pencil,3,200.0,9.0,54.94,Pooja N,2023,December,4,600.0,54.0,546.0,164.82,381.18,69.81318681318682
BT-04696,2023-12-26,North,General Trade,Hair Oil 200ml,34,260.0,5.1,103.01,Anjali M,2023,December,4,8840.0,450.84,8389.16,3502.34,4886.82,58.25160087541541
BT-04743,2023-12-26,North,Salon Wholesale,Under Eye Cream 15ml,56,740.0,8.0,220.89,Rohit K,2023,December,4,41440.0,3315.2000000000003,38124.8,12369.84,25754.960000000003,67.55434782608695
BT-00170,2023-12-27,Central,Salon Wholesale,Kajal Eye Pencil,5,180.0,5.7,60.52,Sunita P,2023,December,4,900.0,51.300000000000004,848.7,302.6,546.1,64.34546954165194
BT-00718,2023-12-27,East,Modern Trade,Blush Palette,57,650.0,10.1,265.85,Meena G,2023,December,4,37050.0,3742.0499999999997,33307.95,15153.45,18154.499999999996,54.50500556173525
BT-01150,2023-12-27,South,Pharmacy,Nail Polish Set (12pc),39,590.0,12.8,277.59,Anand V,2023,December,4,23010.0,2945.28,20064.72,10826.009999999998,9238.710000000003,46.04454983672836
BT-01169,2023-12-27,North,Modern Trade,Lip Gloss,40,260.0,6.8,90.35,Rohit K,2023,December,4,10400.0,707.2,9692.8,3614.0,6078.799999999999,62.714592274678104
BT-01384,2023-12-27,West,Pharmacy,SPF 50 Sunscreen 100g,20,500.0,23.5,208.35,Rahul D,2023,December,4,10000.0,2350.0,7650.0,4167.0,3483.0,45.529411764705884
BT-02524,2023-12-27,North,Pharmacy,Night Repair Cream 50ml,27,1010.0,11.9,348.15,Deepa S,2023,December,4,27270.0,3245.13,24024.87,9400.05,14624.82,60.87366965981502
BT-02734,2023-12-27,West,Online,Blush Palette,36,630.0,37.1,295.47,Nidhi C,2023,December,4,22680.0,8414.28,14265.72,10636.920000000002,3628.7999999999975,25.437201907790126
BT-02863,2023-12-27,South,Online,Kajal Eye Pencil,59,160.0,22.7,54.03,Anand V,2023,December,4,9440.0,2142.8799999999997,7297.120000000001,3187.77,4109.35,56.314683053040106
BT-02878,2023-12-27,West,Pharmacy,Kajal Eye Pencil,30,150.0,38.4,52.41,Priya S,2023,December,4,4500.0,1728.0,2772.0,1572.3,1199.7,43.27922077922078
BT-03452,2023-12-27,West,Online,Vitamin C Face Serum 30ml,56,680.0,43.6,195.5,Priya S,2023,December,4,38080.0,16602.88,21477.12,10948.0,10529.119999999999,49.02482269503546
BT-03655,2023-12-27,Central,Online,Rose Water Toner 200ml,40,270.0,7.4,77.46,Vikram N,2023,December,4,10800.0,799.2000000000002,10000.8,3098.3999999999996,6902.4,69.01847852171827
BT-04702,2023-12-27,North,Modern Trade,Mascara,48,440.0,7.7,164.25,Anjali M,2023,December,4,21120.0,1626.24,19493.76,7884.0,11609.759999999998,59.55628878164089
BT-00608,2023-12-28,West,Salon Wholesale,Under Eye Cream 15ml,25,740.0,36.0,260.85,Rahul D,2023,December,4,18500.0,6660.0,11840.0,6521.250000000001,5318.749999999999,44.92187499999999
BT-00665,2023-12-28,Central,Salon Wholesale,Vitamin C Face Serum 30ml,44,540.0,7.0,179.82,Sunita P,2023,December,4,23760.0,1663.2,22096.8,7912.08,14184.72,64.19354838709678
BT-01180,2023-12-28,Central,General Trade,Blush Palette,3,690.0,6.1,292.35,Sunita P,2023,December,4,2070.0,126.27,1943.73,877.0500000000001,1066.6799999999998,54.87799231374727
BT-01730,2023-12-28,West,Modern Trade,Mascara,2,500.0,28.9,183.65,Priya S,2023,December,4,1000.0,289.0,711.0,367.3,343.7,48.34036568213783
BT-02481,2023-12-28,West,General Trade,Vitamin C Face Serum 30ml,31,580.0,37.2,175.33,Rahul D,2023,December,4,17980.0,6688.560000000001,11291.439999999999,5435.2300000000005,5856.209999999998,51.86415550186689
BT-02675,2023-12-28,South,Online,Kajal Eye Pencil,54,180.0,12.4,52.6,Anand V,2023,December,4,9720.0,1205.28,8514.72,2840.4,5674.32,66.64129883307966
BT-03371,2023-12-28,East,Salon Wholesale,Night Repair Cream 50ml,27,720.0,12.4,291.96,Pooja N,2023,December,4,19440.0,2410.56,17029.44,7882.919999999999,9146.52,53.710045662100455
BT-03936,2023-12-28,East,General Trade,Mascara,58,550.0,14.3,218.19,Sneha B,2023,December,4,31900.0,4561.700000000001,27338.3,12655.02,14683.279999999999,53.70955765354831
BT-04099,2023-12-28,Central,General Trade,Matte Lipstick,26,480.0,9.3,145.68,Suresh K,2023,December,4,12480.0,1160.64,11319.36,3787.6800000000003,7531.68,66.5380374862183
BT-04826,2023-12-28,South,Online,Perfume 100ml EDP,22,1850.0,19.2,877.46,Kiran T,2023,December,4,40700.0,7814.400000000001,32885.6,19304.120000000003,13581.479999999996,41.299170457586285
BT-04964,2023-12-28,East,Online,Matte Lipstick,31,320.0,14.1,111.17,Sneha B,2023,December,4,9920.0,1398.7199999999998,8521.28,3446.27,5075.01,59.55689755529685
BT-04994,2023-12-28,West,Modern Trade,Hair Oil 200ml,55,390.0,38.8,150.38,Priya S,2023,December,4,21450.0,8322.599999999999,13127.400000000001,8270.9,4856.500000000002,36.99513993631642
BT-00599,2023-12-29,North,Modern Trade,Micellar Cleansing Water,30,440.0,12.1,131.34,Anjali M,2023,December,4,13200.0,1597.2,11602.8,3940.2000000000003,7662.5999999999985,66.04095563139931
BT-03011,2023-12-29,Central,Modern Trade,Mascara,15,320.0,6.2,128.1,Suresh K,2023,December,4,4800.0,297.6,4502.4,1921.5,2580.8999999999996,57.322761194029844
BT-03489,2023-12-29,Central,Pharmacy,Rose Water Toner 200ml,49,250.0,11.5,64.3,Sunita P,2023,December,4,12250.0,1408.75,10841.25,3150.7,7690.55,70.93785310734464
BT-03504,2023-12-29,South,Salon Wholesale,Blush Palette,56,520.0,23.3,202.44,Priya R,2023,December,4,29120.0,6784.96,22335.04,11336.64,10998.400000000001,49.24280413198275
BT-03580,2023-12-29,Central,Online,Matte Lipstick,42,420.0,6.1,165.52,Vikram N,2023,December,4,17640.0,1076.04,16563.96,6951.84,9612.119999999999,58.030326081444294
BT-03922,2023-12-29,West,Online,Hair Serum 100ml,43,610.0,31.3,261.38,Nidhi C,2023,December,4,26230.0,8209.99,18020.010000000002,11239.34,6780.670000000002,37.628558474717835
BT-04709,2023-12-29,South,General Trade,Hydrating Moisturiser 50ml,52,590.0,21.3,183.37,Kiran T,2023,December,4,30680.0,6534.84,24145.16,9535.24,14609.92,60.508689940344155
BT-00217,2023-12-30,East,Pharmacy,SPF 50 Sunscreen 100g,18,540.0,8.0,190.84,Meena G,2023,December,4,9720.0,777.6,8942.4,3435.12,5507.28,61.58615136876007
BT-00394,2023-12-30,South,General Trade,Blush Palette,17,630.0,30.0,252.82,Priya R,2023,December,4,10710.0,3213.0,7497.0,4297.94,3199.0600000000004,42.67120181405896
BT-00687,2023-12-30,South,Modern Trade,Hair Serum 100ml,39,400.0,15.1,154.12,Kiran T,2023,December,4,15600.0,2355.6,13244.4,6010.68,7233.719999999999,54.61719670200236
BT-00807,2023-12-30,North,Salon Wholesale,Micellar Cleansing Water,28,400.0,9.5,119.88,Anjali M,2023,December,4,11200.0,1064.0,10136.0,3356.64,6779.360000000001,66.8839779005525
BT-00849,2023-12-30,East,Salon Wholesale,Blush Palette,53,490.0,14.3,226.33,Sneha B,2023,December,4,25970.0,3713.7100000000005,22256.29,11995.49,10260.800000000001,46.10292191555736
BT-00955,2023-12-30,East,Pharmacy,Matte Lipstick,26,490.0,6.6,187.23,Pooja N,2023,December,4,12740.0,840.84,11899.16,4867.98,7031.18,59.089717257352625
BT-01050,2023-12-30,South,Salon Wholesale,Under Eye Cream 15ml,4,880.0,29.9,265.41,Priya R,2023,December,4,3520.0,1052.48,2467.52,1061.64,1405.8799999999999,56.97542471793541
BT-01613,2023-12-30,South,General Trade,Nail Polish Set (12pc),7,380.0,18.5,168.61,Anand V,2023,December,4,2660.0,492.09999999999997,2167.9,1180.27,987.6300000000001,45.55699063609946
BT-02035,2023-12-30,North,Salon Wholesale,BB Cream 30ml,57,490.0,8.3,181.01,Rohit K,2023,December,4,27930.0,2318.19,25611.81,10317.57,15294.240000000002,59.715576525048405
BT-02083,2023-12-30,Central,Modern Trade,Night Repair Cream 50ml,51,720.0,11.2,242.86,Vikram N,2023,December,4,36720.0,4112.639999999999,32607.36,12385.86,20221.5,62.01514014014013
BT-02246,2023-12-30,Central,Pharmacy,Hair Oil 200ml,13,280.0,11.3,90.47,Sunita P,2023,December,4,3640.0,411.32,3228.68,1176.11,2052.5699999999997,63.57303913673699
BT-02416,2023-12-30,Central,General Trade,Blush Palette,22,760.0,8.6,322.92,Vikram N,2023,December,4,16720.0,1437.9199999999998,15282.08,7104.240000000001,8177.839999999999,53.51261084878498
BT-02562,2023-12-30,East,Online,Hair Serum 100ml,21,470.0,9.4,192.42,Meena G,2023,December,4,9870.0,927.78,8942.22,4040.8199999999997,4901.4,54.81189234887981
BT-02818,2023-12-30,West,General Trade,Vitamin C Face Serum 30ml,41,480.0,33.4,171.12,Nidhi C,2023,December,4,19680.0,6573.119999999999,13106.880000000001,7015.92,6090.960000000001,46.471471471471475
BT-03385,2023-12-30,South,Modern Trade,Kajal Eye Pencil,24,220.0,20.7,75.35,Priya R,2023,December,4,5280.0,1092.96,4187.04,1808.3999999999999,2378.6400000000003,56.80958385876419
BT-04067,2023-12-30,South,Online,Vitamin C Face Serum 30ml,50,730.0,28.2,249.81,Priya R,2023,December,4,36500.0,10292.999999999998,26207.0,12490.5,13716.5,52.339069714198494
BT-04149,2023-12-30,West,Pharmacy,Mascara,3,340.0,40.9,137.26,Nidhi C,2023,December,4,1020.0,417.17999999999995,602.82,411.78,191.04000000000008,31.691052055339913
BT-04452,2023-12-30,Central,Modern Trade,Lip Gloss,16,190.0,9.6,62.72,Vikram N,2023,December,4,3040.0,291.84000000000003,2748.16,1003.52,1744.6399999999999,63.48393106660456
BT-04494,2023-12-30,Central,Online,Compact Powder,5,460.0,6.6,167.9,Sunita P,2023,December,4,2300.0,151.8,2148.2,839.5,1308.6999999999998,60.92077087794432
BT-00187,2023-12-31,North,Salon Wholesale,Face Wash 100ml,42,200.0,12.6,57.72,Anjali M,2023,December,4,8400.0,1058.4,7341.6,2424.24,4917.360000000001,66.97940503432494
BT-00257,2023-12-31,South,Modern Trade,Hydrating Moisturiser 50ml,13,400.0,13.0,123.48,Anand V,2023,December,4,5200.0,676.0,4524.0,1605.24,2918.76,64.51724137931035
BT-00500,2023-12-31,North,Salon Wholesale,Eyeshadow Palette 9-shade,9,950.0,5.3,396.72,Deepa S,2023,December,4,8550.0,453.15,8096.85,3570.4800000000005,4526.37,55.902851108764516
BT-00579,2023-12-31,South,General Trade,SPF 50 Sunscreen 100g,28,340.0,17.7,146.88,Anand V,2023,December,4,9520.0,1685.04,7834.96,4112.639999999999,3722.3200000000006,47.50911300121508
BT-01597,2023-12-31,North,Modern Trade,Hair Oil 200ml,37,420.0,4.4,155.53,Deepa S,2023,December,4,15540.0,683.7600000000001,14856.24,5754.61,9101.630000000001,61.26469416218371
BT-01850,2023-12-31,South,Salon Wholesale,Hair Oil 200ml,57,350.0,13.6,135.77,Anand V,2023,December,4,19950.0,2713.2000000000003,17236.8,7738.89,9497.91,55.10251322751323
BT-02595,2023-12-31,North,Pharmacy,BB Cream 30ml,30,630.0,9.2,239.27,Anjali M,2023,December,4,18900.0,1738.8,17161.2,7178.1,9983.1,58.17250541920146
BT-03853,2023-12-31,West,General Trade,Night Repair Cream 50ml,8,910.0,38.3,351.08,Priya S,2023,December,4,7280.0,2788.24,4491.76,2808.64,1683.1200000000003,37.471280745186746
BT-04158,2023-12-31,East,Online,Hair Oil 200ml,9,310.0,12.9,118.02,Meena G,2023,December,4,2790.0,359.91,2430.09,1062.18,1367.91,56.290507758971884
BT-04303,2023-12-31,Central,Salon Wholesale,Mascara,10,380.0,6.5,160.02,Vikram N,2023,December,4,3800.0,247.0,3553.0,1600.2,1952.8,54.96200394033212
BT-04703,2023-12-31,Central,Salon Wholesale,Hair Oil 200ml,34,390.0,12.3,149.45,Suresh K,2023,December,4,13260.0,1630.9800000000002,11629.02,5081.299999999999,6547.720000000001,56.30500248516213
